timestamp,price_eur_mwh,hour,day_of_week,month,is_weekend,is_holiday_nl,is_working_day,is_winter,is_summer,load_forecast,load_actual,imbalance_price,balance_delta,flow_NL→DE,flow_DE→NL,flow_NL→BE,flow_BE→NL,flow_NL→NO,flow_NO→NL,flow_NL→GB,flow_GB→NL,flow_NL→DK,flow_DK→NL,flow_NL_DE_net,flow_NL_BE_net,flow_NL_NO_net,flow_NL_GB_net,flow_NL_DK_net,flow_total_net_position,wind_wind_speed_10m,wind_wind_speed_80m,wind_wind_speed_120m,wind_wind_speed_180m,wind_wind_direction_10m,wind_wind_direction_80m,wind_wind_direction_120m,wind_wind_direction_180m,wind_wind_gusts_10m,wind_temperature,wind_pressure,wind_air_density,solar_ghi,solar_direct,solar_dhi,solar_dni,solar_cloud_cover,weather_temperature,weather_feels_like,weather_dew_point,weather_humidity,weather_pressure,weather_visibility,weather_cloud_cover,weather_wind_speed,weather_wind_direction,weather_precipitation_probability,weather_uv_index,weather_thunderstorm_probability,ned_actual_solar_kwh,ned_actual_wind_offshore_kwh,ned_actual_wind_onshore_kwh,market_carbon,market_gas,hour_sin,hour_cos,dow_sin,dow_cos,month_sin,month_cos,price_lag_1h,price_lag_24h,price_lag_168h,price_roll24_mean,price_roll24_std,target
2025-12-08 00:00:00+00:00,9.022499999999999,1.0,0.0,12.0,False,False,True,True,False,10820.762999999999,9164.5075,1.648,-9.116666666666667,788.60167,1676.4625,569.20175,0.0,545.0550000000001,0.0,1003.1625,0.0,661.0425,0.0,887.85,-569.2,-545.075,-1003.15,-661.05,-1463.725,13.04,16.9125,17.855,19.4,246.75,248.5,248.75,251.0,15.675,11.525,1002.3,1.22655,0.0,0.0,0.0,0.0,56.75,10.875,8.25,9.049999999999999,88.5,1004.49,15.0,71.5,24.5,257.5,32.5,0.0,5.0,0.0,4155216.0,6575341.0,27.55,15.07,0.0,1.0,0.0,1.0,-2.4492935982947064e-16,1.0,16.0025,58.2575,83.535,70.82,24.276775659321988,10.3325
2025-12-08 01:00:00+00:00,10.3325,2.0,0.0,12.0,False,False,True,True,False,10725.49575,9069.697,2.5148333333333333,17.9,490.8725025,1713.71,1111.791,0.0,528.5775,0.0,1012.85,0.0,539.425,0.0,1222.85,-1111.8,-528.6,-1012.85,-539.425,-1135.975,12.795,16.3575,17.195,18.3475,247.0,248.75,248.75,251.0,16.2,11.375,1003.7,1.228925,0.0,0.0,0.0,0.0,43.0,10.725,8.0,8.9,88.75,1005.3,15.0,68.75,22.5,255.0,20.0,0.0,5.0,0.0,4130521.0,5966727.0,27.55,15.07,0.25881904510252074,0.9659258262890683,0.0,1.0,-2.4492935982947064e-16,1.0,9.022499999999999,53.9525,78.395,69.0025,27.066960436713497,5.57
2025-12-08 02:00:00+00:00,5.57,3.0,0.0,12.0,False,False,True,True,False,10729.7915,9307.07175,3.9130833333333332,48.8,330.0516575,1731.685,1096.66575,0.0,499.405,0.0,768.845,0.0,364.235,0.0,1401.625,-1096.7,-499.4,-768.875,-364.25,-505.0,12.905,16.35,17.2075,18.325,244.75,246.25,246.25,248.5,16.425,11.375,1004.725,1.230175,0.0,0.0,0.0,0.0,26.25,10.5,7.75,8.825,89.5,1006.1525,14.75,64.25,22.5,251.25,12.5,0.0,5.0,0.0,4027857.0,5145306.0,27.55,15.07,0.49999999999999994,0.8660254037844387,0.0,1.0,-2.4492935982947064e-16,1.0,10.3325,51.7175,67.435,67.0796875,29.844849405540767,10.809999999999999
2025-12-08 03:00:00+00:00,10.809999999999999,4.0,0.0,12.0,False,False,True,True,False,10785.948,9539.494999999999,1.3999166666666667,16.316666666666666,11.00333,1855.3424975,982.40825,0.0,580.915,0.0,968.9200000000001,0.0,488.21500000000003,0.0,1844.325,-982.4,-580.925,-968.925,-488.225,-439.325,12.0225,15.3775,16.1775,17.34,239.5,241.5,241.75,244.75,14.725,11.0,1005.1,1.23225,0.0,0.0,0.0,0.0,31.25,10.45,8.0,8.875,90.0,1006.8775,14.75,69.0,22.25,247.5,15.0,0.0,5.0,0.0,3974499.0,4528071.0,27.55,15.07,0.7071067811865475,0.7071067811865476,0.0,1.0,-2.4492935982947064e-16,1.0,5.57,60.44,62.61,65.01177083333333,31.968739762454693,25.0025
2025-12-08 04:00:00+00:00,25.0025,5.0,0.0,12.0,False,False,True,True,False,11294.934249999998,10024.56975,-0.5676666666666667,-101.1,275.1833175,1213.26417,680.25625,0.0,516.905,0.0,490.39,0.0,15.97,360.85,938.075,-680.3,-516.9,-490.42499999999995,344.9,105.6,10.9375,14.415,15.1225,16.785,233.25,236.75,236.75,242.25,14.025,11.125,1005.6,1.232325,0.0,0.0,0.0,0.0,26.5,10.375,7.75,8.925,91.0,1007.35,15.25,73.0,21.75,242.5,17.5,0.0,5.0,0.0,3684318.0,4005824.0,27.55,15.07,0.8660254037844386,0.5000000000000001,0.0,1.0,-2.4492935982947064e-16,1.0,10.809999999999999,62.004999999999995,60.0,63.470000000000006,32.99582260285588,59.9975
2025-12-08 05:00:00+00:00,59.9975,6.0,0.0,12.0,False,False,True,True,False,12454.0035,11078.277,1.1737499999999996,-23.383333333333333,300.9816725,671.79925,1750.7955,0.0,55.5425,161.6825,0.0,948.025,0.0,562.9775,370.8,-1750.8,106.1,948.025,562.975,1550.275,10.807500000000001,14.4675,15.217500000000001,16.7725,225.5,230.0,230.0,237.5,13.3,11.2,1006.225,1.232775,0.0,0.0,0.0,0.0,99.5,10.425,8.0,9.15,91.75,1007.96,13.0,80.0,20.75,237.5,16.25,0.0,2.5,0.0,3580890.0,3955254.0,27.55,15.07,0.9659258262890683,0.25881904510252074,0.0,1.0,-2.4492935982947064e-16,1.0,25.0025,63.72,67.5775,63.31489583333334,33.00334468787229,77.6775
2025-12-08 06:00:00+00:00,77.6775,7.0,0.0,12.0,False,False,True,True,False,14324.312750000001,12207.8875,12.696916666666668,188.95,102.968335,990.6685875000001,1724.38975,0.0,0.0,493.645,0.0,462.8725,0.0,690.23,887.725,-1724.4,493.625,462.875,690.2249999999999,2103.325,10.53,14.0675,14.855,15.865,219.25,223.25,223.5,231.5,12.725000000000001,11.0,1006.5,1.234,0.0,0.0,0.0,0.0,93.5,10.625,8.0,9.425,92.75,1008.5625,13.25,82.75,21.25,231.25,15.0,0.0,2.5,0.0,3782231.0,3464906.0,27.55,15.07,1.0,6.123233995736766e-17,0.0,1.0,-2.4492935982947064e-16,1.0,59.9975,77.0075,89.5925,63.3428125,33.0157115291877,90.9425
2025-12-08 07:00:00+00:00,90.9425,8.0,0.0,12.0,False,False,True,True,False,15148.6665,12888.57175,22.1475,131.5,227.93167499999998,1087.3625000000002,2054.6345,0.0,0.0,622.4875,0.35250000000000004,0.0625,0.0,586.6725,859.425,-2054.6,622.5,-0.30000000000000004,586.675,1554.625,10.594999999999999,14.142499999999998,14.9275,16.415,222.5,226.75,227.0,233.75,13.350000000000001,11.2,1006.85,1.23355,0.0,0.0,0.0,0.0,90.75,10.675,8.0,9.5,92.75,1009.315,13.0,85.5,23.25,230.0,10.0,0.0,2.5,0.0,3717315.0,3418260.0,27.55,15.07,0.9659258262890683,-0.25881904510252063,0.0,1.0,-2.4492935982947064e-16,1.0,77.6775,80.0925,99.485,63.79489583333333,33.32784538457013,91.3775
2025-12-08 08:00:00+00:00,91.3775,9.0,0.0,12.0,False,False,True,True,False,15386.97975,13303.007,5.472583333333334,52.233333333333334,0.0,1370.7758274999999,1846.51775,0.0,0.0,622.8499999999999,550.9225,0.0,0.0,555.1600000000001,1370.775,-1846.5,622.85,-550.9,555.15,1536.25,10.32,13.9,14.684999999999999,16.475,219.25,223.75,224.25,230.25,12.899999999999999,11.375,1007.1,1.2330999999999999,1.5,0.0,1.5,0.0,65.75,10.8,8.0,9.65,92.5,1009.9875,13.0,85.75,24.75,226.25,12.5,0.0,2.5,429492.0,3661803.0,3646640.0,27.55,15.07,0.8660254037844387,-0.49999999999999983,0.0,1.0,-2.4492935982947064e-16,1.0,90.9425,85.555,102.67,64.03750000000001,33.51380426163167,85.02
2025-12-08 09:00:00+00:00,85.02,10.0,0.0,12.0,False,False,True,True,False,15075.89525,12906.01375,5.5835,-4.066666666666666,0.0,1779.9541675,2202.018,0.0,0.0,622.6099999999999,1014.125,0.0,0.0,696.1275,1779.975,-2202.0,622.625,-1014.1,696.15,1534.075,10.8125,14.567499999999999,15.405000000000001,17.064999999999998,215.0,218.75,219.25,225.5,13.625,11.175,1007.275,1.23415,30.25,4.375,25.875,41.175,95.5,10.825,8.0,9.75,93.0,1010.6899999999999,12.5,85.0,26.5,227.5,15.0,0.0,5.0,1453698.0,3721635.0,3876135.0,27.55,15.07,0.7071067811865476,-0.7071067811865475,0.0,1.0,-2.4492935982947064e-16,1.0,91.3775,82.715,85.8025,64.13354166666666,33.57290682649928,76.5525
2025-12-08 10:00:00+00:00,76.5525,11.0,0.0,12.0,False,False,True,True,False,14493.90225,12823.798999999999,4.568583333333334,20.233333333333334,0.0,1578.59001,1983.05875,0.0,0.0,622.73,1012.2750000000001,0.0,0.0,699.77,1578.575,-1983.1,622.7,-1012.275,699.8,1393.075,10.959999999999999,14.74,15.5725,17.447499999999998,213.5,218.25,218.75,225.75,13.475,11.35,1008.075,1.2344,55.75,6.775,48.975,38.425,99.75,11.175,8.5,9.9,92.0,1011.1800000000001,13.5,88.75,26.75,227.5,17.5,0.0,7.5,1864855.0,3633305.0,4774372.0,27.55,15.07,0.49999999999999994,-0.8660254037844387,0.0,1.0,-2.4492935982947064e-16,1.0,85.02,88.405,79.87,63.6396875,33.28630421052972,72.60249999999999
2025-12-08 11:00:00+00:00,72.60249999999999,12.0,0.0,12.0,False,False,True,True,False,14048.93275,13239.949,6.698333333333333,111.18166666666666,0.0,1602.798335,2314.66325,0.0,0.0,612.61,520.825,0.0,0.0,700.0875,1602.8,-2314.7,612.6,-520.825,700.075,1816.025,11.1375,15.0975,16.0075,18.5575,218.25,222.75,223.0,228.5,13.65,11.35,1008.275,1.234625,52.0,3.9,48.099999999999994,16.675,100.0,11.425,8.75,9.9,90.25,1011.5525,15.0,91.25,27.75,228.75,15.0,0.0,5.0,1238011.0,3985915.0,5030338.0,27.55,15.07,0.258819045102521,-0.9659258262890682,0.0,1.0,-2.4492935982947064e-16,1.0,76.5525,87.1,76.99,63.035625,32.972111702708304,76.7425
2025-12-08 12:00:00+00:00,76.7425,13.0,0.0,12.0,False,False,True,True,False,14140.0735,13247.74,7.711666666666668,233.80666666666667,154.244165,961.2156725,2429.1205,0.0,0.0,622.6075,425.445,0.0,0.0,700.185,806.975,-2429.1,622.6,-425.45,700.1500000000001,1097.05,11.280000000000001,15.2525,16.1575,18.505000000000003,220.75,223.75,224.25,229.75,13.875,11.450000000000001,1008.225,1.23415,32.25,1.325,30.925,5.4,100.0,11.55,8.75,9.85,90.0,1011.615,16.0,93.75,28.75,233.75,21.25,0.0,5.0,868054.0,4041344.0,5014480.0,27.55,15.07,1.2246467991473532e-16,-1.0,0.0,1.0,-2.4492935982947064e-16,1.0,72.60249999999999,87.935,86.145,62.56927083333333,32.6825065100913,80.3175
2025-12-08 13:00:00+00:00,80.3175,14.0,0.0,12.0,False,False,True,True,False,14495.2245,13035.061,6.1705000000000005,140.675,799.6650025,661.2055,2744.488,0.0,0.0,622.8499999999999,0.0,149.9175,0.0,700.2,-138.47500000000002,-2744.5,622.85,149.9,700.2,648.375,10.83,14.74,15.604999999999999,17.7975,222.5,226.5,227.0,232.25,13.3,11.425,1008.475,1.23455,31.5,1.225,30.275,5.525,100.0,11.525,8.75,9.925,90.25,1011.88,15.25,93.75,28.0,233.75,22.5,0.0,5.0,771018.0,4032115.0,4909723.0,27.55,15.07,-0.2588190451025208,-0.9659258262890683,0.0,1.0,-2.4492935982947064e-16,1.0,76.7425,92.42999999999999,93.5,62.06458333333333,32.29253971984823,90.7475
2025-12-08 14:00:00+00:00,90.7475,15.0,0.0,12.0,False,False,True,True,False,14929.358,13284.34925,2.5349999999999997,-207.40333333333334,930.3558425,709.63575,2802.96825,0.0,0.0,622.5474999999999,0.0,546.7125000000001,0.0,700.2,-220.725,-2803.0,622.55,546.725,700.2,947.9749999999999,10.535,14.425,15.305,17.625,225.25,228.5,229.25,234.5,14.15,11.35,1008.575,1.2349999999999999,38.0,4.674999999999999,33.324999999999996,26.375,100.0,11.649999999999999,8.75,9.925,89.25,1012.2975,15.5,95.0,27.75,230.0,23.75,0.0,5.0,539359.0,3925571.0,5144588.0,27.55,15.07,-0.4999999999999998,-0.8660254037844388,0.0,1.0,-2.4492935982947064e-16,1.0,80.3175,92.7225,90.65,61.98229166666667,32.21343638375712,89.1575
2025-12-08 15:00:00+00:00,89.1575,16.0,0.0,12.0,False,False,True,True,False,15780.48525,13544.267,7.2589999999999995,76.20833333333333,841.44584,778.041,2748.40725,0.0,0.0,622.2425,0.0,414.1725,0.0,700.0575,-63.425,-2748.4,622.25,414.175,700.075,985.975,9.975,13.875,14.8375,16.942500000000003,226.0,229.25,230.0,234.5,13.325,11.45,1009.075,1.2352,14.25,0.125,14.125,1.325,100.0,11.625,8.75,10.024999999999999,90.25,1012.6975,15.5,96.25,27.25,231.25,30.0,0.0,5.0,29796.0,3857892.0,4679300.0,27.55,15.07,-0.7071067811865471,-0.7071067811865479,0.0,1.0,-2.4492935982947064e-16,1.0,90.7475,97.0375,93.3,61.65395833333334,31.87902620707283,102.5775
2025-12-08 16:00:00+00:00,102.5775,17.0,0.0,12.0,False,False,True,True,False,16110.124,13173.80446875,6.097916666666666,62.598333333333336,289.205835,988.736,2686.85225,0.0,0.0,622.5474999999999,132.6825,0.0,0.0,699.85,699.5,-2686.9,622.55,-132.675,699.9,1217.525,9.697500000000002,13.7325,14.567499999999999,17.0075,227.0,231.0,231.5,237.5,12.675,11.475,1009.075,1.235075,0.5,0.0,0.5,0.0,99.75,11.975,9.25,10.45,90.5,1012.7225,15.5,96.25,25.75,230.0,20.0,0.0,2.5,0.0,1235580.0,1405280.0,27.55,15.07,-0.8660254037844384,-0.5000000000000004,0.0,1.0,-2.4492935982947064e-16,1.0,89.1575,104.86749999999999,99.64,61.55854166666666,31.747215385562924,97.69
2025-12-08 17:00:00+00:00,97.69,18.0,0.0,12.0,False,False,True,True,False,15643.3565,12803.3419375,5.860666666666666,125.17166666666667,402.447505,982.52475,2725.90825,0.0,0.0,622.73,281.195,0.0,0.0,699.865,580.075,-2725.9,622.725,-281.2,699.9,940.0,9.3525,13.27,14.07,16.2725,222.75,227.5,228.0,234.5,12.175,11.45,1009.55,1.2357500000000001,0.0,0.0,0.0,0.0,100.0,11.7,9.0,10.45,92.25,1012.9875,14.25,96.25,26.75,222.5,13.75,0.0,2.5,0.0,1424119.25,1559623.625,27.55,15.07,-0.9659258262890683,-0.25881904510252063,0.0,1.0,-2.4492935982947064e-16,1.0,102.5775,88.6975,91.61500000000001,61.93322916666667,32.13217309089178,95.0
2025-12-08 18:00:00+00:00,95.0,19.0,0.0,12.0,False,False,True,True,False,15068.94775,12432.87940625,6.175333333333333,57.43333333333333,115.92166,979.3435,2893.86325,0.0,0.0,622.6675,735.39,0.0,0.0,699.42,863.425,-2893.9,622.675,-735.375,699.4,726.65,9.3375,13.0275,13.89,15.785,223.5,228.75,229.5,237.0,11.9,11.4,1010.025,1.236575,0.0,0.0,0.0,0.0,100.0,11.525,8.75,10.225,92.0,1013.25,14.5,97.5,26.75,226.25,21.25,0.0,10.0,0.0,1612658.5,1713967.25,27.55,15.07,-1.0,-1.8369701987210297e-16,0.0,1.0,-2.4492935982947064e-16,1.0,97.69,80.7975,86.7675,62.525,32.62174960486659,85.4925
2025-12-08 19:00:00+00:00,85.4925,20.0,0.0,12.0,False,False,True,True,False,14554.59175,12062.416874999999,4.698333333333333,40.01166666666667,168.38083,880.3077499999999,2394.31725,0.0,0.0,622.1274999999999,1071.3274999999999,0.0,0.0,700.4075,711.95,-2394.3,622.125,-1071.325,700.4,364.525,8.885,12.445,13.2,15.145000000000001,223.0,227.5,228.5,235.0,11.6,11.425,1010.175,1.236625,0.0,0.0,0.0,0.0,100.0,11.4,9.0,10.200000000000001,92.5,1013.395,13.75,97.5,25.5,223.75,21.25,0.0,10.0,0.0,1801197.75,1868310.875,27.55,15.07,-0.9659258262890684,0.2588190451025203,0.0,1.0,-2.4492935982947064e-16,1.0,95.0,74.8875,85.3875,62.96687500000001,32.867385150900176,79.05
2025-12-08 20:00:00+00:00,79.05,21.0,0.0,12.0,False,False,True,True,False,14020.62425,11691.95434375,1.51725,-124.96666666666667,0.0,1043.0979025,1730.929,0.0,0.0,616.8675,1061.9925,0.0,0.0,699.55,1043.125,-1730.9,616.85,-1062.025,699.5,864.7750000000001,8.59,12.0975,12.8625,14.6525,219.75,226.25,227.0,235.5,11.024999999999999,11.275,1010.7750000000001,1.238,0.0,0.0,0.0,0.0,100.0,11.3,8.5,10.075,92.5,1013.675,13.75,97.5,24.75,222.5,18.75,0.0,10.0,0.0,1989737.0,2022654.5,27.55,15.07,-0.8660254037844386,0.5000000000000001,0.0,1.0,-2.4492935982947064e-16,1.0,85.4925,65.775,77.0025,63.52,33.02800772105008,77.5325
2025-12-08 21:00:00+00:00,77.5325,22.0,0.0,12.0,False,False,True,True,False,13211.90725,11321.4918125,6.395083333333333,267.47999999999996,0.0,1372.3683325,2301.25225,0.0,0.0,621.5125,928.075,0.0,0.0,694.3199999999999,1372.375,-2301.3,621.5,-928.1,694.275,1184.825,8.6875,12.3425,13.115,14.14,221.0,226.5,227.5,236.75,10.85,11.3,1011.075,1.238275,0.0,0.0,0.0,0.0,100.0,11.2,8.75,9.975000000000001,92.25,1013.885,13.75,97.5,24.25,221.25,25.0,0.0,10.0,0.0,2178276.25,2176998.125,27.55,15.07,-0.7071067811865477,0.7071067811865474,0.0,1.0,-2.4492935982947064e-16,1.0,79.05,59.2625,76.39750000000001,64.28125,33.135984364171435,70.38
2025-12-08 22:00:00+00:00,70.38,23.0,0.0,12.0,False,False,True,True,False,12295.83375,10951.02928125,6.0841666666666665,137.05499999999998,0.0,1674.8922475,2192.7165,0.0,0.0,558.8775,958.36,0.0,0.0,483.40999999999997,1674.875,-2192.7,558.875,-958.35,483.4,1210.65,8.3025,11.715,12.415,13.45,212.75,220.75,222.25,230.25,10.55,11.125,1010.975,1.23895,0.0,0.0,0.0,0.0,100.0,11.225,8.75,9.975,93.0,1013.9649999999999,12.75,97.5,23.25,217.5,28.75,0.0,10.0,0.0,2366815.5,2331341.75,27.55,15.07,-0.5000000000000004,0.8660254037844384,0.0,1.0,-2.4492935982947064e-16,1.0,77.5325,37.5325,70.78,65.64989583333333,32.65803856432773,68.3125
2025-12-08 23:00:00+00:00,68.3125,0.0,1.0,12.0,False,False,True,True,False,11870.072250000001,10580.56675,7.0685,231.04333333333335,54.9341675,1521.265005,1939.79625,0.0,0.0,504.615,812.055,0.0,0.0,673.99,1466.325,-1939.8,504.625,-812.075,673.975,1347.925,9.772499999999999,13.452499999999999,14.3075,15.94,220.5,226.75,227.75,235.5,11.725000000000001,11.3,1010.55,1.23765,0.0,0.0,0.0,0.0,100.0,11.025,8.5,9.925,93.0,1014.01,12.75,93.75,22.0,212.5,31.25,0.0,10.0,0.0,2555354.75,2485685.375,27.55,15.07,-0.25881904510252157,0.9659258262890681,0.0,1.0,-2.4492935982947064e-16,1.0,70.38,16.0025,64.1025,67.82947916666667,30.89871507792749,68.005
2025-12-09 00:00:00+00:00,68.005,1.0,1.0,12.0,False,False,True,True,False,11555.7875,10362.191,6.324083333333333,140.45499999999998,503.585835,1497.835,1826.71425,0.0,0.0,342.28000000000003,0.03,26.272499999999997,0.0,626.2975,994.25,-1826.7,342.275,26.225,626.3,1532.3999999999999,8.8725,12.6525,13.445,14.6875,212.75,220.25,221.5,232.25,10.6,11.274999999999999,1010.875,1.238175,0.0,0.0,0.0,0.0,100.0,10.9,8.5,9.975,93.75,1013.875,11.75,98.25,19.5,206.25,32.5,0.0,10.0,0.0,2743894.0,2640029.0,27.77,32.64,0.0,1.0,0.7818314824680298,0.6234898018587336,-2.4492935982947064e-16,1.0,68.3125,9.022499999999999,59.144999999999996,70.28708333333334,28.25013891526712,68.5425
2025-12-09 01:00:00+00:00,68.5425,2.0,1.0,12.0,False,False,True,True,False,11455.0115,10222.271,4.9405833333333335,90.3,569.0358475,1484.9475,1546.16175,0.0,0.0,412.5675,0.0,353.3425,0.0,288.935,915.9,-1546.2,412.57500000000005,353.34999999999997,288.95,1584.225,8.9675,12.835,13.605,14.4775,210.0,216.0,217.0,226.25,10.95,11.475,1010.65,1.237,0.0,0.0,0.0,0.0,100.0,11.025,8.75,10.025,93.75,1013.5,12.0,98.25,19.5,202.5,33.75,0.0,10.0,0.0,2497831.0,2561375.0,27.77,32.64,0.25881904510252074,0.9659258262890683,0.7818314824680298,0.6234898018587336,-2.4492935982947064e-16,1.0,68.005,10.3325,54.085,72.7125,25.21466621613917,68.1925
2025-12-09 02:00:00+00:00,68.1925,3.0,1.0,12.0,False,False,True,True,False,11379.448,10379.996,2.0349999999999997,-44.75666666666667,822.089995,1429.0375000000001,1669.12775,0.0,0.0,544.1600000000001,0.0,767.755,0.0,258.6875,606.95,-1669.1,544.175,767.75,258.7,1760.275,8.7575,12.695,13.447500000000002,14.3725,206.25,212.75,213.75,223.75,10.65,11.475,1010.275,1.2365249999999999,0.0,0.0,0.0,0.0,100.0,11.125,9.25,10.125,93.25,1013.2025,11.75,98.75,19.75,200.0,35.0,0.0,10.0,0.0,2677750.0,2193517.0,27.77,32.64,0.49999999999999994,0.8660254037844387,0.7818314824680298,0.6234898018587336,-2.4492935982947064e-16,1.0,68.5425,5.57,50.88,75.32177083333333,20.82206402498135,65.8375
2025-12-09 03:00:00+00:00,65.8375,4.0,1.0,12.0,False,False,True,True,False,11387.639,10264.093666666666,2.5425,-30.543333333333333,1601.16667,896.19975,1602.827,0.0,0.0,622.79,0.0,889.86,0.0,640.45,-705.0,-1602.8,622.775,889.85,640.45,1047.4250000000002,9.045,13.0175,13.845,15.015,199.0,205.0,206.0,217.0,10.9,11.325,1010.075,1.23695,0.0,0.0,0.0,0.0,100.0,11.325,9.25,10.2,92.5,1012.7925,13.0,100.0,20.5,196.25,27.5,0.0,10.0,0.0,2913271.0,1996307.0,27.77,32.64,0.7071067811865475,0.7071067811865476,0.7818314824680298,0.6234898018587336,-2.4492935982947064e-16,1.0,68.1925,10.809999999999999,48.7975,77.61458333333333,15.844155599673742,71.58250000000001
2025-12-09 04:00:00+00:00,71.58250000000001,5.0,1.0,12.0,False,False,True,True,False,11729.92725,10300.63825,4.114,-25.425,2116.1710675,490.26975,1296.178,0.0,0.0,622.4275,0.0,919.0075,0.0,699.5675,-1625.9,-1296.2,622.425,919.05,699.6,291.05,8.7,12.6975,13.48,15.2925,196.25,201.5,202.5,213.0,10.85,11.25,1009.55,1.236625,0.0,0.0,0.0,0.0,100.0,11.225,9.0,10.05,92.25,1012.4,13.75,100.0,21.25,195.0,27.5,0.0,10.0,0.0,3190245.0,1915715.0,27.77,32.64,0.8660254037844386,0.5000000000000001,0.7818314824680298,0.6234898018587336,-2.4492935982947064e-16,1.0,65.8375,25.0025,62.1575,79.55541666666666,11.328701205985576,87.60249999999999
2025-12-09 05:00:00+00:00,87.60249999999999,6.0,1.0,12.0,False,False,True,True,False,12903.77475,10758.69225,6.48,101.25666666666666,3207.4437625,72.12175,1727.5885,0.0,0.0,622.3025,0.0,1040.6375,0.0,688.385,-3135.325,-1727.6,622.325,1040.65,688.4,-1215.875,9.440000000000001,13.0725,13.895,15.75,189.25,193.25,194.25,205.25,11.5,11.15,1009.3,1.236775,0.0,0.0,0.0,0.0,100.0,11.2,9.0,9.875,91.25,1012.02,14.75,100.0,21.0,192.5,22.5,0.0,5.0,0.0,3207279.0,1979870.0,27.77,32.64,0.9659258262890683,0.25881904510252074,0.7818314824680298,0.6234898018587336,-2.4492935982947064e-16,1.0,71.58250000000001,59.9975,78.0,80.705625,10.636891868122792,96.525
2025-12-09 06:00:00+00:00,96.525,7.0,1.0,12.0,False,False,True,True,False,14641.15175,11430.1015,8.505,201.57666666666668,3624.6403575,0.0,1929.042,0.0,0.0,622.79,0.0,1041.96,0.0,313.2825,-3624.65,-1929.0,622.8,1041.95,313.3,-2128.9,9.0275,12.67,13.425,14.855,186.75,192.25,193.25,206.5,11.1,11.075,1009.25,1.237025,0.0,0.0,0.0,0.0,100.0,11.0,8.5,9.75,92.0,1011.4725,13.25,100.0,22.25,191.25,25.0,0.0,7.5,0.0,3392784.0,1982352.0,27.77,32.64,1.0,6.123233995736766e-17,0.7818314824680298,0.6234898018587336,-2.4492935982947064e-16,1.0,87.60249999999999,77.6775,80.01249999999999,81.4909375,11.089716515678127,117.12
2025-12-09 07:00:00+00:00,117.12,8.0,1.0,12.0,False,False,True,True,False,15567.12375,12590.07075,8.701166666666667,132.98166666666665,3841.20092,0.0,1298.591,0.0,0.0,609.9575,0.0,1049.7975,0.0,578.2,-3841.2,-1298.6,609.95,1049.8249999999998,578.175,-1927.875,9.2675,12.6325,13.455,15.58,187.75,191.75,193.0,202.5,11.375,10.85,1009.0,1.2377,0.0,0.0,0.0,0.0,100.0,10.875,8.5,9.525,91.25,1011.165,13.5,98.75,23.25,193.75,28.75,0.0,7.5,0.0,3622168.0,2056911.0,27.77,32.64,0.9659258262890683,-0.25881904510252063,0.7818314824680298,0.6234898018587336,-2.4492935982947064e-16,1.0,96.525,90.9425,90.1975,82.58166666666666,13.154809309565113,104.6675
2025-12-09 08:00:00+00:00,104.6675,9.0,1.0,12.0,False,False,True,True,False,15844.65225,12955.08825,7.190833333333334,76.025,2889.5303424999997,237.29775,853.07575,0.0,0.0,131.5125,0.0,1048.1475,203.8575,9.0775,-2652.225,-853.1,131.5,1048.15,-194.8,-1880.625,8.975,12.125,12.97,14.7375,186.25,191.0,191.5,200.75,11.125,11.025,1008.625,1.236475,0.25,0.0,0.25,0.0,100.0,10.95,8.25,9.375,90.75,1010.87,14.25,98.75,24.25,191.25,26.25,0.0,7.5,113704.0,3409986.0,2158994.0,27.77,32.64,0.8660254037844387,-0.49999999999999983,0.7818314824680298,0.6234898018587336,-2.4492935982947064e-16,1.0,117.12,91.3775,83.0,83.13541666666667,13.804827756406977,94.0525
2025-12-09 09:00:00+00:00,94.0525,10.0,1.0,12.0,False,False,True,True,False,15578.759750000001,12496.20925,5.667333333333334,26.491666666666667,2530.6741524999998,371.56925,1335.955,0.0,0.0,11.0075,0.0,931.55,388.5825,0.0,-2159.1,-1336.0,44.0,931.55,-388.575,-1939.15,9.54,12.8375,13.77,15.4725,187.25,191.5,192.25,200.5,12.05,11.225,1008.1,1.234975,8.75,0.0,8.75,0.0,100.0,10.925,8.25,9.35,90.5,1010.68,14.75,98.75,24.75,192.5,26.25,0.0,10.0,1160027.0,3277745.0,2230480.0,27.77,32.64,0.7071067811865476,-0.7071067811865475,0.7818314824680298,0.6234898018587336,-2.4492935982947064e-16,1.0,104.6675,85.02,87.9025,83.51177083333333,13.980447263775428,91.39750000000001
2025-12-09 10:00:00+00:00,91.39750000000001,11.0,1.0,12.0,False,False,True,True,False,15245.47,12101.917,3.9015,-154.03833333333333,2372.776665,210.28475,1606.72225,0.0,0.0,149.275,0.0,620.11,449.0925,0.0,-2162.5,-1606.7,199.03333333333333,620.1,-449.07500000000005,-2243.875,9.665,12.7025,13.5825,15.6025,186.75,189.75,190.5,199.75,12.35,11.1,1008.075,1.235475,17.5,0.2,17.3,0.975,100.0,11.225000000000001,8.5,9.399999999999999,89.0,1010.2950000000001,15.5,98.75,25.5,196.25,31.25,0.0,10.0,2456175.0,3405832.0,2881201.0,27.77,32.64,0.49999999999999994,-0.8660254037844387,0.7818314824680298,0.6234898018587336,-2.4492935982947064e-16,1.0,94.0525,76.5525,86.53999999999999,84.1303125,13.987553246440832,86.4975
2025-12-09 11:00:00+00:00,86.4975,12.0,1.0,12.0,False,False,True,True,False,15029.673,12045.28825,3.0613333333333332,-194.96666666666667,2242.0175025,319.1035,1482.29475,0.0,0.0,382.9775,0.0,144.83,616.71,0.0,-1922.925,-1482.3,382.975,144.825,-616.7,-2382.4,10.335,13.6975,14.6425,16.4,181.0,185.0,186.0,196.0,13.025,10.925,1007.55,1.235625,29.0,0.9,28.1,3.725,100.0,11.625,9.0,9.425,86.75,1009.8,16.0,98.75,25.5,196.25,27.5,0.0,10.0,2967933.0,3618611.0,3392010.0,27.77,32.64,0.258819045102521,-0.9659258262890682,0.7818314824680298,0.6234898018587336,-2.4492935982947064e-16,1.0,91.39750000000001,72.60249999999999,87.17,84.70927083333333,13.775618574432489,89.055
2025-12-09 12:00:00+00:00,89.055,13.0,1.0,12.0,False,False,True,True,False,15130.69,12102.00325,5.002833333333333,-15.231666666666666,2530.581695,195.637,1628.1775,0.0,0.0,541.5775,0.0,93.2475,496.515,0.0,-2334.925,-1628.2,541.575,93.25,-496.5,-2603.675,11.1,14.532499999999999,15.530000000000001,17.7125,183.0,186.75,187.5,197.25,13.875,10.975,1006.85,1.234525,28.25,0.625,27.625,2.475,100.0,11.85,9.25,9.2,84.25,1009.145,16.0,98.75,27.0,196.25,28.75,0.0,10.0,2702096.0,3843575.0,3681297.0,27.77,32.64,1.2246467991473532e-16,-1.0,0.7818314824680298,0.6234898018587336,-2.4492935982947064e-16,1.0,86.4975,76.7425,89.9,85.22229166666666,13.695057342227184,88.01
2025-12-09 13:00:00+00:00,88.01,14.0,1.0,12.0,False,False,True,True,False,15199.69725,12100.382,7.595,116.42166666666667,3064.3294975,231.48525,1051.90725,0.0,0.0,461.39,148.29000000000002,0.0,672.235,0.0,-2832.85,-1051.9,461.375,-148.325,-672.225,-3454.95,11.469999999999999,14.965,15.965,18.265,181.25,184.25,185.25,192.75,14.3,11.2,1006.175,1.2327,38.75,6.075,32.675,24.3,100.0,12.025,9.25,9.2,83.25,1008.9075,16.0,95.0,27.0,198.75,18.75,0.0,10.0,2042798.0,4091587.0,3800521.0,27.77,32.64,-0.2588190451025208,-0.9659258262890683,0.7818314824680298,0.6234898018587336,-2.4492935982947064e-16,1.0,89.055,80.3175,90.1125,85.54281250000001,13.665259711982447,96.93
2025-12-09 14:00:00+00:00,96.93,15.0,1.0,12.0,False,False,True,True,False,15744.248749999999,11937.95485,5.806,32.70333333333333,3877.4894425,7.4535,927.802,0.0,0.0,622.365,0.0,660.795,453.91,0.0,-3870.025,-927.8,622.375,660.825,-453.9,-3272.7250000000004,11.355,15.205,16.1875,18.302500000000002,182.5,185.75,186.5,192.75,14.575000000000001,11.0,1005.625,1.2329,54.0,10.075000000000001,43.925000000000004,52.574999999999996,100.0,12.15,9.5,9.075,82.25,1008.655,16.0,93.25,27.5,201.25,18.75,0.0,7.5,1056866.0,4084914.0,3879472.0,27.77,32.64,-0.4999999999999998,-0.8660254037844388,0.7818314824680298,0.6234898018587336,-2.4492935982947064e-16,1.0,88.01,90.7475,96.58250000000001,85.80041666666666,13.824979060183036,93.72749999999999
2025-12-09 15:00:00+00:00,93.72749999999999,16.0,1.0,12.0,False,False,True,True,False,16290.867,11775.527699999999,5.598333333333333,48.02333333333333,3496.78931,11.734750000000002,708.288,0.0,0.0,603.2975,0.0,695.0025,296.14,0.0,-3485.05,-708.3,603.275,695.0,-296.125,-2659.975,11.5575,15.4225,16.4575,18.61,182.25,184.5,185.25,191.0,14.525,11.05,1005.7,1.2327750000000002,32.5,7.75,24.75,68.125,91.25,12.05,9.5,9.05,82.25,1008.435,16.0,91.0,27.25,201.25,20.0,0.0,10.0,75344.0,4109027.0,3984902.0,27.77,32.64,-0.7071067811865471,-0.7071067811865479,0.7818314824680298,0.6234898018587336,-2.4492935982947064e-16,1.0,96.93,89.1575,120.72,85.99083333333334,13.904471435685853,97.6675
2025-12-09 16:00:00+00:00,97.6675,17.0,1.0,12.0,False,False,True,True,False,16471.09175,11613.10055,5.326333333333333,34.79,2571.9741400000003,646.66925,798.14025,0.0,0.0,158.70499999999998,0.0,129.28,215.315,17.8975,-1925.3,-798.1,158.7,129.3,-197.42499999999998,-2034.275,12.0875,16.3075,17.384999999999998,19.747500000000002,184.25,187.5,188.0,193.0,15.325,11.2,1005.3,1.23165,2.25,0.0,2.25,0.0,97.5,12.225,9.5,9.5,84.0,1008.525,16.0,96.25,27.0,200.0,18.75,0.0,5.0,0.0,1359868.0,1382590.0,27.77,32.64,-0.8660254037844384,-0.5000000000000004,0.7818314824680298,0.6234898018587336,-2.4492935982947064e-16,1.0,93.72749999999999,102.5775,140.4875,85.78625,13.684189583794286,89.105
2025-12-09 17:00:00+00:00,89.105,18.0,1.0,12.0,False,False,True,True,False,16158.61325,11450.6734,5.8045,107.55166666666668,2372.5658275,1051.295,979.6355,0.0,0.0,84.2175,858.0925,0.0,298.87,0.0,-1321.275,-979.6,112.3,-858.1,-298.875,-2638.925,12.65,16.875,17.88,20.4775,190.0,192.0,192.5,197.5,15.975,11.3,1005.25,1.23115,0.0,0.0,0.0,0.0,100.0,12.025,9.5,9.25,83.75,1008.31,16.0,95.0,27.0,201.25,21.25,0.0,7.5,0.0,1693077.875,1863154.375,27.77,32.64,-0.9659258262890683,-0.25881904510252063,0.7818314824680298,0.6234898018587336,-2.4492935982947064e-16,1.0,97.6675,97.69,119.53,85.42854166666666,13.470024589981891,81.0
2025-12-09 18:00:00+00:00,81.0,19.0,1.0,12.0,False,False,True,True,False,15694.15475,11288.24625,6.015833333333333,112.91666666666667,3334.2566850000003,729.67625,1012.3525,0.0,0.0,547.3275,472.89,0.0,280.9925,0.0,-2604.575,-1012.4,547.325,-472.9,-281.0,-3064.225,12.97,17.1425,18.224999999999998,20.7575,190.5,193.0,193.5,199.0,16.450000000000003,11.3,1005.025,1.2308999999999999,0.0,0.0,0.0,0.0,99.5,11.85,9.25,8.975,82.75,1008.28,16.0,93.25,27.75,202.5,17.5,0.0,7.5,0.0,2026287.75,2343718.75,27.77,32.64,-1.0,-1.8369701987210297e-16,0.7818314824680298,0.6234898018587336,-2.4492935982947064e-16,1.0,89.105,95.0,109.0,84.84520833333333,13.34001570375597,78.32
2025-12-09 19:00:00+00:00,78.32,20.0,1.0,12.0,False,False,True,True,False,15255.4715,11125.819099999999,5.878916666666667,59.88,2425.4591725,1580.33,819.56575,0.0,0.0,495.21,613.0425,0.0,145.04749999999999,33.575,-845.125,-819.6,495.2,-613.05,-111.475,-1279.35,13.3075,17.4875,18.5125,20.8525,193.5,196.5,196.75,203.0,16.9,11.275,1004.975,1.2309,0.0,0.0,0.0,0.0,75.0,11.775,9.25,8.774999999999999,82.25,1008.22,16.0,84.0,28.25,207.5,25.0,0.0,7.5,0.0,2359497.625,2824283.125,27.77,32.64,-0.9659258262890684,0.2588190451025203,0.7818314824680298,0.6234898018587336,-2.4492935982947064e-16,1.0,81.0,85.4925,95.0025,84.54635416666666,13.405067604778582,69.27250000000001
2025-12-09 20:00:00+00:00,69.27250000000001,21.0,1.0,12.0,False,False,True,True,False,14801.831750000001,10963.39195,5.104333333333333,100.56666666666666,1745.8458275,1731.875,714.42975,0.0,0.0,365.495,585.6425,0.0,32.0075,167.67249999999999,-13.974999999999994,-714.4,365.52500000000003,-585.625,135.67499999999998,-277.05,13.0775,17.0925,18.12,20.4225,199.25,202.25,202.5,208.75,17.025,11.25,1005.425,1.231575,0.0,0.0,0.0,0.0,91.0,11.675,9.0,8.475,81.5,1008.215,16.0,78.75,27.75,207.5,26.25,0.0,10.0,0.0,2692707.5,3304847.5,27.77,32.64,-0.8660254037844386,0.5000000000000001,0.7818314824680298,0.6234898018587336,-2.4492935982947064e-16,1.0,78.32,79.05,88.69,84.13895833333333,13.724148285061952,64.54249999999999
2025-12-09 21:00:00+00:00,64.54249999999999,22.0,1.0,12.0,False,False,True,True,False,14298.47975,10800.9648,4.656000000000001,44.67333333333333,1211.71834,1192.02,1022.457,0.0,16.1575,230.95,77.895,43.6225,0.0,330.925,-19.700000000000003,-1022.5,214.82500000000002,-34.275,330.925,236.15,12.665,16.63,17.6575,20.035,208.25,211.5,212.0,217.75,16.525,11.35,1006.3,1.23225,0.0,0.0,0.0,0.0,90.25,11.625,9.25,8.350000000000001,81.0,1008.46,16.0,85.25,28.0,210.0,27.5,0.0,10.0,0.0,3025917.375,3785411.875,27.77,32.64,-0.7071067811865477,0.7071067811865474,0.7818314824680298,0.6234898018587336,-2.4492935982947064e-16,1.0,69.27250000000001,77.5325,87.58,83.59770833333333,14.242384252429337,48.2125
2025-12-09 22:00:00+00:00,48.2125,23.0,1.0,12.0,False,False,True,True,False,13672.79225,10638.537649999998,3.174833333333333,-0.795,1359.6283475,1488.2575000000002,995.1655,0.0,576.67,0.0,0.0,546.1225,0.0,413.1425,128.65,-995.2,-576.65,546.125,413.15000000000003,262.425,12.5,16.5075,17.505,19.785,211.25,214.25,215.0,219.75,15.925,11.35,1006.7750000000001,1.232825,0.0,0.0,0.0,0.0,100.0,11.625,8.75,8.475,81.5,1008.61,16.0,88.75,28.0,211.25,28.75,0.0,10.0,0.0,3359127.25,4265976.25,27.77,32.64,-0.5000000000000004,0.8660254037844384,0.7818314824680298,0.6234898018587336,-2.4492935982947064e-16,1.0,64.54249999999999,70.38,94.325,82.6740625,15.773363551385968,40.3925
2025-12-09 23:00:00+00:00,40.3925,0.0,2.0,12.0,False,False,True,True,False,13232.118,10476.110499999999,0.3965833333333334,-54.15,1955.2275124999999,1513.9975,732.89925,0.0,575.5899999999999,0.0,0.0,859.28,31.355,243.675,-441.225,-732.9,-575.6,859.25,212.3,-128.45,12.4,16.64,17.67,20.095,212.5,215.25,215.75,220.75,15.5,11.7,1006.7,1.231225,0.0,0.0,0.0,0.0,100.0,11.5,8.75,8.649999999999999,83.0,1008.6899999999999,16.0,88.75,27.25,212.5,27.5,0.0,10.0,0.0,3692337.125,4746540.625,27.77,32.64,-0.25881904510252157,0.9659258262890681,0.7818314824680298,0.6234898018587336,-2.4492935982947064e-16,1.0,48.2125,68.3125,83.12,81.51072916666668,17.780512941920843,32.8925
2025-12-10 00:00:00+00:00,32.8925,1.0,2.0,12.0,False,False,True,True,False,12734.307499999999,10289.056,-0.3889999999999999,-108.87166666666667,2327.7558424999997,1625.625,460.045,0.0,243.845,0.0,0.0,790.9225,79.415,14.687499999999998,-702.15,-460.0,-243.85,790.925,-64.725,-334.8,12.372499999999999,16.7925,17.775,20.1675,217.25,220.25,221.0,226.25,15.450000000000001,11.75,1007.55,1.232025,0.0,0.0,0.0,0.0,100.0,11.225,8.25,8.85,85.25,1008.96,16.0,86.75,27.5,216.25,31.25,0.0,10.0,0.0,4025547.0,5227105.0,27.99,32.64,0.0,1.0,0.9749279121818236,-0.22252093395631434,-2.4492935982947064e-16,1.0,40.3925,68.005,84.9675,80.04770833333333,20.21765253108679,27.259999999999998
2025-12-10 01:00:00+00:00,27.259999999999998,2.0,2.0,12.0,False,False,True,True,False,12593.214,10075.2035,0.93575,-63.083333333333336,2373.0366599999998,1519.5125,374.7555,99.0725,0.0,0.0,0.0,405.42,89.41250000000001,23.924999999999997,-853.5,-275.7,-32.49999999999997,405.4,-65.5,-582.5,11.04,15.21,16.2325,18.377499999999998,220.5,224.5,225.25,233.0,13.7,11.775,1008.275,1.2328,0.0,0.0,0.0,0.0,81.0,11.0,8.0,9.15,89.0,1009.0975,16.0,86.75,26.25,217.5,26.25,0.0,7.5,0.0,3960788.0,5153600.0,27.99,32.64,0.25881904510252074,0.9659258262890683,0.9749279121818236,-0.22252093395631434,-2.4492935982947064e-16,1.0,32.8925,68.5425,84.555,78.32760416666666,22.826845399936392,30.3
2025-12-10 02:00:00+00:00,30.3,3.0,2.0,12.0,False,False,True,True,False,12471.6275,10028.72475,-2.6003333333333334,-99.9,1801.231655,1663.8225,1713.26725,0.0,0.0,0.0,0.0,838.675,0.0,238.3825,-137.4,-1713.3,178.85000000000005,838.675,238.4,511.35,10.379999999999999,14.25,15.1725,17.075,223.0,227.0,228.0,235.0,13.175,11.6,1009.15,1.23465,0.0,0.0,0.0,0.0,100.0,10.975,8.25,9.275,89.5,1009.29,15.5,86.25,25.75,216.25,21.25,0.0,7.5,0.0,3945367.0,4621674.0,27.99,32.64,0.49999999999999994,0.8660254037844387,0.9749279121818236,-0.22252093395631434,-2.4492935982947064e-16,1.0,27.259999999999998,68.1925,82.1625,76.74875,24.784809272055746,42.59
2025-12-10 03:00:00+00:00,42.59,4.0,2.0,12.0,False,False,True,True,False,12396.55875,10055.849999999999,-2.210166666666667,-155.95499999999998,1875.135015,1523.905,1578.77125,0.0,0.0,390.2075,0.0,814.7674999999999,0.0,331.845,-351.225,-1578.8,390.20000000000005,814.75,331.85,790.875,10.8225,14.545,15.432500000000001,17.015,228.75,231.75,232.0,238.5,13.0,11.5,1009.75,1.235825,0.0,0.0,0.0,0.0,100.0,10.925,8.25,9.35,90.0,1009.4725000000001,15.25,87.5,25.0,218.75,18.75,0.0,5.0,0.0,3745081.0,3937623.0,27.99,32.64,0.7071067811865475,0.7071067811865476,0.9749279121818236,-0.22252093395631434,-2.4492935982947064e-16,1.0,30.3,65.8375,81.9925,75.78010416666666,25.668320820394232,61.2425
2025-12-10 04:00:00+00:00,61.2425,5.0,2.0,12.0,False,False,True,True,False,12730.62675,10264.80075,-0.5084166666666667,-83.19333333333334,2385.0616474999997,1237.555,1368.30775,0.0,0.0,478.2775,0.0,1037.745,0.0,604.6525,-1147.525,-1368.3,478.275,1037.75,604.65,631.075,10.4,14.190000000000001,15.05,16.6725,227.0,230.75,231.25,237.75,13.05,11.35,1010.2,1.237,0.0,0.0,0.0,0.0,100.0,10.775,8.0,9.25,90.25,1009.5775,15.0,87.5,24.0,220.0,18.75,0.0,5.0,0.0,3644610.0,3619133.0,27.99,32.64,0.8660254037844386,0.5000000000000001,0.9749279121818236,-0.22252093395631434,-2.4492935982947064e-16,1.0,42.59,71.58250000000001,85.845,75.34927083333334,25.828118477054634,73.7625
2025-12-10 05:00:00+00:00,73.7625,6.0,2.0,12.0,False,False,True,True,False,13678.224,11073.793,3.8853333333333335,0.545,2745.7708425,1175.815,976.3425,0.0,0.0,507.99249999999995,0.0,1043.7725,0.0,643.0475,-1569.95,-976.3,508.0,1043.775,643.05,380.775,10.195,13.765,14.6,15.807500000000001,222.25,225.75,226.25,233.0,13.05,11.275,1010.6500000000001,1.237875,0.0,0.0,0.0,0.0,100.0,10.7,8.0,9.2,90.5,1009.71,15.0,90.0,22.75,217.5,18.75,0.0,5.0,0.0,3943203.0,3298831.0,27.99,32.64,0.9659258262890683,0.25881904510252074,0.9749279121818236,-0.22252093395631434,-2.4492935982947064e-16,1.0,61.2425,87.60249999999999,83.96000000000001,74.77260416666667,25.696814506936487,86.33250000000001
2025-12-10 06:00:00+00:00,86.33250000000001,7.0,2.0,12.0,False,False,True,True,False,15112.279999999999,12149.1815,6.665666666666667,124.07,2736.28752,702.59325,1690.03825,0.0,0.0,622.5474999999999,0.0,1030.3600000000001,0.0,534.325,-2033.7,-1690.0,622.55,1030.375,534.35,-268.97499999999997,10.1975,13.595,14.4125,16.0925,220.5,224.25,224.5,230.25,12.625,11.25,1010.85,1.2382,0.0,0.0,0.0,0.0,100.0,10.675,8.0,9.2,91.25,1009.8525,14.25,90.0,22.75,216.25,18.75,0.0,5.0,0.0,4054469.0,3109941.0,27.99,32.64,1.0,6.123233995736766e-17,0.9749279121818236,-0.22252093395631434,-2.4492935982947064e-16,1.0,73.7625,96.525,107.7875,74.34791666666666,25.40424492373143,93.47
2025-12-10 07:00:00+00:00,93.47,8.0,2.0,12.0,False,False,True,True,False,16006.962,13044.14075,7.253333333333333,204.2866666666667,2112.0725175,568.828,2075.767,0.0,0.0,622.3025,0.0,861.6125000000001,0.0,658.855,-1543.25,-2075.8,622.325,861.625,658.85,80.57499999999999,10.375,13.72,14.57,16.134999999999998,222.5,225.5,226.0,230.0,13.175,11.175,1011.95,1.2399,0.0,0.0,0.0,0.0,100.0,10.475,8.0,9.175,91.75,1010.01,13.75,90.0,22.75,215.0,16.25,0.0,5.0,0.0,3901975.0,3177484.0,27.99,32.64,0.9659258262890683,-0.25881904510252063,0.9749279121818236,-0.22252093395631434,-2.4492935982947064e-16,1.0,86.33250000000001,117.12,154.84,73.3625,24.098112895177128,93.02250000000001
2025-12-10 08:00:00+00:00,93.02250000000001,9.0,2.0,12.0,False,False,True,True,False,16099.74825,13267.8775,6.377166666666667,92.13333333333334,1866.4716675,629.4390000000001,2302.38225,0.0,0.0,621.3975,0.0,591.13,0.0,667.1424999999999,-1237.025,-2302.4,621.4000000000001,591.15,667.15,67.02499999999999,10.42,13.594999999999999,14.415,15.815000000000001,219.75,222.75,223.0,227.75,13.3,11.125,1012.475,1.24075,1.5,0.0,1.5,0.0,95.5,10.525,7.75,9.075000000000001,91.25,1010.1575,14.25,90.0,22.5,211.25,16.25,0.0,5.0,235938.0,3878701.0,3280737.0,27.99,32.64,0.8660254037844387,-0.49999999999999983,0.9749279121818236,-0.22252093395631434,-2.4492935982947064e-16,1.0,93.47,104.6675,142.3775,72.87729166666666,23.551424180566606,85.68
2025-12-10 09:00:00+00:00,85.68,10.0,2.0,12.0,False,False,True,True,False,15908.960500000001,12827.5655,3.9084999999999996,-98.28333333333333,2509.6058425,620.24375,1959.6455,0.0,0.0,622.125,0.0,572.885,0.0,697.805,-1889.375,-1959.6,622.125,572.875,697.775,-486.475,9.97,13.335,14.145,16.0925,218.25,221.25,221.5,226.75,12.9,11.1,1013.275,1.241875,25.75,1.4500000000000002,24.3,13.725000000000001,100.0,10.55,7.5,9.1,90.75,1010.3675,14.25,90.0,23.75,210.0,16.25,0.0,5.0,1492853.0,3805855.0,3822298.0,27.99,32.64,0.7071067811865476,-0.7071067811865475,0.9749279121818236,-0.22252093395631434,-2.4492935982947064e-16,1.0,93.02250000000001,94.0525,129.5125,72.52843750000001,23.284627764160106,80.4675
2025-12-10 10:00:00+00:00,80.4675,11.0,2.0,12.0,False,False,True,True,False,15488.38525,12108.70475,4.581166666666666,-24.511666666666667,2804.1374875,487.30625,2105.2655,0.0,0.0,614.6725,0.0,978.9725,0.0,623.04,-2316.825,-2105.3,614.675,978.975,623.075,-626.475,10.469999999999999,13.5525,14.3575,16.02,220.75,223.5,223.75,228.25,12.95,11.1,1014.075,1.24285,58.5,7.85,50.650000000000006,44.275000000000006,25.75,10.875,8.25,9.125,89.25,1010.4825,15.5,90.25,23.75,211.25,16.25,0.0,5.0,2758362.0,3835808.0,4149104.0,27.99,32.64,0.49999999999999994,-0.8660254037844387,0.9749279121818236,-0.22252093395631434,-2.4492935982947064e-16,1.0,85.68,91.39750000000001,129.9775,72.07302083333333,23.004733881680632,79.33500000000001
2025-12-10 11:00:00+00:00,79.33500000000001,12.0,2.0,12.0,False,False,True,True,False,15348.88275,11754.20975,7.191666666666666,195.61333333333332,3227.8224725,355.71725000000004,2184.93125,0.0,0.0,606.7375,0.0,931.6375,0.0,675.6575,-2872.125,-2184.9,606.75,931.625,675.675,-1204.3,10.99,14.274999999999999,15.08,16.560000000000002,219.25,222.75,223.0,227.0,13.9,11.025,1014.175,1.2432750000000001,86.0,13.15,72.85,56.525,25.75,11.15,8.5,8.975,86.75,1010.5350000000001,16.0,90.0,24.5,212.5,18.75,0.0,7.5,3069458.0,3975775.0,4644472.0,27.99,32.64,0.258819045102521,-0.9659258262890682,0.9749279121818236,-0.22252093395631434,-2.4492935982947064e-16,1.0,80.4675,86.4975,128.8075,71.77458333333334,22.855445689046057,79.4
2025-12-10 12:00:00+00:00,79.4,13.0,2.0,12.0,False,False,True,True,False,15668.53075,11842.06325,4.497166666666667,92.84833333333333,3118.77919,235.9735,1960.8745,0.0,0.0,621.8249999999999,0.0,1021.0275,0.0,686.38,-2882.8,-1960.9,621.8,1021.025,686.375,-1043.8,11.59,14.855,15.7025,17.2225,224.25,227.25,227.25,231.0,14.075,11.275,1013.875,1.241825,86.0,15.475,70.525,62.05,25.75,11.375,8.5,8.9,85.25,1010.4375,16.0,88.75,25.5,213.75,18.75,0.0,7.5,3158743.0,4024992.0,5160660.0,27.99,32.64,1.2246467991473532e-16,-1.0,0.9749279121818236,-0.22252093395631434,-2.4492935982947064e-16,1.0,79.33500000000001,89.055,130.0025,71.37229166666667,22.62183650615569,86.0
2025-12-10 13:00:00+00:00,86.0,14.0,2.0,12.0,False,False,True,True,False,16061.48875,12294.86825,5.29725,17.896666666666665,3102.8091575,207.891,1707.4785,0.0,0.0,622.1225,0.0,1034.4875000000002,0.0,671.45,-2894.925,-1707.5,622.125,1034.45,671.45,-993.7,11.754999999999999,14.985,15.7175,17.1925,228.75,230.75,231.0,234.5,14.575,11.25,1013.925,1.242,101.5,20.675,80.825,88.525,15.75,11.375,8.75,8.9,85.0,1010.6625,16.0,87.25,23.75,217.5,18.75,0.0,7.5,2659566.0,4028609.0,5355910.0,27.99,32.64,-0.2588190451025208,-0.9659258262890683,0.9749279121818236,-0.22252093395631434,-2.4492935982947064e-16,1.0,79.4,88.01,170.1,71.28854166666666,22.56120214762549,88.9
2025-12-10 14:00:00+00:00,88.9,15.0,2.0,12.0,False,False,True,True,False,16654.958,12963.78075,5.008583333333333,94.09666666666666,2806.74721,32.062,1485.14525,0.0,0.0,620.2475,0.0,871.4425,0.0,626.7225,-2774.675,-1485.1,620.25,871.45,626.725,-1027.575,11.6625,15.15,16.005,17.81,225.75,228.75,229.0,233.5,14.675,11.05,1014.55,1.243625,77.0,17.0,60.0,94.95,25.25,11.275,8.75,8.75,84.75,1010.8575,16.0,85.75,23.75,221.25,20.0,0.0,7.5,1176800.0,4048172.0,5273588.0,27.99,32.64,-0.4999999999999998,-0.8660254037844388,0.9749279121818236,-0.22252093395631434,-2.4492935982947064e-16,1.0,86.0,96.93,210.5225,70.95395833333333,22.22138878468072,94.995
2025-12-10 15:00:00+00:00,94.995,16.0,2.0,12.0,False,False,True,True,False,17330.15075,13209.365,5.773499999999999,173.45499999999998,2383.40502,158.90725,1910.49325,0.0,0.0,621.7,0.0,590.165,0.0,699.22,-2224.475,-1910.5,621.7,590.2,699.2,-791.05,11.31,14.805,15.684999999999999,17.354999999999997,227.5,230.25,230.75,235.0,14.85,11.1,1014.975,1.243925,34.25,3.925,30.325000000000003,35.974999999999994,23.75,11.125,8.75,8.725,85.25,1011.19,16.0,86.25,23.5,222.5,17.5,0.0,5.0,104436.0,4009690.0,4943769.0,27.99,32.64,-0.7071067811865471,-0.7071067811865479,0.9749279121818236,-0.22252093395631434,-2.4492935982947064e-16,1.0,88.9,93.72749999999999,258.22,71.00677083333333,22.279297558876152,103.75999999999999
2025-12-10 16:00:00+00:00,103.75999999999999,17.0,2.0,12.0,False,False,True,True,False,17651.410499999998,12968.1819375,5.2795,40.90333333333333,2051.707515,419.13800000000003,2319.48625,0.0,0.0,621.7,0.0,544.32,0.0,699.22,-1632.575,-2319.5,621.725,544.325,699.2,-347.20000000000005,11.335,14.995,15.8175,17.56,234.25,236.25,236.5,240.25,14.375,11.175,1015.85,1.244675,2.5,0.0,2.5,0.0,25.5,10.9,8.25,8.75,87.0,1011.53,16.0,86.5,24.25,230.0,20.0,0.0,7.5,0.0,1327200.0,1569012.0,27.99,32.64,-0.8660254037844384,-0.5000000000000004,0.9749279121818236,-0.22252093395631434,-2.4492935982947064e-16,1.0,94.995,97.6675,242.8825,71.26062499999999,22.628258812268488,103.435
2025-12-10 17:00:00+00:00,103.435,18.0,2.0,12.0,False,False,True,True,False,17277.2745,12726.998875,7.206333333333333,173.3383333333333,2434.00501,656.11775,2214.76175,0.0,0.0,621.8199999999999,396.31,0.0,0.0,699.22,-1777.875,-2214.8,621.85,-396.3,699.2,-1406.8500000000001,11.405000000000001,14.9825,15.82,17.39,241.0,243.5,244.0,247.75,14.5,11.25,1016.9,1.245625,0.0,0.0,0.0,0.0,20.25,10.6,7.75,8.65,87.75,1011.98,16.0,73.5,24.25,236.25,18.75,0.0,7.5,0.0,1559526.75,1687782.5,27.99,32.64,-0.9659258262890683,-0.25881904510252063,0.9749279121818236,-0.22252093395631434,-2.4492935982947064e-16,1.0,103.75999999999999,89.105,195.1975,71.85770833333333,23.298711208486527,95.56
2025-12-10 18:00:00+00:00,95.56,19.0,2.0,12.0,False,False,True,True,False,16770.624499999998,12485.815812499999,5.444500000000001,56.205000000000005,2224.6666675,773.4405,2001.88975,0.0,0.0,622.0025,754.99,0.0,0.0,699.1175000000001,-1451.25,-2001.9,621.975,-754.9749999999999,699.1,-1385.575,10.717500000000001,14.155000000000001,14.969999999999999,15.8875,242.0,245.0,245.5,251.0,14.175,11.225,1017.65,1.246675,0.0,0.0,0.0,0.0,25.0,10.425,7.5,8.55,88.25,1012.415,16.0,68.75,24.0,242.5,18.75,0.0,10.0,0.0,1791853.5,1806553.0,27.99,32.64,-1.0,-1.8369701987210297e-16,0.9749279121818236,-0.22252093395631434,-2.4492935982947064e-16,1.0,103.435,81.0,166.3725,72.464375,23.73263463829936,86.81
2025-12-10 19:00:00+00:00,86.81,20.0,2.0,12.0,False,False,True,True,False,16271.20475,12244.63275,5.042666666666666,56.913333333333334,1681.66,1032.97,2305.45275,0.0,0.0,622.365,267.39,0.0,0.0,698.91,-648.7,-2305.5,622.35,-267.4,698.925,-171.175,9.870000000000001,13.0625,13.7875,14.6225,241.0,245.25,245.5,251.25,13.325,11.1,1018.2750000000001,1.248,0.0,0.0,0.0,0.0,25.25,10.275,7.5,8.45,88.75,1012.8025,16.0,62.0,22.75,241.25,11.25,0.0,5.0,0.0,2024180.25,1925323.5,27.99,32.64,-0.9659258262890684,0.2588190451025203,0.9749279121818236,-0.22252093395631434,-2.4492935982947064e-16,1.0,95.56,78.32,140.0025,72.818125,23.886487041408042,84.3
2025-12-10 20:00:00+00:00,84.3,21.0,2.0,12.0,False,False,True,True,False,15693.287250000001,12003.4496875,6.814666666666667,75.91666666666667,1413.5033250000001,1585.2275,2136.92425,0.0,0.0,622.8499999999999,0.405,0.0,0.0,699.2049999999999,171.725,-2136.9,622.85,-0.4,699.2249999999999,959.125,10.0725,13.2525,13.935,14.657499999999999,240.75,244.5,244.75,250.5,12.3,11.025,1018.9,1.249075,0.0,0.0,0.0,0.0,0.0,10.125,7.25,8.25,88.0,1013.125,16.0,50.5,22.25,238.75,8.75,0.0,5.0,0.0,2256507.0,2044094.0,27.99,32.64,-0.8660254037844386,0.5000000000000001,0.9749279121818236,-0.22252093395631434,-2.4492935982947064e-16,1.0,86.81,69.27250000000001,109.19749999999999,73.44427083333333,23.986255705308054,81.15
2025-12-10 21:00:00+00:00,81.15,22.0,2.0,12.0,False,False,True,True,False,14849.0585,11762.266625,8.153333333333334,139.77166666666665,1980.7916725,1625.665,1651.537,0.0,0.0,622.67,0.0,344.6025,0.0,699.3725,-355.1,-1651.5,622.675,344.575,699.375,898.625,10.1125,13.157499999999999,13.9275,14.995000000000001,241.75,245.25,245.5,250.5,12.475,10.975,1019.275,1.24975,0.0,0.0,0.0,0.0,3.75,10.0,7.25,8.05,88.0,1013.55,16.0,46.25,22.0,237.5,8.75,0.0,5.0,0.0,2488833.75,2162864.5,27.99,32.64,-0.7071067811865477,0.7071067811865474,0.9749279121818236,-0.22252093395631434,-2.4492935982947064e-16,1.0,84.3,64.54249999999999,89.9075,74.13625,23.957821031699922,75.4725
2025-12-10 22:00:00+00:00,75.4725,23.0,2.0,12.0,False,False,True,True,False,13925.59375,11521.0835625,6.129666666666666,63.31666666666667,2043.03087,1735.6425,1320.407,0.0,0.0,622.6675,0.0,675.0275,0.0,699.39,-307.4,-1320.4,622.65,675.0,699.4,1359.625,9.997499999999999,12.965,13.6475,14.635,240.75,244.25,244.5,248.5,12.575,10.9,1019.75,1.250675,0.0,0.0,0.0,0.0,0.5,9.925,7.25,7.975,88.0,1013.75,16.0,47.5,21.0,233.75,8.75,0.0,5.0,0.0,2721160.5,2281635.0,27.99,32.64,-0.5000000000000004,0.8660254037844384,0.9749279121818236,-0.22252093395631434,-2.4492935982947064e-16,1.0,81.15,48.2125,84.89750000000001,75.27208333333334,23.31286011106268,71.7275
2025-12-10 23:00:00+00:00,71.7275,0.0,3.0,12.0,False,False,True,True,False,13004.15975,11279.9005,7.647833333333334,122.0,1814.60416,1575.8625,1980.034,0.0,0.0,622.73,0.0,993.3175,0.0,699.39,-238.725,-1980.0,622.725,993.3,699.4,1581.675,10.2,13.145,13.834999999999999,14.879999999999999,244.75,248.0,248.0,251.25,12.825,10.925,1020.0500000000001,1.2509000000000001,0.0,0.0,0.0,0.0,0.25,9.8,7.25,7.85,88.0,1013.99,16.0,50.25,20.5,228.75,8.75,0.0,5.0,0.0,2953487.25,2400405.5,27.99,32.64,-0.25881904510252157,0.9659258262890681,0.9749279121818236,-0.22252093395631434,-2.4492935982947064e-16,1.0,75.4725,40.3925,89.415,76.57770833333333,22.12152625538663,71.1425
2025-12-11 00:00:00+00:00,71.1425,1.0,3.0,12.0,False,False,True,True,False,12463.23875,11065.286250000001,4.666166666666667,11.183333333333334,1447.170005,1557.205,2509.9255,0.0,0.0,622.79,0.0,862.0175,0.0,699.39,110.025,-2509.9,622.775,862.05,699.4,1666.775,10.485,13.657499999999999,14.3375,15.377499999999998,241.25,244.0,244.25,247.25,12.725,10.925,1020.3,1.25125,0.0,0.0,0.0,0.0,0.25,9.625,7.25,7.675,88.0,1014.315,16.0,55.75,20.25,226.25,11.25,0.0,5.0,0.0,3185814.0,2519176.0,28.5,32.64,0.0,1.0,0.43388373911755823,-0.900968867902419,-2.4492935982947064e-16,1.0,71.7275,32.8925,88.875,78.17145833333333,20.12515986861533,69.8825
2025-12-11 01:00:00+00:00,69.8825,2.0,3.0,12.0,False,False,True,True,False,11988.5095,11052.87975,1.8615,-162.6,1629.908345,1539.3625,2207.28675,0.0,0.0,622.79,0.0,1006.315,0.0,699.39,-90.525,-2207.3,622.775,1006.325,699.4,1686.125,9.7425,12.5825,13.27,14.38,242.75,246.25,246.25,250.25,13.025,10.775,1020.35,1.25195,0.0,0.0,0.0,0.0,0.75,9.575,6.75,7.725,88.5,1014.515,16.0,63.75,20.25,228.75,11.25,0.0,5.0,0.0,2903286.0,2548548.0,28.5,32.64,0.25881904510252074,0.9659258262890683,0.43388373911755823,-0.900968867902419,-2.4492935982947064e-16,1.0,71.1425,27.259999999999998,85.2775,79.94739583333333,17.088697915759266,71.6475
2025-12-11 02:00:00+00:00,71.6475,3.0,3.0,12.0,False,False,True,True,False,11741.139,10904.4225,0.9148333333333334,-186.7,1392.5283375,1569.1725000000001,2342.278,0.0,0.0,622.79,0.0,992.99,0.0,699.2225,176.65,-2342.3,622.775,992.975,699.225,1906.0749999999998,9.605,12.2675,12.95,13.7725,241.75,245.5,245.75,248.75,12.3,10.675,1020.35,1.252375,0.0,0.0,0.0,0.0,0.75,9.425,6.5,7.625,88.75,1014.5675,15.5,72.75,20.25,228.75,12.5,0.0,5.0,0.0,2997681.0,2566875.0,28.5,32.64,0.49999999999999994,0.8660254037844387,0.43388373911755823,-0.900968867902419,-2.4492935982947064e-16,1.0,69.8825,30.3,83.6075,81.67020833333333,13.592410104713451,72.5325
2025-12-11 03:00:00+00:00,72.5325,4.0,3.0,12.0,False,False,True,True,False,11644.222249999999,10816.351999999999,1.9296666666666666,-92.86666666666666,1477.8727450000001,1500.2425,2243.646,0.0,0.0,622.5474999999999,0.0,1041.1399999999999,0.0,699.2,22.375,-2243.6,622.55,1041.15,699.2,1824.3249999999998,9.0775,11.58,12.2425,13.015,239.5,242.5,243.0,246.75,11.8,10.55,1019.925,1.2524250000000001,0.0,0.0,0.0,0.0,0.75,9.4,6.5,7.6,89.0,1014.4300000000001,15.5,63.5,20.25,227.5,11.25,0.0,5.0,0.0,3233211.0,2610109.0,28.5,32.64,0.7071067811865475,0.7071067811865476,0.43388373911755823,-0.900968867902419,-2.4492935982947064e-16,1.0,71.6475,42.59,78.525,82.91781250000001,10.970735239334791,76.9375
2025-12-11 04:00:00+00:00,76.9375,5.0,3.0,12.0,False,False,True,True,False,12044.7495,10909.474,7.461666666666667,80.05666666666666,1745.054985,1332.4924999999998,2002.12125,0.0,0.0,622.73,0.0,1039.76,0.0,699.2,-412.55,-2002.1,622.725,1039.8,699.2,1448.6,8.825,11.23,11.835,12.6075,241.25,243.75,243.75,246.75,11.625,10.5,1020.2,1.2530000000000001,0.0,0.0,0.0,0.0,0.75,9.2,6.25,7.525,89.25,1014.415,15.5,59.0,20.75,226.25,11.25,0.0,5.0,0.0,3082547.0,2622265.0,28.5,32.64,0.8660254037844386,0.5000000000000001,0.43388373911755823,-0.900968867902419,-2.4492935982947064e-16,1.0,72.5325,61.2425,80.0,83.57177083333333,10.051806712984755,84.06
2025-12-11 05:00:00+00:00,84.06,6.0,3.0,12.0,False,False,True,True,False,12978.28775,11779.62675,4.6995,-25.578333333333333,2428.08249,994.4992500000001,1286.9075,0.0,0.0,622.4875,0.0,1035.6625,0.0,681.845,-1433.6,-1286.9,622.5,1035.675,681.825,584.7,8.66,10.48,11.045,11.765,228.75,233.0,233.25,241.5,10.95,10.1,1020.325,1.2548750000000002,0.0,0.0,0.0,0.0,1.0,9.15,6.25,7.45,89.0,1014.5274999999999,15.5,62.75,21.75,227.5,12.5,0.0,5.0,0.0,2899669.0,2569860.0,28.5,32.64,0.9659258262890683,0.25881904510252074,0.43388373911755823,-0.900968867902419,-2.4492935982947064e-16,1.0,76.9375,73.7625,76.0,84.00083333333333,9.832269676568055,96.39500000000001
2025-12-11 06:00:00+00:00,96.39500000000001,7.0,3.0,12.0,False,False,True,True,False,14168.0795,13225.174,4.40825,-13.54,2707.895845,1049.80275,804.93375,0.0,0.0,622.425,0.0,682.9124999999999,340.705,17.1,-1658.075,-804.9,622.425,682.9,-323.6,-877.5999999999999,8.575,10.5575,11.1525,11.8825,229.0,232.75,233.0,238.75,10.95,10.225,1020.45,1.2545250000000001,0.0,0.0,0.0,0.0,0.75,9.075,6.25,7.525,90.5,1014.7925,14.75,65.25,21.5,228.75,13.75,0.0,5.0,0.0,2777071.0,2690984.0,28.5,32.64,1.0,6.123233995736766e-17,0.43388373911755823,-0.900968867902419,-2.4492935982947064e-16,1.0,84.06,86.33250000000001,110.0,84.42010416666666,10.145572831856743,107.905
2025-12-11 07:00:00+00:00,107.905,8.0,3.0,12.0,False,False,True,True,False,15147.732,14339.0155,6.0441666666666665,29.029999999999998,1931.181675,1049.7845,1185.9405,0.0,0.0,622.6675,0.0,579.725,467.555,0.0,-881.375,-1185.9,622.675,579.725,-467.55,-443.07499999999993,9.285,10.7975,11.395,11.5175,227.0,228.75,229.0,237.75,11.675,9.775,1020.7,1.256825,0.0,0.0,0.0,0.0,1.0,8.95,6.0,7.55,91.0,1014.865,14.75,63.0,21.25,226.25,12.5,0.0,5.0,0.0,2666559.0,2863739.0,28.5,32.64,0.9659258262890683,-0.25881904510252063,0.43388373911755823,-0.900968867902419,-2.4492935982947064e-16,1.0,96.39500000000001,93.47,126.69,85.0215625,11.08937715868971,103.7775
2025-12-11 08:00:00+00:00,103.7775,9.0,3.0,12.0,False,False,True,True,False,15366.16875,14634.9645,4.24125,-112.02166666666668,1229.176675,1306.08,2225.994,0.0,0.0,622.545,0.0,1002.1025,559.405,0.0,76.9,-2226.0,622.55,1002.1,-559.425,585.6500000000001,9.7275,11.35,12.0125,12.51,223.0,224.5,225.0,228.5,11.875,10.1,1020.725,1.255425,1.5,0.0,1.5,0.0,1.0,9.05,6.0,7.625,90.75,1015.0274999999999,14.75,63.5,21.75,222.5,11.25,0.0,5.0,579377.0,2802498.0,3108956.0,28.5,32.64,0.8660254037844387,-0.49999999999999983,0.43388373911755823,-0.900968867902419,-2.4492935982947064e-16,1.0,107.905,93.02250000000001,82.58500000000001,85.4696875,11.630842017644646,90.5675
2025-12-11 09:00:00+00:00,90.5675,10.0,3.0,12.0,False,False,True,True,False,14835.546750000001,13986.4215,11.605333333333332,-100.645,1418.064995,1504.42,2596.4055,0.0,0.0,622.67,0.0,826.275,473.7925,0.0,86.35,-2596.4,622.65,826.275,-473.8,412.40000000000003,10.0425,11.6675,12.379999999999999,12.8225,218.75,220.0,220.5,225.25,12.175,9.725,1020.975,1.2574,32.75,3.95,28.8,37.6,1.0,8.875,5.75,7.625,92.0,1015.23,13.5,69.5,23.0,223.75,13.75,0.0,5.0,2014885.0,3197086.0,3340846.0,28.5,32.64,0.7071067811865476,-0.7071067811865475,0.43388373911755823,-0.900968867902419,-2.4492935982947064e-16,1.0,103.7775,85.68,92.47,85.67333333333333,11.67737932338951,88.42
2025-12-11 10:00:00+00:00,88.42,11.0,3.0,12.0,False,False,True,True,False,14959.42375,13139.25175,3.6713333333333336,-156.23999999999998,1977.024155,1491.02,2432.8815,0.0,0.0,622.7874999999999,0.0,943.6475,626.165,0.0,-486.02500000000003,-2432.9,622.8000000000001,943.625,-626.15,-153.95,10.2725,12.0425,12.7075,13.0725,214.5,215.75,216.0,217.75,12.725,10.024999999999999,1021.2,1.2563,54.75,6.45,48.3,37.3,1.0,8.975,6.0,7.625,91.5,1015.2475,14.5,69.75,23.25,221.25,12.5,0.0,5.0,3131679.0,3208054.0,3706694.0,28.5,32.64,0.49999999999999994,-0.8660254037844387,0.43388373911755823,-0.900968867902419,-2.4492935982947064e-16,1.0,90.5675,80.4675,92.0025,86.0046875,11.63599307976984,86.47
2025-12-11 11:00:00+00:00,86.47,12.0,3.0,12.0,False,False,True,True,False,14231.2775,12518.06,3.5756666666666663,-192.3,2319.6850025,1506.1075,2216.06525,0.0,0.0,622.79,0.0,797.8725,634.8924999999999,0.0,-813.575,-2216.1,622.8,797.9,-634.9,-581.8000000000001,9.942499999999999,11.5275,12.1775,12.64,211.0,211.75,212.0,216.75,12.425,9.725,1020.975,1.257425,60.0,5.45,54.55,22.7,1.0,9.225,6.0,7.35,88.5,1015.215,16.0,70.25,23.5,220.0,12.5,0.0,5.0,4456834.0,2833434.0,3923235.0,28.5,32.64,0.258819045102521,-0.9659258262890682,0.43388373911755823,-0.900968867902419,-2.4492935982947064e-16,1.0,88.42,79.33500000000001,89.06,86.30197916666667,11.549000167979385,87.11500000000001
2025-12-11 12:00:00+00:00,87.11500000000001,13.0,3.0,12.0,False,False,True,True,False,14652.607250000001,11983.47775,4.0953333333333335,-57.07166666666667,2300.9816825,1434.4075,2013.47325,0.0,0.0,622.67,0.0,642.69,610.1525,0.0,-866.55,-2013.5,622.675,642.7,-610.175,-714.7249999999999,10.425,11.98,12.6625,12.95,211.25,212.75,213.25,214.75,13.075,9.55,1020.475,1.257575,99.0,21.275,77.725,84.05,1.0,9.375,6.5,7.25,86.5,1014.8875,16.0,57.5,23.5,217.5,10.0,0.0,5.0,5061455.0,2229113.0,3740096.0,28.5,32.64,1.2246467991473532e-16,-1.0,0.43388373911755823,-0.900968867902419,-2.4492935982947064e-16,1.0,86.47,79.4,90.72999999999999,86.62343750000001,11.45552827934938,93.83500000000001
2025-12-11 13:00:00+00:00,93.83500000000001,14.0,3.0,12.0,False,False,True,True,False,14856.153,12370.74,6.115333333333334,-9.813333333333333,2315.7792025,1091.3165,1307.9555,0.0,0.0,622.55,0.0,433.7475,91.765,6.155,-1224.475,-1308.0,622.525,433.725,-85.6,-580.775,10.5325,12.235,12.942499999999999,13.2475,210.5,211.0,211.25,212.5,13.125,9.575,1020.175,1.25705,99.25,21.975,77.275,94.825,1.0,9.5,6.75,7.225,86.0,1014.5825,16.0,49.0,20.25,208.75,8.75,0.0,5.0,3960105.0,1816731.0,3274586.0,28.5,32.64,-0.2588190451025208,-0.9659258262890683,0.43388373911755823,-0.900968867902419,-2.4492935982947064e-16,1.0,87.11500000000001,86.0,98.0,86.94989583333334,11.548254349523665,105.9925
2025-12-11 14:00:00+00:00,105.9925,15.0,3.0,12.0,False,False,True,True,False,15285.94175,13417.543749999999,5.9911666666666665,24.441666666666666,1823.27916,646.85025,1265.70425,0.0,0.0,622.7275,0.0,766.135,0.0,643.585,-1176.425,-1265.7,622.725,766.15,643.575,539.625,10.19,11.745,12.5,12.785,210.0,211.25,211.25,212.25,13.375,9.125,1019.95,1.2588,74.5,14.625,59.875,86.4,0.75,9.45,7.0,7.025,85.0,1014.3575,16.0,47.5,18.75,198.75,7.5,0.0,5.0,2338461.0,1918492.0,2499578.0,28.5,32.64,-0.4999999999999998,-0.8660254037844388,0.43388373911755823,-0.900968867902419,-2.4492935982947064e-16,1.0,93.83500000000001,88.9,97.17,87.66208333333333,12.183336639306683,109.745
2025-12-11 15:00:00+00:00,109.745,16.0,3.0,12.0,False,False,True,True,False,15658.522,14641.69825,5.148416666666666,-21.116666666666667,1291.96916,552.9915,1123.498,0.0,0.0,622.5475,0.0,1033.56,0.0,699.58,-738.975,-1123.5,622.525,1033.55,699.6,1335.85,10.2325,11.645,12.2125,12.4,208.25,209.0,209.25,211.0,13.0,9.1,1020.025,1.259,36.0,6.449999999999999,29.549999999999997,62.0,1.0,9.175,6.75,6.95,85.75,1014.1800000000001,16.0,48.75,18.25,192.5,10.0,0.0,5.0,216181.0,2111499.0,1754918.0,28.5,32.64,-0.7071067811865471,-0.7071067811865479,0.43388373911755823,-0.900968867902419,-2.4492935982947064e-16,1.0,105.9925,94.995,132.51999999999998,88.27666666666669,12.91913536249616,112.255
2025-12-11 16:00:00+00:00,112.255,17.0,3.0,12.0,False,False,True,True,False,15913.43825,15043.4475,4.7145,5.86,1454.79583,411.35325,1375.06225,0.0,0.0,622.425,0.0,1012.4975,0.0,700.1225,-1043.425,-1375.1,622.425,1012.5,700.125,947.825,10.254999999999999,11.705,12.440000000000001,12.6675,205.0,206.25,207.25,209.25,13.275,9.025,1019.5500000000001,1.25875,1.5,0.0,1.5,0.15,1.0,8.725,6.0,6.875,88.5,1013.925,16.0,47.0,18.75,187.5,16.25,0.0,5.0,0.0,2417727.0,1428882.0,28.5,32.64,-0.8660254037844384,-0.5000000000000004,0.43388373911755823,-0.900968867902419,-2.4492935982947064e-16,1.0,109.745,103.75999999999999,128.56,88.63062500000001,13.466566213057368,110.765
2025-12-11 17:00:00+00:00,110.765,18.0,3.0,12.0,False,False,True,True,False,15479.9775,14615.50175,3.9618333333333333,-13.889999999999999,2576.91833,317.3,1304.94525,0.0,0.0,622.425,0.0,943.25,0.0,699.04,-2259.625,-1304.9,622.425,943.25,699.0250000000001,-321.15,10.370000000000001,11.665,12.1725,12.282499999999999,203.25,204.5,204.5,205.5,13.25,9.075,1019.45,1.2584,0.0,0.0,0.0,0.0,1.0,8.375,5.75,6.775,89.5,1013.89,14.75,56.5,18.5,188.75,11.25,0.0,5.0,0.0,2739451.0,1723459.0,28.5,32.64,-0.9659258262890683,-0.25881904510252063,0.43388373911755823,-0.900968867902419,-2.4492935982947064e-16,1.0,112.255,103.435,121.11,88.93604166666667,13.893282176240042,105.9625
2025-12-11 18:00:00+00:00,105.9625,19.0,3.0,12.0,False,False,True,True,False,15128.766,14271.850333333334,4.21275,1.71,3005.59083,303.217,1441.5365,0.0,0.0,622.4875,0.0,877.705,0.0,694.0675,-2702.35,-1441.5,622.5,877.7,694.075,-868.5,9.9775,11.1375,11.59,11.595,202.5,203.75,204.0,205.0,13.225,8.9,1019.6,1.25935,0.0,0.0,0.0,0.0,1.0,8.125,5.5,6.575,90.25,1013.78,14.0,63.5,18.25,186.25,12.5,0.0,5.0,0.0,2841483.0,2035870.0,28.5,32.64,-1.0,-1.8369701987210297e-16,0.43388373911755823,-0.900968867902419,-2.4492935982947064e-16,1.0,110.765,95.56,117.0025,89.36947916666666,14.266181182508578,100.52250000000001
2025-12-11 19:00:00+00:00,100.52250000000001,20.0,3.0,12.0,False,False,True,True,False,14751.1965,13880.103516666668,4.3782499999999995,10.523333333333333,2231.0921925000002,324.73400000000004,1781.48475,0.0,0.0,622.3025,0.0,740.8075,0.0,576.0325,-1906.375,-1781.5,622.3000000000001,740.825,576.05,-412.575,9.7025,10.7525,11.16,11.120000000000001,203.5,204.75,204.75,205.25,12.625,8.75,1019.65,1.2601,0.0,0.0,0.0,0.0,1.0,7.975,5.5,6.45,90.0,1013.575,14.5,70.5,17.75,183.75,15.0,0.0,5.0,0.0,879326.0,1137346.0,28.5,32.64,-0.9659258262890684,0.2588190451025203,0.43388373911755823,-0.900968867902419,-2.4492935982947064e-16,1.0,105.9625,86.81,110.2975,89.94083333333333,14.432834747220861,90.44
2025-12-11 20:00:00+00:00,90.44,21.0,3.0,12.0,False,False,True,True,False,14354.882,13488.3567,7.010833333333333,132.29,2395.79,181.912,1580.783,0.0,0.0,622.91,0.0,1027.1675,0.0,553.0625,-2213.85,-1580.8,622.9,1027.15,553.075,-405.925,9.455,10.5625,11.02,11.0425,204.0,205.0,205.25,205.75,12.25,9.0,1019.4,1.258675,0.0,0.0,0.0,0.0,0.75,7.85,4.75,6.325,90.25,1013.645,14.0,68.75,18.25,186.25,10.0,0.0,2.5,0.0,888790.6,958430.8,28.5,32.64,-0.8660254037844386,0.5000000000000001,0.43388373911755823,-0.900968867902419,-2.4492935982947064e-16,1.0,100.52250000000001,84.3,96.1875,90.19666666666666,14.382830771948159,91.4025
2025-12-11 21:00:00+00:00,91.4025,22.0,3.0,12.0,False,False,True,True,False,13772.87225,13096.609883333334,6.292,74.36,2612.078355,270.08225,1481.425,0.0,0.0,622.79,0.0,1034.1675,0.0,673.9375,-2342.0,-1481.4,622.775,1034.175,673.95,-381.45000000000005,8.432500000000001,9.352500000000001,9.705,10.0925,203.0,204.25,204.5,206.5,11.9,9.075,1019.325,1.2582,0.0,0.0,0.0,0.0,0.75,7.725,4.75,6.275,90.0,1013.55,13.5,73.0,18.25,183.75,10.0,0.0,2.5,0.0,898255.2,779515.6,28.5,32.64,-0.7071067811865477,0.7071067811865474,0.43388373911755823,-0.900968867902419,-2.4492935982947064e-16,1.0,90.44,81.15,91.1825,90.62385416666667,14.254131361056306,87.745
2025-12-11 22:00:00+00:00,87.745,23.0,3.0,12.0,False,False,True,True,False,13282.336500000001,12704.863066666667,7.686416666666667,146.59333333333333,2315.8741575,206.18525,1690.85075,0.0,0.0,622.79,0.0,931.02,0.0,539.9025,-2109.7,-1690.9,622.775,931.0500000000001,539.9,-438.67499999999995,8.2725,9.1075,9.44,9.9375,198.25,199.75,199.75,203.75,10.65,8.9,1019.35,1.25905,0.0,0.0,0.0,0.0,0.75,7.7,4.75,6.125,89.75,1013.335,14.0,82.75,17.75,186.25,12.5,0.0,2.5,0.0,907719.8,600600.3999999999,28.5,32.64,-0.5000000000000004,0.8660254037844384,0.43388373911755823,-0.900968867902419,-2.4492935982947064e-16,1.0,91.4025,75.4725,85.0,91.13520833333332,13.902759616519171,81.925
2025-12-11 23:00:00+00:00,81.925,0.0,4.0,12.0,False,False,True,True,False,13004.39025,12313.116250000001,6.096,220.91833333333335,2597.884895,26.3235,1300.1665,0.0,0.0,622.91,0.0,1033.205,0.0,655.0175,-2571.575,-1300.2,622.9,1033.225,655.025,-585.475,7.4775,8.315,8.6175,9.065,196.25,198.75,198.75,203.0,9.525,9.375,1019.325,1.256925,0.0,0.0,0.0,0.0,1.0,7.55,4.75,5.875,89.5,1013.1175000000001,14.25,86.5,17.75,186.25,15.0,0.0,5.0,0.0,917184.4,421685.19999999995,28.5,32.64,-0.25881904510252157,0.9659258262890681,0.43388373911755823,-0.900968867902419,-2.4492935982947064e-16,1.0,87.745,71.7275,75.0,91.56010416666668,13.431679932305604,84.1175
2025-12-12 00:00:00+00:00,84.1175,1.0,4.0,12.0,False,False,True,True,False,12653.58075,11931.175,6.32825,204.77,2424.8416575,0.23175,1784.8045,0.0,0.0,622.6075,0.0,1033.5025,0.0,698.7725,-2424.575,-1784.8,622.6,1033.5,698.775,-515.9,7.5875,8.502500000000001,8.85,9.1675,190.0,192.75,193.0,200.25,9.6,9.4,1018.975,1.25635,0.0,0.0,0.0,0.0,1.0,7.275,4.5,5.75,90.5,1012.85,13.25,88.75,17.25,182.5,17.5,0.0,7.5,0.0,926649.0,242770.0,28.38,27.12,0.0,1.0,-0.433883739117558,-0.9009688679024191,-2.4492935982947064e-16,1.0,81.925,71.1425,80.5375,92.10072916666667,12.821398182233455,84.705
2025-12-12 01:00:00+00:00,84.705,2.0,4.0,12.0,False,False,True,True,False,12488.3855,11709.42225,5.468999999999999,45.39666666666667,2916.2948425,0.0,1481.4615,0.0,0.0,621.8199999999999,0.0,998.4475,0.0,575.3325,-2916.275,-1481.5,621.825,998.425,575.35,-1091.075,6.77,7.6175,7.92,8.1675,173.75,178.5,178.75,189.75,8.2,9.65,1018.425,1.254575,0.0,0.0,0.0,0.0,1.0,7.275,4.5,5.825,90.5,1012.395,13.25,91.25,16.5,182.5,17.5,0.0,7.5,0.0,935112.0,336529.0,28.38,27.12,0.25881904510252074,0.9659258262890683,-0.433883739117558,-0.9009688679024191,-2.4492935982947064e-16,1.0,84.1175,69.8825,80.235,92.71833333333332,12.037662718812577,85.205
2025-12-12 02:00:00+00:00,85.205,3.0,4.0,12.0,False,False,True,True,False,12409.0795,11528.43925,5.0,-144.82833333333335,3279.786815,0.0,1474.001,0.0,0.0,622.91,0.0,754.9300000000001,0.0,479.485,-3279.7749999999996,-1474.0,622.9,754.925,479.475,-1790.95,7.35,8.085,8.4,8.6375,157.0,161.0,161.25,176.0,9.0,9.3,1018.025,1.255625,0.0,0.0,0.0,0.0,1.0,7.175,4.5,5.85,91.25,1012.0699999999999,13.25,92.5,17.0,166.25,17.5,0.0,7.5,0.0,1217472.0,713060.0,28.38,27.12,0.49999999999999994,0.8660254037844387,-0.433883739117558,-0.9009688679024191,-2.4492935982947064e-16,1.0,84.705,71.6475,80.83500000000001,93.28322916666666,11.301469760110129,82.83
2025-12-12 03:00:00+00:00,82.83,4.0,4.0,12.0,False,False,True,True,False,12435.078,11501.16425,3.7348333333333334,-286.39833333333337,3536.1703825,0.0,1497.04075,0.0,0.0,623.3299999999999,0.0,684.9675,0.0,238.9675,-3536.175,-1497.0,623.3,684.975,238.95,-2363.175,8.252500000000001,9.11,9.504999999999999,9.925,159.0,160.75,161.25,169.5,10.325,8.975,1017.7,1.256675,0.0,0.0,0.0,0.0,1.0,7.175,4.5,5.875,91.25,1011.4475,12.75,93.25,17.0,156.25,15.0,0.0,5.0,0.0,2378560.0,929713.0,28.38,27.12,0.7071067811865475,0.7071067811865476,-0.433883739117558,-0.9009688679024191,-2.4492935982947064e-16,1.0,85.205,72.5325,80.04249999999999,93.71229166666667,10.656479961605879,83.4425
2025-12-12 04:00:00+00:00,83.4425,5.0,4.0,12.0,False,False,True,True,False,12668.99725,11523.1355,4.331999999999999,-98.36333333333333,4379.6876075,0.0,1629.11025,0.0,0.0,621.76,0.0,933.3225,36.435,131.44,-4379.675,-1629.1,621.75,933.325,95.025,-3136.875,8.885,9.9375,10.33,10.7,161.5,163.0,163.0,169.25,11.05,9.125,1017.65,1.255925,0.0,0.0,0.0,0.0,1.0,7.1,4.25,5.8,91.5,1010.885,13.25,93.75,17.75,155.0,17.5,0.0,7.5,0.0,2828500.0,1094267.0,28.38,27.12,0.8660254037844386,0.5000000000000001,-0.433883739117558,-0.9009688679024191,-2.4492935982947064e-16,1.0,82.83,76.9375,90.0475,93.98333333333333,10.287613612523845,87.4975
2025-12-12 05:00:00+00:00,87.4975,6.0,4.0,12.0,False,False,True,True,False,13313.8285,12385.72675,5.0424999999999995,-76.55166666666668,4404.9666825,0.0,1151.534,0.0,0.0,557.3,0.0,1053.5,533.6875,0.0,-4404.95,-1151.5,557.3,1053.475,-533.675,-3615.725,8.61,9.75,10.1725,10.9975,157.75,160.0,160.0,168.5,10.975,9.025,1017.65,1.2564,0.0,0.0,0.0,0.0,1.0,7.25,4.25,5.949999999999999,91.5,1010.6375,13.75,92.5,19.25,160.0,17.5,0.0,7.5,0.0,2677680.0,1337981.0,28.38,27.12,0.9659258262890683,0.25881904510252074,-0.433883739117558,-0.9009688679024191,-2.4492935982947064e-16,1.0,83.4425,84.06,114.0,94.12656249999999,10.166667611999847,116.0125
2025-12-12 06:00:00+00:00,116.0125,7.0,4.0,12.0,False,False,True,True,False,14407.346249999999,13592.89625,6.6655,23.19666666666667,3821.1475149999997,0.0,744.66175,0.0,0.0,576.9725,0.0,994.1375,665.7625,0.0,-3821.15,-744.7,576.975,994.125,-665.775,-3101.975,8.45,9.43,9.785,10.3325,165.0,167.0,167.0,175.25,10.6,8.8,1017.5,1.257225,0.0,0.0,0.0,0.0,1.0,7.4,4.25,6.05,91.25,1010.275,14.0,93.75,19.5,160.0,15.0,0.0,5.0,0.0,2543676.0,1169191.0,28.38,27.12,1.0,6.123233995736766e-17,-0.433883739117558,-0.9009688679024191,-2.4492935982947064e-16,1.0,87.4975,96.39500000000001,126.1275,94.94395833333334,11.102524559087957,127.58
2025-12-12 07:00:00+00:00,127.58,8.0,4.0,12.0,False,False,True,True,False,15470.236499999999,14596.16525,9.048499999999999,219.06166666666667,2462.599655,0.0,669.62175,0.0,0.0,622.91,0.0,262.6725,697.5325,0.0,-2462.6,-669.6,622.9,262.675,-697.525,-2441.95,8.33,9.1675,9.5075,10.09,162.75,164.0,164.0,169.75,10.325,8.774999999999999,1017.275,1.257025,0.0,0.0,0.0,0.0,1.0,7.449999999999999,4.25,6.2,91.5,1010.21,14.25,94.25,19.0,161.25,15.0,0.0,5.0,0.0,2448502.0,939778.0,28.38,27.12,0.9659258262890683,-0.25881904510252063,-0.433883739117558,-0.9009688679024191,-2.4492935982947064e-16,1.0,116.0125,107.905,174.2175,95.76375,12.711022946554397,124.205
2025-12-12 08:00:00+00:00,124.205,9.0,4.0,12.0,False,False,True,True,False,15911.86075,14763.818500000001,9.360000000000001,270.8016666666667,1823.9748325,0.0,1057.884,0.0,0.0,616.915,0.0,249.8625,693.3025,0.0,-1823.975,-1057.9,616.925,249.825,-693.325,-1914.975,7.7524999999999995,8.46,8.765,9.2175,173.25,175.0,175.0,179.0,9.65,8.9,1017.725,1.257075,0.25,0.0,0.25,0.0,1.0,7.75,4.75,6.375,91.5,1010.3625,14.75,93.75,18.5,165.0,15.0,0.0,5.0,249418.0,1776605.0,740117.0,28.38,27.12,0.8660254037844387,-0.49999999999999983,-0.433883739117558,-0.9009688679024191,-2.4492935982947064e-16,1.0,127.58,103.7775,176.465,96.61489583333334,13.899343323540162,117.865
2025-12-12 09:00:00+00:00,117.865,10.0,4.0,12.0,False,False,True,True,False,15850.418,14596.31475,6.904833333333333,100.09666666666666,1882.7274075,0.0,1260.82675,0.0,0.0,534.7950000000001,0.0,327.97249999999997,691.8925,0.0,-1882.75,-1260.8,534.7750000000001,327.975,-691.9,-2027.075,8.1275,8.945,9.3225,9.594999999999999,180.5,181.0,181.25,185.5,10.15,8.8,1018.125,1.258,19.0,1.125,17.875,11.125,1.0,8.15,5.25,6.725,90.75,1010.6125,14.75,93.75,19.0,173.75,15.0,0.0,5.0,1042296.0,1271202.0,778994.0,28.38,27.12,0.7071067811865476,-0.7071067811865475,-0.433883739117558,-0.9009688679024191,-2.4492935982947064e-16,1.0,124.205,90.5675,160.695,97.75229166666668,14.487412825949955,113.3775
2025-12-12 10:00:00+00:00,113.3775,11.0,4.0,12.0,False,False,True,True,False,15801.892,14367.61575,8.536000000000001,164.09166666666667,2292.3516675,0.0,1599.631,0.0,0.0,305.465,0.0,1033.4425,695.2625,0.0,-2292.35,-1599.6,305.45,1033.45,-695.275,-2048.6,7.5024999999999995,8.315,8.6125,9.25,181.5,182.5,182.5,188.5,9.375,9.1,1018.475,1.257075,51.5,9.774999999999999,41.725,59.05,1.0,8.525,5.75,6.975,90.25,1010.685,14.75,93.75,19.0,176.25,20.0,0.0,10.0,1813450.0,1222983.0,905363.0,28.38,27.12,0.49999999999999994,-0.8660254037844387,-0.433883739117558,-0.9009688679024191,-2.4492935982947064e-16,1.0,117.865,88.42,153.57750000000001,98.7921875,14.682820879319864,108.9875
2025-12-12 11:00:00+00:00,108.9875,12.0,4.0,12.0,False,False,True,True,False,15528.1925,14412.82375,8.535,226.59333333333333,2782.6500100000003,0.0,1476.559,0.0,0.0,510.8275,0.0,1033.63,676.09,0.0,-2782.6499999999996,-1476.6,510.8,1033.625,-676.1,-2283.45,7.625,8.475,8.817499999999999,9.425,187.75,189.5,189.75,194.5,9.7,9.25,1018.8,1.2568000000000001,101.0,26.225,74.775,116.325,1.0,9.05,6.25,7.25,88.75,1010.75,15.5,93.0,18.25,187.5,17.5,0.0,7.5,1854732.0,1035402.0,888085.0,28.38,27.12,0.258819045102521,-0.9659258262890682,-0.433883739117558,-0.9009688679024191,-2.4492935982947064e-16,1.0,113.3775,86.47,148.2575,99.73041666666667,14.580275215589229,112.17750000000001
2025-12-12 12:00:00+00:00,112.17750000000001,13.0,4.0,12.0,False,False,True,True,False,15493.18475,14389.8735,9.023333333333335,191.30499999999998,2981.1349925,0.0,1185.637,0.0,0.0,604.5,0.0,1033.525,688.9025,0.0,-2981.125,-1185.6,604.5,1033.525,-688.925,-2328.425,7.16,7.7875,8.09,8.3225,185.0,186.75,186.75,191.25,9.3,9.375,1018.775,1.256225,83.0,13.100000000000001,69.9,52.55,1.0,9.5,7.0,7.525,87.25,1010.5725,16.0,93.75,18.5,193.75,20.0,0.0,10.0,1494987.0,1251677.0,1023602.0,28.38,27.12,1.2246467991473532e-16,-1.0,-0.433883739117558,-0.9009688679024191,-2.4492935982947064e-16,1.0,108.9875,87.11500000000001,140.595,100.77468750000001,14.534891889348923,119.0325
2025-12-12 13:00:00+00:00,119.0325,14.0,4.0,12.0,False,False,True,True,False,15567.86975,14582.72625,5.772416666666667,-3.625,2871.5533299999997,0.0,882.9295,0.0,0.0,622.91,0.0,1033.755,684.21,0.0,-2871.55,-882.9,622.9,1033.75,-684.2,-2119.8,7.7375,8.6575,9.01,9.2775,185.75,187.75,187.75,189.75,9.45,9.375,1018.575,1.256,62.75,5.7,57.05,24.45,1.0,9.725,7.25,7.7,87.75,1010.81,15.25,91.25,19.25,195.0,17.5,0.0,7.5,1032955.0,1118694.0,991499.0,28.38,27.12,-0.2588190451025208,-0.9659258262890683,-0.433883739117558,-0.9009688679024191,-2.4492935982947064e-16,1.0,112.17750000000001,93.83500000000001,137.7525,101.82458333333334,14.91684865284524,124.905
2025-12-12 14:00:00+00:00,124.905,15.0,4.0,12.0,False,False,True,True,False,15641.69325,14919.194749999999,6.4775,-8.401666666666667,2738.2433375,0.0,856.22525,0.0,0.0,611.8325,0.0,1034.5349999999999,600.325,0.0,-2738.2250000000004,-856.2,611.825,1034.55,-600.325,-1906.275,7.845,8.79,9.11,9.4575,187.5,189.5,189.5,193.75,9.9,9.525,1018.75,1.25555,61.5,10.4,51.1,58.1,1.0,9.65,7.25,7.7,87.75,1011.0525,15.5,88.75,19.0,197.5,17.5,0.0,7.5,477065.0,1230332.0,888856.0,28.38,27.12,-0.4999999999999998,-0.8660254037844388,-0.433883739117558,-0.9009688679024191,-2.4492935982947064e-16,1.0,119.0325,105.9925,138.0975,102.61260416666669,15.629146762420946,137.44
2025-12-12 15:00:00+00:00,137.44,16.0,4.0,12.0,False,False,True,True,False,15788.447,14887.616333333333,7.948333333333333,114.00333333333333,3216.8424975,0.0,683.0725,0.0,0.0,571.9375,0.0,1049.17,690.2525,0.0,-3216.825,-683.1,571.925,1049.175,-690.25,-2456.75,7.825,9.0925,9.4475,9.9825,190.5,192.25,192.5,195.5,10.375,9.7,1019.025,1.2551,31.75,5.2,26.55,48.099999999999994,1.0,9.6,7.0,7.625,87.75,1011.16,15.5,87.5,18.5,200.0,15.0,0.0,5.0,41105.0,1056117.0,871228.0,28.38,27.12,-0.7071067811865471,-0.7071067811865479,-0.433883739117558,-0.9009688679024191,-2.4492935982947064e-16,1.0,124.905,109.745,139.0875,103.7665625,17.129091463198698,144.35500000000002
2025-12-12 16:00:00+00:00,144.35500000000002,17.0,4.0,12.0,False,False,True,True,False,16145.749,14468.218510416667,6.472416666666666,68.52333333333333,3080.7091525,0.0,1416.986,0.0,0.0,620.005,0.0,1048.995,447.0475,0.0,-3080.7,-1417.0,619.975,1048.975,-447.04999999999995,-2213.0,8.059999999999999,9.25,9.6175,10.385,193.0,195.25,195.25,200.25,10.2,9.75,1019.325,1.25525,1.25,0.0,1.25,0.0,1.0,9.5,6.75,7.5,87.5,1011.21,16.0,86.25,20.75,205.0,18.75,0.0,5.0,0.0,394488.0,278124.0,28.38,27.12,-0.8660254037844384,-0.5000000000000004,-0.433883739117558,-0.9009688679024191,-2.4492935982947064e-16,1.0,137.44,112.255,140.0,105.10406250000001,18.974544443928732,128.8675
2025-12-12 17:00:00+00:00,128.8675,18.0,4.0,12.0,False,False,True,True,False,15540.00575,14048.8206875,4.785166666666667,-70.83333333333333,3277.9283425,0.0,1333.1575,0.0,0.0,537.635,0.0,593.2975,655.04,0.0,-3277.925,-1333.2,537.625,593.325,-655.025,-3135.3,8.190000000000001,9.56,9.967500000000001,10.2175,190.5,193.75,194.0,198.5,10.35,9.85,1019.45,1.254975,0.0,0.0,0.0,0.0,1.0,9.274999999999999,6.75,7.475,88.75,1011.4175,14.75,83.0,20.5,200.0,17.5,0.0,7.5,0.0,721901.375,483780.0,28.38,27.12,-0.9659258262890683,-0.25881904510252063,-0.433883739117558,-0.9009688679024191,-2.4492935982947064e-16,1.0,144.35500000000002,110.765,109.9,105.85833333333333,19.560127265005093,109.1925
2025-12-12 18:00:00+00:00,109.1925,19.0,4.0,12.0,False,False,True,True,False,14821.1885,13629.422864583334,4.5605,-24.303333333333335,3426.8266624999997,0.0,1312.3245,0.0,0.0,608.5,250.735,0.0,661.5125,0.0,-3426.825,-1312.3,608.5,-250.75,-661.525,-4058.65,8.4175,9.8325,10.34,10.9625,191.75,194.0,194.5,199.5,10.7,9.95,1019.9000000000001,1.25505,0.0,0.0,0.0,0.0,1.0,9.125,6.5,7.325,89.25,1011.685,15.25,79.0,21.75,198.75,16.25,0.0,7.5,0.0,1049314.75,689436.0,28.38,27.12,-1.0,-1.8369701987210297e-16,-0.433883739117558,-0.9009688679024191,-2.4492935982947064e-16,1.0,128.8675,105.9625,91.0,105.99291666666669,19.571983548844482,101.4975
2025-12-12 19:00:00+00:00,101.4975,20.0,4.0,12.0,False,False,True,True,False,14264.804,13210.025041666668,4.323833333333334,-67.28166666666667,3772.4133325,0.0,1553.935,0.0,0.0,621.215,894.805,0.0,371.9075,0.0,-3772.4,-1553.9,621.2,-894.8,-371.925,-4806.375,9.1125,10.6525,11.115,11.875,194.25,195.75,196.0,201.0,11.375,9.975,1020.375,1.255525,0.0,0.0,0.0,0.0,1.0,8.95,6.25,7.325,90.0,1012.0375,14.75,77.5,22.25,196.25,17.5,0.0,7.5,0.0,1376728.125,895092.0,28.38,27.12,-0.9659258262890684,0.2588190451025203,-0.433883739117558,-0.9009688679024191,-2.4492935982947064e-16,1.0,109.1925,100.52250000000001,87.215,106.03354166666668,19.561143964901106,94.0
2025-12-12 20:00:00+00:00,94.0,21.0,4.0,12.0,False,False,True,True,False,13700.192500000001,12790.62721875,4.452,-9.266666666666667,3320.3766675,0.0,1955.68075,0.0,0.0,622.7275,370.76,0.0,386.0125,0.0,-3320.375,-1955.7,622.725,-370.775,-386.0,-3943.35,9.2025,10.9075,11.56,12.5225,197.0,199.0,200.0,205.75,11.55,10.05,1021.025,1.256,0.0,0.0,0.0,0.0,1.0,8.775,5.75,7.175,90.0,1012.5125,14.0,75.75,22.25,198.75,13.75,0.0,5.0,0.0,1704141.5,1100748.0,28.38,27.12,-0.8660254037844386,0.5000000000000001,-0.433883739117558,-0.9009688679024191,-2.4492935982947064e-16,1.0,101.4975,90.44,86.045,106.181875,19.450943467254014,89.5275
2025-12-12 21:00:00+00:00,89.5275,22.0,4.0,12.0,False,False,True,True,False,12961.2095,12371.229395833334,4.644916666666666,-12.780000000000001,3581.3114125,0.0,1800.63525,0.0,0.0,622.5475,104.8375,0.0,453.0775,0.0,-3581.325,-1800.6,622.525,-104.825,-453.1,-3966.825,8.925,10.7575,11.4225,12.495000000000001,203.75,206.0,207.0,213.25,11.725,10.2,1021.375,1.25575,0.0,0.0,0.0,0.0,1.0,8.775,5.75,7.075,89.25,1012.8125,15.25,74.25,22.75,201.25,13.75,0.0,5.0,0.0,2031554.875,1306404.0,28.38,27.12,-0.7071067811865477,0.7071067811865474,-0.433883739117558,-0.9009688679024191,-2.4492935982947064e-16,1.0,94.0,91.4025,82.2925,106.10374999999999,19.51654085251363,89.9125
2025-12-12 22:00:00+00:00,89.9125,23.0,4.0,12.0,False,False,True,True,False,12231.04175,11951.831572916666,4.396,-51.94166666666667,3152.3552475,0.0,2255.02075,0.0,0.0,622.4224999999999,189.7,0.0,502.445,0.0,-3152.35,-2255.0,622.4250000000001,-189.725,-502.45000000000005,-3785.8250000000003,8.91,10.567499999999999,11.2375,12.254999999999999,210.25,213.25,213.75,221.0,11.675,10.3,1021.525,1.255525,0.0,0.0,0.0,0.0,1.0,8.75,5.75,6.949999999999999,88.75,1013.005,15.25,73.25,23.25,203.75,13.75,0.0,5.0,0.0,2358968.25,1512060.0,28.38,27.12,-0.5000000000000004,0.8660254037844384,-0.433883739117558,-0.9009688679024191,-2.4492935982947064e-16,1.0,89.5275,87.745,79.0075,106.19406250000002,19.432727392721905,85.9625
2025-12-12 23:00:00+00:00,85.9625,0.0,5.0,12.0,True,False,False,True,False,11754.3835,11532.43375,4.3125,-75.02333333333333,3183.32741,0.0,2492.51375,0.0,0.0,622.7874999999999,0.405,0.0,697.1575,0.0,-3183.325,-2492.5,622.775,-0.4,-697.175,-3881.25,8.057500000000001,9.73,10.4225,11.129999999999999,229.25,232.0,233.0,236.75,10.475,10.55,1021.75,1.254675,0.0,0.0,0.0,0.0,1.0,8.55,5.5,6.825,89.0,1013.3924999999999,15.25,67.5,22.5,207.5,15.0,0.0,7.5,0.0,2686381.625,1717716.0,28.38,27.12,-0.25881904510252157,0.9659258262890681,-0.433883739117558,-0.9009688679024191,-2.4492935982947064e-16,1.0,89.9125,81.925,75.225,106.36229166666665,19.229913361466295,88.7375
2025-12-13 00:00:00+00:00,88.7375,1.0,5.0,12.0,True,False,False,True,False,11328.23875,11142.219,4.299833333333334,-44.516666666666666,3200.6698225,0.0,2666.41075,0.0,0.0,622.8475,96.42,0.0,689.14,0.0,-3200.675,-2666.4,622.85,-96.42500000000001,-689.15,-4030.0,8.0875,9.8425,10.5425,11.1,239.5,242.25,243.25,248.75,10.075,10.35,1022.2,1.2561,0.0,0.0,0.0,0.0,1.0,8.3,5.25,6.725,89.75,1013.6475,14.75,72.25,22.5,211.25,15.0,0.0,7.5,0.0,3013795.0,1923372.0,28.38,27.12,0.0,1.0,-0.9749279121818236,-0.2225209339563146,-2.4492935982947064e-16,1.0,85.9625,84.1175,69.37,106.55479166666667,19.01952456368535,85.1
2025-12-13 01:00:00+00:00,85.1,2.0,5.0,12.0,True,False,False,True,False,10964.593,10755.91075,5.40825,21.43,3072.87574,0.0,2330.44325,0.0,0.0,610.1999999999999,0.87,0.0,686.1575,0.0,-3072.875,-2330.4,610.2,-0.875,-686.15,-3732.3,7.2524999999999995,8.467500000000001,9.0275,9.34,247.5,253.5,254.0,258.5,9.675,10.175,1022.6,1.257375,0.0,0.0,0.0,0.0,1.0,8.3,5.25,6.775,90.25,1013.7625,14.25,75.25,21.75,213.75,13.75,0.0,5.0,0.0,2472263.0,2446676.0,28.38,27.12,0.25881904510252074,0.9659258262890683,-0.9749279121818236,-0.2225209339563146,-2.4492935982947064e-16,1.0,88.7375,84.705,66.36,106.57125,18.99995586379332,82.3325
2025-12-13 02:00:00+00:00,82.3325,3.0,5.0,12.0,True,False,False,True,False,10718.994999999999,10817.75225,5.1265833333333335,33.72666666666667,2734.3444425,3.9395000000000002,2613.96425,0.0,0.0,399.93,0.0,210.2075,369.625,0.0,-2730.4,-2614.0,399.925,210.25,-369.625,-3143.375,7.505,8.852500000000001,9.370000000000001,9.61,271.75,274.5,275.25,277.0,9.375,10.325000000000001,1023.3,1.257575,0.0,0.0,0.0,0.0,1.0,8.125,5.0,6.825,91.25,1014.0575,14.0,83.25,21.0,215.0,15.0,0.0,5.0,0.0,1738929.0,2269902.0,28.38,27.12,0.49999999999999994,0.8660254037844387,-0.9749279121818236,-0.2225209339563146,-2.4492935982947064e-16,1.0,85.1,85.205,62.3175,106.45156250000001,19.148865314500693,79.7975
2025-12-13 03:00:00+00:00,79.7975,4.0,5.0,12.0,True,False,False,True,False,10746.21675,10831.6555,6.351500000000001,99.23833333333333,2872.9463674999997,0.0,2364.7315,0.0,0.0,601.7125,0.0,360.765,69.8375,2.545,-2872.95,-2364.7,601.725,360.77500000000003,-67.275,-2568.9500000000003,7.422499999999999,8.7525,9.2925,9.4775,278.25,280.5,282.0,285.5,9.0,10.175,1023.675,1.258675,0.0,0.0,0.0,0.0,1.0,8.05,5.0,6.7,91.0,1014.16,14.25,86.25,20.0,225.0,15.0,0.0,5.0,0.0,1341276.0,2080860.0,28.38,27.12,0.7071067811865475,0.7071067811865476,-0.9749279121818236,-0.2225209339563146,-2.4492935982947064e-16,1.0,82.3325,82.83,59.1925,106.32520833333332,19.32074313198405,81.45750000000001
2025-12-13 04:00:00+00:00,81.45750000000001,5.0,5.0,12.0,True,False,False,True,False,10932.963,10974.556499999999,5.4430000000000005,25.646666666666665,2985.6063999999997,0.0,2287.3755,0.0,0.0,611.8175,0.0,560.7475,0.0,253.72250000000003,-2985.625,-2287.4,611.8,560.725,253.72500000000002,-2131.15,6.285,7.34,7.76,7.945,290.5,292.75,293.5,295.5,8.775,10.325,1023.875,1.2582499999999999,0.0,0.0,0.0,0.0,1.0,7.925,4.75,6.575,91.25,1014.2225000000001,14.25,87.0,19.75,221.25,12.5,0.0,2.5,0.0,739436.0,1546432.0,28.38,27.12,0.8660254037844386,0.5000000000000001,-0.9749279121818236,-0.2225209339563146,-2.4492935982947064e-16,1.0,79.7975,83.4425,57.0325,106.2425,19.426915495059454,77.1475
2025-12-13 05:00:00+00:00,77.1475,6.0,5.0,12.0,True,False,False,True,False,11379.29825,11367.38675,5.281000000000001,4.816666666666666,2555.6001775,0.0,2090.55575,0.0,0.0,622.425,0.0,741.715,0.0,581.365,-2555.6,-2090.6,622.425,741.725,581.35,-1132.725,6.47,7.49,7.795,7.8999999999999995,296.0,297.5,297.5,298.25,7.975,10.175,1024.35,1.259525,0.0,0.0,0.0,0.0,1.0,7.8999999999999995,5.0,6.6,91.5,1014.3425,14.0,88.25,19.5,220.0,12.5,0.0,2.5,0.0,474772.0,1038658.0,28.38,27.12,0.9659258262890683,0.25881904510252074,-0.9749279121818236,-0.2225209339563146,-2.4492935982947064e-16,1.0,81.45750000000001,87.4975,56.605000000000004,105.81125000000002,19.96844969325814,79.375
2025-12-13 06:00:00+00:00,79.375,7.0,5.0,12.0,True,False,False,True,False,11959.63125,12037.18875,4.471416666666666,-17.108333333333334,2061.3559225,40.848,1662.73575,0.0,0.0,621.3399999999999,0.0,950.4825,0.0,464.44,-2020.5,-1662.7,621.35,950.475,464.45,-399.95,5.415,6.2775,6.5675,6.76,291.75,292.25,292.5,294.5,7.55,10.0,1024.85,1.2609,0.0,0.0,0.0,0.0,1.0,7.975,5.0,6.625,91.25,1014.5425,14.25,87.25,19.5,220.0,12.5,0.0,2.5,0.0,381793.0,774076.0,28.38,27.12,1.0,6.123233995736766e-17,-0.9749279121818236,-0.2225209339563146,-2.4492935982947064e-16,1.0,77.1475,116.0125,60.989999999999995,104.2846875,20.54674097865054,93.99
2025-12-13 07:00:00+00:00,93.99,8.0,5.0,12.0,True,False,False,True,False,12691.8265,12836.52425,5.790666666666667,49.605000000000004,1417.7554225,0.0,2171.6455,0.0,0.0,622.73,0.0,983.5699999999999,0.0,655.6125,-1417.75,-2171.6,622.725,983.575,655.6,301.225,5.2325,6.0125,6.262499999999999,6.275,284.0,285.5,285.5,287.0,6.775,9.975,1025.375,1.2617,0.0,0.0,0.0,0.0,1.0,7.95,5.25,6.725,91.75,1014.8050000000001,14.0,87.75,19.0,220.0,15.0,0.0,5.0,357.0,264475.0,435329.0,28.38,27.12,0.9659258262890683,-0.25881904510252063,-0.9749279121818236,-0.2225209339563146,-2.4492935982947064e-16,1.0,79.375,127.58,70.9675,102.88510416666666,20.028429786604484,103.045
2025-12-13 08:00:00+00:00,103.045,9.0,5.0,12.0,True,False,False,True,False,13139.63425,13146.81325,6.397666666666667,70.86,1117.9224975,0.0,2431.239,0.0,0.0,622.18,0.0,546.8475,0.0,682.655,-1117.925,-2431.2,622.2,546.85,682.65,125.94999999999999,5.205,5.9375,6.1674999999999995,6.145,275.0,275.5,275.5,275.75,6.75,10.125,1026.075,1.26185,0.5,0.0,0.5,0.0,1.0,8.025,5.5,6.75,91.25,1015.0574999999999,14.25,86.25,18.25,217.5,15.0,0.0,5.0,454397.0,221537.0,260066.0,28.38,27.12,0.8660254037844387,-0.49999999999999983,-0.9749279121818236,-0.2225209339563146,-2.4492935982947064e-16,1.0,93.99,124.205,76.13499999999999,102.0034375,19.50808699104756,98.33749999999999
2025-12-13 09:00:00+00:00,98.33749999999999,10.0,5.0,12.0,True,False,False,True,False,13177.0065,12673.610499999999,5.124666666666667,20.613333333333333,1785.86826,0.0,2505.14925,0.0,0.0,622.55,0.0,477.075,0.0,565.0525,-1785.875,-2505.1,622.525,477.075,565.075,-747.475,5.54,6.335,6.5825000000000005,6.6975,268.25,269.0,269.25,269.75,7.1000000000000005,10.025,1026.725,1.263125,34.0,6.9,27.1,68.05,0.75,8.225,5.75,6.8,91.0,1015.3925,13.5,82.25,18.25,215.0,15.0,0.0,5.0,1600181.0,301564.0,292751.0,28.38,27.12,0.7071067811865476,-0.7071067811865475,-0.9749279121818236,-0.2225209339563146,-2.4492935982947064e-16,1.0,103.045,117.865,76.3425,101.18979166666666,19.222910921672177,93.7
2025-12-13 10:00:00+00:00,93.7,11.0,5.0,12.0,True,False,False,True,False,13075.805250000001,11989.001,4.733833333333334,-21.778333333333332,2706.3791,0.0,2658.0625,0.0,0.0,620.1875,0.0,926.1675,0.0,594.655,-2706.375,-2658.1,620.1750000000001,926.175,594.7,-1229.875,5.75,6.5375000000000005,6.7675,6.825,263.75,264.0,264.25,264.5,7.1,10.05,1027.25,1.263625,89.75,31.299999999999997,58.45,187.025,1.0,8.55,7.0,7.550000000000001,94.0,1027.9,12.0,65.0,9.5,252.5,5.0,0.0,0.0,3687250.0,441705.0,513903.0,28.38,27.12,0.49999999999999994,-0.8660254037844387,-0.9749279121818236,-0.2225209339563146,-2.4492935982947064e-16,1.0,98.33749999999999,113.3775,77.41499999999999,100.36989583333332,19.099727113335998,90.2575
2025-12-13 11:00:00+00:00,90.2575,12.0,5.0,12.0,True,False,False,True,False,12898.5095,11255.4325,4.288916666666666,-0.2333333333333335,3452.6871,0.0,2601.25475,0.0,0.0,617.5799999999999,0.0,1044.53,0.0,472.635,-3452.675,-2601.3,617.6,1044.55,472.65000000000003,-1968.25,5.2925,6.09,6.325,6.37,262.25,263.5,263.5,264.75,6.949999999999999,10.05,1027.225,1.2636,132.75,56.349999999999994,76.4,251.25,0.25,9.15,7.5,7.35,88.5,1028.055,15.0,50.5,10.5,265.0,5.0,0.0,0.0,4945985.0,450699.0,599617.0,28.38,27.12,0.258819045102521,-0.9659258262890682,-0.9749279121818236,-0.2225209339563146,-2.4492935982947064e-16,1.0,93.7,108.9875,76.1125,99.58947916666666,19.11495031466635,88.695
2025-12-13 12:00:00+00:00,88.695,13.0,5.0,12.0,True,False,False,True,False,12902.779,10794.9235,3.3866666666666663,-209.9,3841.4053375,0.0,2190.77425,0.0,0.0,622.425,0.0,1046.365,0.0,550.05,-3841.4,-2190.8,622.425,1046.35,550.025,-2170.275,5.755,6.6899999999999995,6.955,7.050000000000001,254.25,256.75,256.75,258.75,7.15,10.225,1026.75,1.2622499999999999,168.5,83.125,85.375,339.85,0.25,9.350000000000001,8.0,7.35,87.5,1027.625,16.0,33.5,9.5,257.5,2.5,0.0,0.0,6700020.0,501038.0,795023.0,28.38,27.12,1.2246467991473532e-16,-1.0,-0.9749279121818236,-0.2225209339563146,-2.4492935982947064e-16,1.0,90.2575,112.17750000000001,77.025,98.61104166666667,19.043458007659744,91.025
2025-12-13 13:00:00+00:00,91.025,14.0,5.0,12.0,True,False,False,True,False,13012.897500000001,11090.3295,3.4473333333333334,-216.71666666666667,3810.7160825,0.0,1831.245,0.0,0.0,622.6075,0.0,998.8325,0.0,432.22249999999997,-3810.725,-1831.2,622.6,998.85,432.225,-2214.875,5.88,6.7675,7.035,7.1525,252.0,252.5,252.75,253.75,7.3,10.1,1026.5,1.2625250000000001,180.75,86.3,94.45,376.425,0.0,9.5,8.5,7.199999999999999,86.0,1027.4,16.0,17.5,10.5,242.5,0.0,0.0,0.0,6437154.0,537216.0,817766.0,28.38,27.12,-0.2588190451025208,-0.9659258262890683,-0.9749279121818236,-0.2225209339563146,-2.4492935982947064e-16,1.0,88.695,119.0325,77.97999999999999,97.44406250000002,18.590382781516965,107.995
2025-12-13 14:00:00+00:00,107.995,15.0,5.0,12.0,True,False,False,True,False,13449.4885,12318.44325,5.873166666666666,0.6450000000000001,3131.0423425,0.283,1826.118,0.0,0.0,622.305,0.0,1048.745,0.0,673.145,-3130.775,-1826.1,622.3,1048.75,673.15,-1243.075,6.24,7.2775,7.59,7.6975,250.75,251.75,251.75,253.0,7.675,10.075,1026.5,1.2626,146.25,67.4,78.85,379.15,0.0,9.05,7.5,7.0,87.5,1027.225,16.0,10.0,9.0,230.0,0.0,0.0,0.0,3830374.0,480125.0,570860.0,28.38,27.12,-0.4999999999999998,-0.8660254037844388,-0.9749279121818236,-0.2225209339563146,-2.4492935982947064e-16,1.0,91.025,124.905,82.53999999999999,96.73947916666667,17.808349683980985,113.86
2025-12-13 15:00:00+00:00,113.86,16.0,5.0,12.0,True,False,False,True,False,14089.6795,13234.837999999998,7.665,108.04166666666667,2334.5010675,8.125499999999999,1656.25775,0.0,0.0,622.18,0.0,1048.59,0.0,666.0274999999999,-2326.375,-1656.3,622.2,1048.6,666.05,-403.65000000000003,6.3,7.3325,7.6275,7.7575,246.75,248.5,248.5,249.75,7.925,10.075,1026.35,1.262425,64.25,21.675,42.575,201.05,0.0,8.25,6.5,6.6,90.0,1027.4250000000002,16.0,22.5,9.0,225.0,0.0,0.0,0.0,173190.0,453751.0,333361.0,28.38,27.12,-0.7071067811865471,-0.7071067811865479,-0.9749279121818236,-0.2225209339563146,-2.4492935982947064e-16,1.0,107.995,137.44,87.33,95.75697916666665,16.026568718225032,114.53
2025-12-13 16:00:00+00:00,114.53,17.0,5.0,12.0,True,False,False,True,False,14539.3345,12990.934156249998,7.2716666666666665,87.25,1916.49999,146.6385,1762.86725,0.0,0.0,622.12,0.0,1038.99,0.0,564.6375,-1769.875,-1762.9,622.125,1039.0,564.65,15.174999999999997,6.455,7.4375,7.734999999999999,7.859999999999999,240.25,242.25,242.25,244.0,8.125,10.0,1026.35,1.262775,3.75,0.07500000000000001,3.675,1.425,0.0,8.0,6.5,5.949999999999999,87.5,1027.29,16.0,22.5,9.5,225.0,0.0,0.0,0.0,0.0,195532.0,99596.0,28.38,27.12,-0.8660254037844384,-0.5000000000000004,-0.9749279121818236,-0.2225209339563146,-2.4492935982947064e-16,1.0,113.86,144.35500000000002,88.41,94.51427083333334,12.956726838562256,108.61500000000001
2025-12-13 17:00:00+00:00,108.61500000000001,18.0,5.0,12.0,True,False,False,True,False,14338.78975,12747.0303125,5.993333333333334,57.97166666666667,2010.614155,374.571,2158.6565,0.0,0.0,622.1825,0.0,820.5125,0.0,341.415,-1636.075,-2158.7,622.175,820.525,341.425,-391.59999999999997,6.717499999999999,7.789999999999999,8.120000000000001,8.24,235.75,238.25,238.25,239.75,8.35,10.1,1026.375,1.26235,0.0,0.0,0.0,0.0,0.25,7.3,5.5,5.75,90.5,1027.3899999999999,15.0,40.0,11.0,220.0,5.0,0.0,0.0,0.0,522361.0,216092.75,28.38,27.12,-0.9659258262890683,-0.25881904510252063,-0.9749279121818236,-0.2225209339563146,-2.4492935982947064e-16,1.0,114.53,128.8675,84.57,93.67041666666667,11.156518412108559,101.3575
2025-12-13 18:00:00+00:00,101.3575,19.0,5.0,12.0,True,False,False,True,False,13762.23525,12503.126468749999,4.976249999999999,-58.99333333333333,2692.11917,354.56325,1800.81625,0.0,0.0,622.305,0.0,532.3075,0.0,346.065,-2337.55,-1800.8,622.3,532.3,346.075,-1287.1,7.085,8.1575,8.485,8.6125,229.25,230.5,230.5,232.5,8.7,10.05,1026.25,1.262425,0.0,0.0,0.0,0.0,0.5,6.800000000000001,4.5,5.45,91.0,1027.42,14.5,58.0,11.0,217.5,7.5,0.0,0.0,0.0,849190.0,332589.5,28.38,27.12,-1.0,-1.8369701987210297e-16,-0.9749279121818236,-0.2225209339563146,-2.4492935982947064e-16,1.0,108.61500000000001,109.1925,83.1625,93.34395833333332,10.791220563915145,89.70750000000001
2025-12-13 19:00:00+00:00,89.70750000000001,20.0,5.0,12.0,True,False,False,True,False,13253.74675,12259.222624999999,4.003833333333334,-36.13333333333333,3261.4507949999997,401.00875,1682.407,0.0,0.0,622.3025,0.0,574.1424999999999,0.0,520.1125,-2860.45,-1682.4,622.325,574.15,520.125,-1564.5,7.737500000000001,8.9725,9.34,9.51,223.5,225.0,225.25,227.25,9.5,10.0,1026.1,1.2624499999999999,0.0,0.0,0.0,0.0,1.0,6.4,4.0,5.3,92.5,1027.49,13.5,63.0,12.0,217.5,7.5,0.0,0.0,0.0,1176019.0,449086.25,28.38,27.12,-0.9659258262890684,0.2588190451025203,-0.9749279121818236,-0.2225209339563146,-2.4492935982947064e-16,1.0,101.3575,101.4975,76.16,92.85270833333333,10.671603723980468,87.75
2025-12-13 20:00:00+00:00,87.75,21.0,5.0,12.0,True,False,False,True,False,12798.702,12015.31878125,4.8516666666666675,-45.78,3552.401655,567.67625,1623.37775,0.0,0.0,622.67,0.0,408.9,0.0,698.98,-2984.725,-1623.4,622.65,408.875,699.0,-1660.025,8.5275,9.8075,10.2225,10.3975,220.5,222.0,222.0,224.25,10.525,9.925,1026.0,1.26265,0.0,0.0,0.0,0.0,1.0,6.0,3.5,5.15,93.5,1027.45,12.0,55.0,13.0,205.0,5.0,0.0,0.0,0.0,1502848.0,565583.0,28.38,27.12,-0.8660254037844386,0.5000000000000001,-0.9749279121818236,-0.2225209339563146,-2.4492935982947064e-16,1.0,89.70750000000001,94.0,73.2475,92.59229166666665,10.718544776630376,87.325
2025-12-13 21:00:00+00:00,87.325,22.0,5.0,12.0,True,False,False,True,False,12246.27225,11771.4149375,4.653583333333333,-20.40666666666667,3612.64082,672.94,1819.78125,0.0,0.0,622.6075,0.0,596.325,0.0,699.8425,-2939.7,-1819.8,622.625,596.3,699.8249999999999,-1475.85,9.065000000000001,10.41,10.8725,11.1075,220.25,221.5,221.5,223.75,11.2,9.85,1025.9,1.262875,0.0,0.0,0.0,0.0,1.0,5.7,3.0,4.8,94.0,1027.5149999999999,12.0,72.5,12.0,205.0,7.5,0.0,0.0,0.0,1829677.0,682079.75,28.38,27.12,-0.7071067811865477,0.7071067811865474,-0.9749279121818236,-0.2225209339563146,-2.4492935982947064e-16,1.0,87.75,89.5275,71.295,92.50052083333334,10.755291796093653,80.0
2025-12-13 22:00:00+00:00,80.0,23.0,5.0,12.0,True,False,False,True,False,11841.6495,11527.511093750001,4.529833333333333,-13.511666666666667,3507.9483575,818.89625,1704.444,0.0,0.0,621.0899999999999,0.0,521.0775,0.0,699.945,-2689.05,-1704.4,621.1,521.075,699.975,-1273.05,9.5425,10.92,11.425,11.6975,219.25,220.25,220.5,222.25,11.9,9.8,1025.475,1.2626,0.0,0.0,0.0,0.0,0.5,5.550000000000001,3.0,4.65,94.5,1027.325,12.0,81.0,14.0,205.0,10.0,0.0,0.0,0.0,2156506.0,798576.5,28.38,27.12,-0.5000000000000004,0.8660254037844384,-0.9749279121818236,-0.2225209339563146,-2.4492935982947064e-16,1.0,87.325,89.9125,67.44749999999999,92.08749999999999,11.045412263253214,89.41499999999999
2025-12-13 23:00:00+00:00,89.41499999999999,0.0,6.0,12.0,True,False,False,True,False,12402.7145,11283.607250000001,2.9859166666666668,-74.50333333333333,2705.224165,1143.8229999999999,2164.74,0.0,0.0,614.9749999999999,0.0,1021.5875,0.0,699.9100000000001,-1561.425,-2164.7,614.975,1021.575,699.95,233.87499999999994,9.285,10.5725,11.057500000000001,11.440000000000001,219.5,221.25,221.75,225.0,11.600000000000001,9.65,1025.025,1.2627,0.0,0.0,0.0,0.0,1.0,5.5,2.5,4.65,94.5,1026.955,11.0,67.5,14.0,197.5,7.5,0.0,0.0,0.0,2483335.0,915073.25,28.38,27.12,-0.25881904510252157,0.9659258262890681,-0.9749279121818236,-0.2225209339563146,-2.4492935982947064e-16,1.0,80.0,85.9625,63.9,92.23135416666668,10.98448710927834,88.075
2025-12-14 00:00:00+00:00,88.075,1.0,6.0,12.0,True,False,False,True,False,12133.182,11129.19125,3.872,-85.6,2410.9391725,1342.73,1813.78125,0.0,0.0,622.8475,0.0,1038.1225,0.0,699.73,-1068.225,-1813.8,622.85,1038.125,699.7,839.0250000000001,9.915,11.317499999999999,11.815,12.0875,222.5,224.0,224.25,226.5,12.25,9.9,1024.65,1.261125,0.0,0.0,0.0,0.0,1.0,5.25,2.5,4.5,95.5,1026.6550000000002,10.5,57.5,14.5,200.0,5.0,0.0,0.0,0.0,2810164.0,1031570.0,28.38,27.12,0.0,1.0,-0.7818314824680299,0.6234898018587334,-2.4492935982947064e-16,1.0,89.41499999999999,88.7375,58.2575,92.20375,10.994476849566754,79.7875
2025-12-14 01:00:00+00:00,79.7875,2.0,6.0,12.0,True,False,False,True,False,11942.02825,10829.3335,5.6685,30.8,2724.7066575,1393.0974999999999,1511.69775,0.0,0.0,622.67,0.0,893.05,0.0,699.73,-1331.6,-1511.7,622.65,893.05,699.7,505.92499999999995,10.1225,11.6325,12.1275,12.4275,218.5,219.75,220.0,222.25,12.575,9.975,1024.175,1.260225,0.0,0.0,0.0,0.0,1.0,5.4,2.5,4.5,94.0,1026.23,12.0,56.0,16.0,202.5,5.0,0.0,0.0,0.0,2600785.0,1319966.0,28.38,27.12,0.25881904510252074,0.9659258262890683,-0.7818314824680299,0.6234898018587334,-2.4492935982947064e-16,1.0,88.075,85.1,53.9525,91.98239583333334,11.19536014817658,77.6575
2025-12-14 02:00:00+00:00,77.6575,3.0,6.0,12.0,True,False,False,True,False,11894.74475,10705.63875,6.113666666666666,61.083333333333336,3145.45081,1367.37,1190.4625,0.0,0.0,622.7249999999999,0.0,941.4875,0.0,699.73,-1778.1,-1190.5,622.725,941.4749999999999,699.7,188.24999999999997,9.53,10.8675,11.3225,11.705,217.5,218.75,218.75,222.25,11.825,9.625,1023.6750000000001,1.261125,0.0,0.0,0.0,0.0,1.0,5.5,2.5,4.4,93.0,1026.19,12.0,57.5,16.0,207.5,5.0,0.0,0.0,0.0,2713151.0,1535682.0,28.38,27.12,0.49999999999999994,0.8660254037844387,-0.7818314824680299,0.6234898018587334,-2.4492935982947064e-16,1.0,79.7875,82.3325,51.7175,91.78760416666667,11.409190695471837,73.9
2025-12-14 03:00:00+00:00,73.9,4.0,6.0,12.0,True,False,False,True,False,11824.878499999999,10530.9385,7.3983333333333325,217.81666666666666,3437.78417,1354.165,1114.66225,0.0,0.0,622.73,0.0,979.245,0.0,699.73,-2083.625,-1114.7,622.725,979.25,699.7,-60.57500000000001,10.26,11.7825,12.2975,12.719999999999999,217.75,218.75,219.0,222.0,12.725000000000001,9.775,1023.175,1.25985,0.0,0.0,0.0,0.0,1.0,5.35,2.0,4.449999999999999,94.0,1025.8200000000002,12.0,60.5,16.0,207.5,5.0,0.0,0.0,0.0,2572316.0,1779147.0,28.38,27.12,0.7071067811865475,0.7071067811865476,-0.7818314824680299,0.6234898018587334,-2.4492935982947064e-16,1.0,77.6575,79.7975,60.44,91.541875,11.73744683856121,74.82
2025-12-14 04:00:00+00:00,74.82,5.0,6.0,12.0,True,False,False,True,False,11810.981,10366.837,7.132833333333334,193.06666666666666,3624.795865,1422.3625,1092.26425,0.0,0.0,622.7874999999999,0.0,910.7925,0.0,699.73,-2202.425,-1092.3,622.8,910.8,699.7,-242.2,10.625,12.165,12.68,13.19,214.25,216.25,216.5,223.5,13.275,9.275,1022.8,1.26165,0.0,0.0,0.0,0.0,1.0,5.199999999999999,2.0,4.199999999999999,93.5,1025.35,11.0,67.5,16.0,202.5,5.0,0.0,0.0,0.0,2475574.0,2352873.0,28.38,27.12,0.8660254037844386,0.5000000000000001,-0.7818314824680299,0.6234898018587334,-2.4492935982947064e-16,1.0,73.9,81.45750000000001,62.004999999999995,91.2653125,12.059178249828982,73.3875
2025-12-14 05:00:00+00:00,73.3875,6.0,6.0,12.0,True,False,False,True,False,12005.17225,10208.19625,4.952666666666667,49.666666666666664,3238.061665,1558.0475000000001,1509.053,0.0,0.0,622.4875,0.0,890.765,0.0,699.73,-1680.025,-1509.1,622.5,890.775,699.7,155.675,10.315,11.775,12.3575,12.817499999999999,210.0,212.25,213.0,219.25,13.225,9.25,1022.15,1.26095,0.0,0.0,0.0,0.0,1.0,5.15,1.5,4.1,92.5,1025.075,12.0,72.5,17.5,205.0,7.5,0.0,0.0,0.0,2577433.0,2970018.0,28.38,27.12,0.9659258262890683,0.25881904510252074,-0.7818314824680299,0.6234898018587334,-2.4492935982947064e-16,1.0,74.82,77.1475,63.72,91.10864583333334,12.273090792354639,74.2
2025-12-14 06:00:00+00:00,74.2,7.0,6.0,12.0,True,False,False,True,False,12297.169,10667.23925,3.8265000000000002,-137.26666666666668,3095.562495,1586.31,1563.034,0.0,0.0,622.67,0.0,937.2475,0.0,699.865,-1509.25,-1563.0,622.65,937.25,699.875,359.775,10.7925,12.3225,12.8375,12.9975,214.25,215.5,215.75,218.25,13.475,9.375,1021.6999999999999,1.259825,0.0,0.0,0.0,0.0,1.0,5.15,1.5,4.199999999999999,93.0,1024.9499999999998,13.0,76.0,18.5,205.0,7.5,0.0,0.0,0.0,2956948.0,3604316.0,28.38,27.12,1.0,6.123233995736766e-17,-0.7818314824680299,0.6234898018587334,-2.4492935982947064e-16,1.0,73.3875,79.375,77.0075,90.89302083333332,12.530951982885426,79.1825
2025-12-14 07:00:00+00:00,79.1825,8.0,6.0,12.0,True,False,False,True,False,12878.28725,11297.3835,2.941666666666667,-141.03333333333333,2650.5124875,1602.5825,1695.18875,0.0,0.0,622.73,0.0,743.0725,0.0,699.8924999999999,-1047.95,-1695.2,622.725,743.075,699.9,593.975,10.8375,12.252500000000001,12.7625,12.805,208.5,209.5,209.5,211.0,13.575,8.700000000000001,1021.425,1.26255,0.0,0.0,0.0,0.0,1.0,5.050000000000001,1.5,4.5,95.0,1024.66,10.5,79.5,17.5,200.0,7.5,0.0,0.0,0.0,3409915.0,4017087.0,28.38,27.12,0.9659258262890683,-0.25881904510252063,-0.7818314824680299,0.6234898018587334,-2.4492935982947064e-16,1.0,74.2,93.99,80.0925,90.27604166666667,12.734715517142236,81.21
2025-12-14 08:00:00+00:00,81.21,9.0,6.0,12.0,True,False,False,True,False,13425.20375,11807.5005,3.3391666666666664,-90.405,2582.096665,1570.3775,1653.75225,0.0,0.0,622.79,0.0,934.1524999999999,0.0,699.9549999999999,-1011.7250000000001,-1653.8,622.8000000000001,934.15,699.975,831.75,11.655,13.21,13.805,13.9525,209.25,209.75,210.0,210.75,14.8,8.725,1021.5999999999999,1.2626249999999999,0.25,0.0,0.25,0.0,1.0,5.3,1.5,4.550000000000001,94.5,1024.5,12.0,88.5,20.0,197.5,10.0,0.0,0.0,304566.0,3687515.0,4345164.0,28.38,27.12,0.8660254037844387,-0.49999999999999983,-0.7818314824680299,0.6234898018587334,-2.4492935982947064e-16,1.0,79.1825,103.045,85.555,89.36625,12.561604780995143,77.805
2025-12-14 09:00:00+00:00,77.805,10.0,6.0,12.0,True,False,False,True,False,13672.73625,11438.451000000001,3.5112499999999995,-78.74333333333334,2683.7125075,1407.7775000000001,2369.48675,0.0,0.0,622.8499999999999,0.0,1009.1475,0.0,700.3125,-1275.925,-2369.5,622.825,1009.15,700.3,464.0,11.692499999999999,13.3575,13.8775,14.135,208.5,209.75,209.75,212.25,14.675,9.275,1021.675,1.26025,18.25,0.375,17.875,3.4000000000000004,1.0,5.449999999999999,1.5,5.0,96.0,1024.57,9.5,95.0,22.5,202.5,15.0,0.0,5.0,1541516.0,3825953.0,4675075.0,28.38,27.12,0.7071067811865476,-0.7071067811865475,-0.7818314824680299,0.6234898018587334,-2.4492935982947064e-16,1.0,81.21,98.33749999999999,82.715,88.51072916666668,12.623086563549284,81.4725
2025-12-14 10:00:00+00:00,81.4725,11.0,6.0,12.0,True,False,False,True,False,13992.611,10914.1445,1.7513333333333334,-220.8,2967.3124774999997,1372.62,2778.48325,0.0,0.0,622.6099999999999,0.0,1034.9624999999999,0.0,700.14,-1594.675,-2778.5,622.625,1034.975,700.1,68.39999999999998,12.095,13.780000000000001,14.3325,14.475,209.75,210.75,210.75,211.75,15.225,8.65,1021.525,1.262875,63.0,10.924999999999999,52.074999999999996,63.62499999999999,1.0,6.1,2.0,5.2,94.0,1024.625,12.0,95.0,22.5,207.5,15.0,0.0,5.0,2802409.0,3826992.0,5094292.0,28.38,27.12,0.49999999999999994,-0.8660254037844387,-0.7818314824680299,0.6234898018587334,-2.4492935982947064e-16,1.0,77.805,93.7,88.405,88.00125000000001,12.651261687381844,83.825
2025-12-14 11:00:00+00:00,83.825,12.0,6.0,12.0,True,False,False,True,False,14407.52225,10911.1965,6.065166666666666,82.17,3176.38751,1236.63,2746.48875,0.0,0.0,622.79,0.0,930.3824999999999,0.0,700.14,-1939.775,-2746.5,622.8,930.375,700.1,-373.04999999999995,11.7675,13.6125,14.2375,14.7,213.25,214.75,215.0,217.5,15.075000000000001,8.925,1020.8,1.26075,77.25,19.299999999999997,57.95,85.25,1.0,6.8,3.0,5.4,91.0,1024.16,14.5,97.0,22.5,207.5,15.0,0.0,5.0,3053960.0,3818737.0,5305499.0,28.38,27.12,0.258819045102521,-0.9659258262890682,-0.7818314824680299,0.6234898018587334,-2.4492935982947064e-16,1.0,81.4725,90.2575,87.1,87.73322916666666,12.669508189366455,83.22
2025-12-14 12:00:00+00:00,83.22,13.0,6.0,12.0,True,False,False,True,False,14553.76575,11075.3585,7.2318333333333324,198.535,3147.64582,1156.92,2663.763,0.0,0.0,622.8499999999999,0.0,878.2625,0.0,700.0725,-1990.75,-2663.8,622.85,878.275,700.05,-455.47499999999997,12.125,13.9675,14.5425,14.8825,208.25,209.25,209.5,211.5,15.350000000000001,9.25,1020.05,1.258375,68.75,6.35,62.4,25.425,1.0,7.4,4.0,5.9,90.0,1023.29,14.5,95.0,22.5,207.5,20.0,0.0,10.0,2446517.0,3770668.0,4983546.0,28.38,27.12,1.2246467991473532e-16,-1.0,-0.7818314824680299,0.6234898018587334,-2.4492935982947064e-16,1.0,83.825,88.695,87.935,87.50510416666667,12.700690358658093,84.72
2025-12-14 13:00:00+00:00,84.72,14.0,6.0,12.0,True,False,False,True,False,14696.92575,11637.15775,4.066,-108.36333333333333,3010.42501,1084.5525,2261.3525,0.0,0.0,622.91,0.0,858.9575,0.0,699.92,-1925.875,-2261.4,622.9000000000001,858.9749999999999,699.9,-309.42499999999995,12.4375,14.217500000000001,14.8675,15.27,205.5,207.25,207.5,209.0,16.299999999999997,9.274999999999999,1019.175,1.257175,95.5,23.5,72.0,103.44999999999999,1.0,7.75,4.0,6.199999999999999,90.0,1022.6500000000001,14.5,95.0,22.0,205.0,20.0,0.0,10.0,1349506.0,3627408.0,4636936.0,28.38,27.12,-0.2588190451025208,-0.9659258262890683,-0.7818314824680299,0.6234898018587334,-2.4492935982947064e-16,1.0,83.22,91.025,92.42999999999999,87.24239583333333,12.689920822361934,88.30250000000001
2025-12-14 14:00:00+00:00,88.30250000000001,15.0,6.0,12.0,True,False,False,True,False,14916.9285,12099.955,3.6491666666666664,-109.06166666666667,2920.3816825,1121.0575,2234.33075,0.0,0.0,622.73,0.0,1022.6875,0.0,699.92,-1799.3,-2234.3,622.75,1022.7,699.9,-12.575000000000017,12.1125,13.9925,14.614999999999998,14.9525,205.75,207.0,207.25,209.25,16.075,9.5,1018.775,1.255675,33.25,1.15,32.1,6.525,1.0,7.75,4.5,6.15,90.0,1022.005,15.0,95.0,19.0,200.0,20.0,0.0,10.0,681325.0,3599814.0,4506852.0,28.38,27.12,-0.4999999999999998,-0.8660254037844388,-0.7818314824680299,0.6234898018587334,-2.4492935982947064e-16,1.0,84.72,107.995,92.7225,86.421875,11.901916571319894,92.0975
2025-12-14 15:00:00+00:00,92.0975,16.0,6.0,12.0,True,False,False,True,False,15339.25325,12184.520666666665,4.12975,-85.04833333333333,2480.244995,1292.6275,2068.28375,0.0,0.0,622.91,0.0,700.0125,0.0,699.92,-1187.625,-2068.3,622.9,700.025,699.9,318.15,12.15,13.96,14.5175,14.83,207.75,208.75,208.75,210.5,15.825,9.75,1018.15,1.2538,13.0,0.025,12.975,0.2,1.0,7.8,5.0,6.1,89.5,1021.5899999999999,16.0,96.0,19.5,192.5,20.0,0.0,10.0,51025.0,3748385.0,4327558.0,28.38,27.12,-0.7071067811865471,-0.7071067811865479,-0.7818314824680299,0.6234898018587334,-2.4492935982947064e-16,1.0,88.30250000000001,113.86,97.0375,85.51510416666667,10.46257851456643,99.665
2025-12-14 16:00:00+00:00,99.665,17.0,6.0,12.0,True,False,False,True,False,15730.71425,11962.816802083333,5.2825,7.696666666666667,2221.7625075,1373.44,2319.5235,0.0,0.0,622.425,0.0,368.455,0.0,699.92,-848.325,-2319.5,622.45,368.45,699.9,262.6,12.629999999999999,14.549999999999999,15.2275,15.7425,207.25,209.0,209.25,210.5,16.225,9.725000000000001,1017.6,1.2532,0.75,0.0,0.75,0.0,1.0,7.5,4.5,6.2,91.5,1020.075,14.5,95.0,17.5,190.0,15.0,0.0,0.0,0.0,1309200.0,1281124.0,28.38,27.12,-0.8660254037844384,-0.5000000000000004,-0.7818314824680299,0.6234898018587334,-2.4492935982947064e-16,1.0,92.0975,114.53,104.86749999999999,84.89572916666667,9.009309179446467,100.9425
2025-12-14 17:00:00+00:00,100.9425,18.0,6.0,12.0,True,False,False,True,False,15380.66375,11741.112937499998,6.744166666666667,112.53666666666666,2798.06998,1384.66,2198.91925,0.0,0.0,622.91,0.0,92.98,0.0,699.92,-1413.425,-2198.9,622.9000000000001,93.0,699.9,-547.3499999999999,12.63,14.620000000000001,15.25,15.6175,206.0,207.0,207.0,208.5,16.125,9.625,1017.225,1.2532,0.0,0.0,0.0,0.0,1.0,7.3,4.0,6.35,93.5,1019.62,12.5,95.0,17.5,190.0,10.0,0.0,0.0,0.0,1643675.875,1692948.0,28.38,27.12,-0.9659258262890683,-0.25881904510252063,-0.7818314824680299,0.6234898018587334,-2.4492935982947064e-16,1.0,99.665,108.61500000000001,88.6975,84.57604166666667,8.233806865490305,91.0275
2025-12-14 18:00:00+00:00,91.0275,19.0,6.0,12.0,True,False,False,True,False,14853.3605,11519.409072916666,5.007499999999999,6.836666666666667,3127.3249975,1402.9524999999999,2119.78225,0.0,0.0,622.49,96.1225,0.0,0.0,699.92,-1724.35,-2119.8,622.475,-96.125,699.9,-1028.025,12.47,14.385,15.024999999999999,15.54,203.75,205.0,205.0,207.75,16.375,9.75,1016.575,1.25185,0.0,0.0,0.0,0.0,1.0,7.4,4.0,6.300000000000001,92.5,1018.99,13.5,95.0,20.0,197.5,10.0,0.0,0.0,0.0,1978151.75,2104772.0,28.38,27.12,-1.0,-1.8369701987210297e-16,-0.7818314824680299,0.6234898018587334,-2.4492935982947064e-16,1.0,100.9425,101.3575,80.7975,84.145625,7.560929328448287,88.35249999999999
2025-12-14 19:00:00+00:00,88.35249999999999,20.0,6.0,12.0,True,False,False,True,False,14298.249,11297.705208333333,3.8525,-47.05166666666666,2852.774165,1343.2575000000002,2120.19,0.0,0.0,622.6075,0.175,0.0,0.0,699.92,-1509.525,-2120.2,622.625,-0.2,699.9,-717.225,12.91,14.995000000000001,15.645,16.1725,201.25,202.0,202.25,204.75,16.525,9.75,1016.1750000000001,1.25135,0.0,0.0,0.0,0.0,1.0,7.55,4.0,6.2,91.0,1018.78,15.0,90.0,21.0,200.0,10.0,0.0,0.0,0.0,2312627.625,2516596.0,28.38,27.12,-0.9659258262890684,0.2588190451025203,-0.7818314824680299,0.6234898018587334,-2.4492935982947064e-16,1.0,91.0275,89.70750000000001,74.8875,84.08916666666666,7.522554046603109,82.3675
2025-12-14 20:00:00+00:00,82.3675,21.0,6.0,12.0,True,False,False,True,False,13625.393250000001,11076.00134375,3.6765833333333333,-41.05,2310.8041525,1617.37,1357.21475,0.0,0.0,622.9075,243.64,0.0,0.0,699.92,-693.45,-1357.2,622.9,-243.64999999999998,699.9,46.44999999999999,13.192499999999999,15.395,16.055,16.6625,202.5,203.5,203.75,206.5,17.0,9.825,1015.95,1.250775,0.0,0.0,0.0,0.0,1.0,7.65,4.5,6.05,89.5,1018.615,16.0,90.0,21.0,202.5,15.0,0.0,5.0,0.0,2647103.5,2928420.0,28.38,27.12,-0.8660254037844386,0.5000000000000001,-0.7818314824680299,0.6234898018587334,-2.4492935982947064e-16,1.0,88.35249999999999,87.75,65.775,83.86489583333334,7.488826875940905,80.75
2025-12-14 21:00:00+00:00,80.75,22.0,6.0,12.0,True,False,False,True,False,13036.0615,10854.297479166667,2.6645833333333333,-50.755,3047.9375124999997,1354.6125,1677.559,0.0,0.0,622.3675,0.0,302.125,0.0,699.92,-1693.325,-1677.6,622.375,302.15,699.9,-488.3,13.135,15.3275,15.9725,16.4175,200.75,202.25,202.25,204.5,17.175,9.65,1015.6,1.2511,0.0,0.0,0.0,0.0,1.0,7.8,5.0,6.0,88.5,1018.27,16.0,84.5,21.0,195.0,15.0,0.0,5.0,0.0,2981579.375,3340244.0,28.38,27.12,-0.7071067811865477,0.7071067811865474,-0.7818314824680299,0.6234898018587334,-2.4492935982947064e-16,1.0,82.3675,87.325,59.2625,83.5909375,7.476999871072468,74.4075
2025-12-14 22:00:00+00:00,74.4075,23.0,6.0,12.0,True,False,False,True,False,12377.5465,10632.593614583333,0.46316666666666656,-35.86833333333333,3298.7625,1286.6025,1588.744,0.0,0.0,622.67,0.0,521.3375,0.0,699.92,-2012.15,-1588.7,622.65,521.325,699.9,-565.4,13.067499999999999,15.182500000000001,15.927499999999998,16.3825,203.0,204.25,204.75,206.75,16.924999999999997,9.675,1015.175,1.25045,0.0,0.0,0.0,0.0,1.0,7.75,4.5,5.949999999999999,89.0,1017.85,16.0,81.5,21.0,195.0,10.0,0.0,0.0,0.0,3316055.25,3752068.0,28.38,27.12,-0.5000000000000004,0.8660254037844384,-0.7818314824680299,0.6234898018587334,-2.4492935982947064e-16,1.0,80.75,80.0,37.5325,83.35791666666667,7.678214935872536,69.9725
2025-12-14 23:00:00+00:00,69.9725,0.0,0.0,12.0,False,False,True,True,False,11057.72075,10410.88975,1.6886666666666665,-53.425,3282.44917,1063.1425,1433.25625,0.0,0.0,622.7275,0.0,724.35,0.0,699.905,-2219.3,-1433.3,622.75,724.35,699.875,-530.65,12.8625,14.93,15.56,15.915,200.75,202.25,202.5,204.25,16.299999999999997,9.6,1014.675,1.250175,0.0,0.0,0.0,0.0,1.0,7.6,4.0,5.800000000000001,88.0,1017.49,16.0,82.0,21.5,197.5,10.0,0.0,0.0,0.0,3650531.125,4163892.0,28.38,27.12,-0.25881904510252157,0.9659258262890681,-0.7818314824680299,0.6234898018587334,-2.4492935982947064e-16,1.0,74.4075,89.41499999999999,16.0025,82.5478125,8.029010758293968,69.42
2025-12-15 00:00:00+00:00,69.42,1.0,0.0,12.0,False,False,True,True,False,10771.682499999999,10241.371500000001,4.3545,19.386666666666667,3183.4658,1132.4125,1262.2845,0.0,0.0,622.5474999999999,0.0,447.09000000000003,0.0,699.84,-2051.05,-1262.3,622.525,447.1,699.8,-597.175,12.8925,14.9775,15.6,15.8375,199.25,200.5,200.75,202.0,16.475,9.5,1014.025,1.2498,0.0,0.0,0.0,0.0,1.0,7.45,4.0,5.55,89.0,1016.99,16.0,79.5,21.0,197.5,10.0,0.0,0.0,0.0,3985007.0,4575716.0,28.84,12.46,0.0,1.0,0.0,1.0,-2.4492935982947064e-16,1.0,69.9725,88.075,9.022499999999999,81.77052083333332,8.36656025039364,67.89
2025-12-15 01:00:00+00:00,67.89,2.0,0.0,12.0,False,False,True,True,False,10545.5125,9970.4305,4.26775,42.666666666666664,2784.1891575,1130.3,998.09675,0.0,0.0,622.6099999999999,0.0,124.32,0.0,699.84,-1653.9,-998.1,622.6,124.325,699.8,-456.625,12.955,15.025,15.7175,16.035,197.25,199.0,199.25,200.75,16.65,9.175,1013.575,1.2507000000000001,0.0,0.0,0.0,0.0,0.75,7.1,4.0,5.449999999999999,89.5,1016.47,16.0,81.5,21.0,200.0,15.0,0.0,5.0,0.0,3993355.0,4353429.0,28.84,12.46,0.25881904510252074,0.9659258262890683,0.0,1.0,-2.4492935982947064e-16,1.0,69.42,79.7875,10.3325,81.27479166666667,8.828863605437142,64.9975
2025-12-15 02:00:00+00:00,64.9975,3.0,0.0,12.0,False,False,True,True,False,10481.914499999999,9981.197,3.933333333333333,4.38,2126.8966575,1227.4775,1317.35725,0.0,0.0,622.245,95.35249999999999,0.0,0.0,699.68,-899.4,-1317.4,622.225,-95.375,699.65,-2.1750000000000114,12.8,14.727500000000001,15.370000000000001,15.6,198.75,199.5,199.75,200.75,16.325,9.075,1013.25,1.25075,0.0,0.0,0.0,0.0,0.75,6.65,3.0,5.2,90.5,1016.04,16.0,76.5,20.0,195.0,15.0,0.0,5.0,0.0,3784665.0,4189659.0,28.84,12.46,0.49999999999999994,0.8660254037844387,0.0,1.0,-2.4492935982947064e-16,1.0,67.89,77.6575,5.57,80.74729166666667,9.413243270401562,67.0675
2025-12-15 03:00:00+00:00,67.0675,4.0,0.0,12.0,False,False,True,True,False,10487.879,9992.955249999999,5.562666666666667,41.681666666666665,2277.5524925,1191.0,1443.692,0.0,0.0,622.6099999999999,0.08249999999999999,0.0625,0.0,699.54,-1086.575,-1443.7,622.625,-0.05,699.5,-125.37499999999999,12.24,13.945,14.55,14.627500000000001,197.5,198.25,198.25,199.5,15.899999999999999,8.875,1012.7,1.250975,0.0,0.0,0.0,0.0,0.75,6.300000000000001,3.0,5.0,91.5,1015.47,14.5,64.5,19.0,190.0,7.5,0.0,0.0,0.0,3769081.0,4385488.0,28.84,12.46,0.7071067811865475,0.7071067811865476,0.0,1.0,-2.4492935982947064e-16,1.0,64.9975,73.9,10.809999999999999,80.46260416666667,9.727407701258866,72.0
2025-12-15 04:00:00+00:00,72.0,5.0,0.0,12.0,False,False,True,True,False,11012.4105,10199.42625,6.237166666666667,82.70333333333333,3029.8125124999997,1061.755,1398.51175,0.0,0.0,622.2425000000001,0.0,857.2825,0.0,690.23,-1968.075,-1398.5,622.225,857.25,690.2,-147.9,12.0625,13.73,14.2875,14.4225,194.75,195.5,195.75,196.75,15.625,8.275,1012.275,1.253075,0.0,0.0,0.0,0.0,0.75,5.85,2.5,4.6,92.0,1014.8,14.0,44.0,18.5,187.5,5.0,0.0,0.0,0.0,3762748.0,4451303.0,28.84,12.46,0.8660254037844386,0.5000000000000001,0.0,1.0,-2.4492935982947064e-16,1.0,67.0675,74.82,25.0025,80.34510416666667,9.815165574783919,84.535
2025-12-15 05:00:00+00:00,84.535,6.0,0.0,12.0,False,False,True,True,False,12359.75375,10971.11575,5.989333333333334,67.77166666666668,3321.1383775,845.8924999999999,1321.6995,0.0,0.0,512.5325,0.0,1026.675,0.0,694.8275,-2475.25,-1321.7,512.5,1026.675,694.825,-571.65,12.4725,14.1975,14.764999999999999,14.8925,197.5,198.25,198.25,199.75,15.825,8.05,1011.775,1.253475,0.0,0.0,0.0,0.0,0.75,5.449999999999999,2.0,4.1,91.5,1014.185,15.0,14.5,18.0,182.5,0.0,0.0,0.0,0.0,3710050.0,4078317.0,28.84,12.46,0.9659258262890683,0.25881904510252074,0.0,1.0,-2.4492935982947064e-16,1.0,72.0,73.3875,59.9975,80.80958333333332,9.735035608415009,86.905
2025-12-15 06:00:00+00:00,86.905,7.0,0.0,12.0,False,False,True,True,False,13957.15225,12140.17975,10.086666666666668,208.52,3228.259985,737.4715,1177.0195,0.0,0.0,0.0,0.0,898.1225,0.0,615.86,-2490.8,-1177.0,466.43,898.125,615.825,-1271.025,12.502500000000001,14.2375,14.845,15.02,198.75,200.25,200.5,201.75,16.25,7.9,1011.35,1.253625,0.0,0.0,0.0,0.0,0.5,5.25,1.5,3.8000000000000003,91.0,1013.735,15.0,5.0,18.5,180.0,0.0,0.0,0.0,0.0,3877715.0,3675818.0,28.84,12.46,1.0,6.123233995736766e-17,0.0,1.0,-2.4492935982947064e-16,1.0,84.535,74.2,77.6775,81.33895833333334,9.705383812849284,100.515
2025-12-15 07:00:00+00:00,100.515,8.0,0.0,12.0,False,False,True,True,False,14829.30325,13154.206999999999,8.8,223.94833333333332,3043.0450174999996,565.35325,741.10625,0.0,0.0,0.0,0.0,651.22,0.0,697.1899999999999,-2477.675,-741.1,420.36,651.2,697.1999999999999,-1314.55,12.305,13.8375,14.4125,14.3425,201.5,202.5,202.75,203.5,15.75,7.7,1011.125,1.254225,0.0,0.0,0.0,0.0,0.25,5.1,1.5,3.65,90.5,1013.54,16.0,0.0,18.5,177.5,0.0,0.0,0.0,0.0,3865544.0,3871673.0,28.84,12.46,0.9659258262890683,-0.25881904510252063,0.0,1.0,-2.4492935982947064e-16,1.0,86.905,79.1825,90.9425,82.2278125,10.44776178216178,96.2975
2025-12-15 08:00:00+00:00,96.2975,9.0,0.0,12.0,False,False,True,True,False,15106.33225,13599.19675,6.960666666666667,175.27833333333334,2470.14419,774.70775,1716.06,0.0,0.0,0.0,0.0,875.5725,0.0,696.1675,-1695.45,-1716.1,374.29,875.575,696.15,-552.7,12.364999999999998,13.967500000000001,14.515,14.5275,202.25,202.75,202.75,203.25,15.55,7.925,1011.075,1.2531750000000001,1.0,0.0,1.0,0.0,0.5,5.300000000000001,1.5,3.4000000000000004,88.0,1013.405,16.0,0.0,17.5,177.5,0.0,0.0,0.0,383578.0,3808355.0,4131520.0,28.84,12.46,0.8660254037844387,-0.49999999999999983,0.0,1.0,-2.4492935982947064e-16,1.0,100.515,81.21,91.3775,82.85645833333332,10.830747643627122,87.41749999999999
2025-12-15 09:00:00+00:00,87.41749999999999,10.0,0.0,12.0,False,False,True,True,False,14757.733,12691.44,9.84,280.31666666666666,2197.062495,1078.6950000000002,1811.48025,0.0,0.0,0.0,204.625,0.0,0.0,579.5699999999999,-1118.375,-1811.5,328.22,-204.65,579.6,-1196.325,12.055,13.5375,14.0475,14.0375,200.0,201.25,201.25,202.0,15.6,8.125,1011.325,1.2526,45.0,12.3,32.7,120.2,0.5,5.65,2.0,3.45,86.0,1013.3199999999999,16.0,0.0,17.5,177.5,0.0,0.0,0.0,1862446.0,4021874.0,4838773.0,28.84,12.46,0.7071067811865476,-0.7071067811865475,0.0,1.0,-2.4492935982947064e-16,1.0,96.2975,77.805,85.02,83.25697916666667,10.813544319489056,78.6575
2025-12-15 10:00:00+00:00,78.6575,11.0,0.0,12.0,False,False,True,True,False,14512.56075,12133.620499999999,6.745166666666666,108.56666666666666,2444.81668,1054.4975,1683.31575,0.0,0.0,0.0,171.5775,17.4175,0.0,474.97749999999996,-1390.325,-1683.3,282.15,-154.15,474.975,-1490.35,11.3,12.6425,13.1525,13.185,195.25,196.25,196.25,197.25,14.425,7.975,1011.45,1.2534,114.5,46.2,68.3,273.275,0.5,6.5,3.5,4.0,84.5,1013.12,16.0,0.0,16.0,175.0,0.0,0.0,0.0,3077243.0,4020842.0,4783908.0,28.84,12.46,0.49999999999999994,-0.8660254037844387,0.0,1.0,-2.4492935982947064e-16,1.0,87.41749999999999,81.4725,76.5525,83.1396875,10.84895046798539,77.1775
2025-12-15 11:00:00+00:00,77.1775,12.0,0.0,12.0,False,False,True,True,False,14421.0125,11836.4565,4.809666666666667,-52.74333333333333,2957.0324725,848.1405,2040.26875,0.0,0.0,0.0,0.0,434.5775,0.0,476.665,-2108.925,-2040.3,236.07999999999998,434.6,476.7,-1707.7250000000001,11.8,13.24,13.765,13.7225,196.25,197.75,197.5,199.25,14.9,7.925,1011.25,1.2534,165.75,78.325,87.425,346.375,0.5,7.4,4.5,4.35,81.0,1012.87,16.0,0.0,16.5,177.5,0.0,0.5,0.0,4420240.0,3949933.0,4612083.0,28.84,12.46,0.258819045102521,-0.9659258262890682,0.0,1.0,-2.4492935982947064e-16,1.0,78.6575,83.825,72.60249999999999,82.86270833333333,10.915347216008357,85.3075
2025-12-15 12:00:00+00:00,85.3075,13.0,0.0,12.0,False,False,True,True,False,14349.5545,11677.739,5.428,-48.973333333333336,3241.7941499999997,478.03249999999997,1741.24075,0.0,0.0,0.0,0.0,385.2625,0.0,603.9300000000001,-2763.75,-1741.2,190.01,385.275,603.925,-2209.875,11.2525,12.5075,13.0175,12.9325,192.25,194.25,194.25,195.5,14.274999999999999,7.6000000000000005,1010.575,1.254,204.75,104.225,100.525,420.075,0.25,8.15,5.5,4.8,80.0,1012.135,16.0,0.0,16.5,177.5,0.0,1.0,0.0,4755626.0,3846177.0,4439934.0,28.84,12.46,1.2246467991473532e-16,-1.0,0.0,1.0,-2.4492935982947064e-16,1.0,77.1775,83.22,76.7425,82.9496875,10.926629400741483,91.7775
2025-12-15 13:00:00+00:00,91.7775,14.0,0.0,12.0,False,False,True,True,False,14338.8055,11946.25925,7.3105,131.11,2666.8919225,48.4835,1454.09075,0.0,0.0,0.0,166.555,17.4075,0.0,672.7175,-2618.4,-1454.1,143.94,-149.175,672.7,-2458.35,11.825,13.355,13.879999999999999,13.995000000000001,192.0,192.5,192.5,193.5,14.925,7.65,1010.0,1.25305,194.25,98.375,95.875,426.6,0.25,8.600000000000001,6.5,5.25,79.5,1011.435,16.0,3.5,15.5,167.5,0.0,0.0,0.0,4118830.0,3701734.0,3707291.0,28.84,12.46,-0.2588190451025208,-0.9659258262890683,0.0,1.0,-2.4492935982947064e-16,1.0,85.3075,84.72,80.3175,83.24374999999999,11.07036626490458,101.0575
2025-12-15 14:00:00+00:00,101.0575,15.0,0.0,12.0,False,False,True,True,False,14443.012999999999,12757.08475,8.332666666666666,190.63666666666668,2425.9541375,2.4857500000000003,1032.92575,0.0,0.0,0.0,0.0,459.5175,0.0,642.1925,-2423.475,-1032.9,97.87,459.54999999999995,642.15,-1580.0,11.5825,12.9475,13.465,13.504999999999999,192.5,194.0,194.0,195.0,15.475,7.875,1009.425,1.251325,134.0,56.949999999999996,77.05,323.85,0.25,8.7,5.5,5.15,79.0,1010.935,16.0,27.5,19.5,180.0,2.5,0.0,0.0,3329178.0,3481625.0,2647080.0,28.84,12.46,-0.4999999999999998,-0.8660254037844388,0.0,1.0,-2.4492935982947064e-16,1.0,91.7775,88.30250000000001,90.7475,83.77520833333334,11.616478548499998,107.56
2025-12-15 15:00:00+00:00,107.56,16.0,0.0,12.0,False,False,True,True,False,14761.861,13664.953,10.04,238.55166666666668,1991.107855,238.57425,859.28575,0.0,0.0,12.94,0.0,654.29,0.0,688.965,-1752.525,-859.3,51.8,654.2750000000001,689.0,-611.15,10.71,11.9575,12.4175,12.4725,190.0,190.75,190.75,192.25,14.55,7.95,1009.0,1.2504499999999998,60.0,18.65,41.35,173.15,0.25,8.600000000000001,6.0,5.199999999999999,79.0,1010.7049999999999,16.0,30.0,17.5,182.5,0.0,0.0,0.0,227717.0,3164047.0,1596097.0,28.84,12.46,-0.7071067811865471,-0.7071067811865479,0.0,1.0,-2.4492935982947064e-16,1.0,101.0575,92.0975,89.1575,84.41947916666668,12.493777472492573,102.8575
2025-12-15 16:00:00+00:00,102.8575,17.0,0.0,12.0,False,False,True,True,False,15072.0915,13283.21315625,73.6125,488.565,1801.70085,331.33325,559.95075,0.0,0.0,552.11,0.0,105.7825,0.0,575.145,-1470.375,-560.0,552.125,105.775,575.125,-377.3,9.91,11.025,11.432500000000001,11.475,190.0,190.75,191.0,191.5,13.525,8.375,1008.9,1.248475,3.25,0.025,3.225,0.325,0.5,7.4,4.5,4.6,82.5,1010.975,16.0,42.5,17.5,170.0,12.5,0.0,5.0,0.0,890468.0,447066.0,28.84,12.46,-0.8660254037844384,-0.5000000000000004,0.0,1.0,-2.4492935982947064e-16,1.0,107.56,99.665,102.5775,84.5525,12.678778872417459,97.4825
2025-12-15 17:00:00+00:00,97.4825,18.0,0.0,12.0,False,False,True,True,False,14717.381,12901.4733125,4.417416666666667,-53.4,1877.6725075,295.448,288.129,0.0,0.0,622.6675,580.4075,0.0,0.0,667.1025,-1582.225,-288.1,622.675,-580.4,667.1,-944.9,10.192499999999999,11.3625,11.785,11.9225,189.75,190.75,190.75,192.25,13.1,8.475,1008.875,1.248,0.0,0.0,0.0,0.0,0.25,7.300000000000001,4.0,4.85,85.0,1010.885,16.0,28.0,18.5,170.0,12.5,0.0,5.0,0.0,1009852.375,502609.75,28.84,12.46,-0.9659258262890683,-0.25881904510252063,0.0,1.0,-2.4492935982947064e-16,1.0,102.8575,100.9425,97.69,84.40833333333333,12.502759622915772,89.8325
2025-12-15 18:00:00+00:00,89.8325,19.0,0.0,12.0,False,False,True,True,False,14223.947,12519.73346875,4.009333333333333,-137.19333333333333,2092.4767524999997,86.76675,891.1015,0.0,0.0,622.4875,219.695,0.0,0.0,690.8375,-2005.725,-891.1,622.475,-219.675,690.85,-1134.875,9.805,10.899999999999999,11.32,11.5375,187.75,189.0,189.0,191.0,13.0,8.55,1008.9000000000001,1.2477,0.0,0.0,0.0,0.0,0.5,7.2,4.0,5.0,86.0,1010.88,16.0,27.5,18.5,170.0,10.0,0.0,5.0,0.0,1129236.75,558153.5,28.84,12.46,-1.0,-1.8369701987210297e-16,0.0,1.0,-2.4492935982947064e-16,1.0,97.4825,91.0275,95.0,84.35854166666667,12.477607201561378,83.095
2025-12-15 19:00:00+00:00,83.095,20.0,0.0,12.0,False,False,True,True,False,13799.66375,12137.993625,2.9835,-160.395,2337.5208425,567.97925,90.7065,21.5325,0.0,622.5474999999999,807.8725,0.0,0.0,446.45500000000004,-1769.55,-69.2,622.55,-807.875,446.45,-1525.675,9.755,11.015,11.5175,11.9775,191.0,192.0,192.25,195.0,12.675,8.924999999999999,1008.9,1.246025,0.0,0.0,0.0,0.0,0.75,7.4,4.0,5.25,87.0,1010.8699999999999,16.0,44.5,18.5,172.5,10.0,0.0,5.0,0.0,1248621.125,613697.25,28.84,12.46,-0.9659258262890684,0.2588190451025203,0.0,1.0,-2.4492935982947064e-16,1.0,89.8325,88.35249999999999,85.4925,84.13947916666667,12.45056099179566,83.3025
2025-12-15 20:00:00+00:00,83.3025,21.0,0.0,12.0,False,False,True,True,False,13428.1045,11756.25378125,3.9596666666666662,-74.08833333333334,2258.84083,955.32075,580.47425,0.0,0.0,622.79,375.4175,0.0,0.0,270.2625,-1303.525,-580.5,622.775,-375.425,270.25,-931.0,9.6125,10.9075,11.3675,12.1,188.5,189.75,190.0,193.25,12.65,9.125,1009.1,1.2454,0.0,0.0,0.0,0.0,1.0,7.550000000000001,4.5,5.45,87.0,1011.045,16.0,85.0,17.5,177.5,10.0,0.0,0.0,0.0,1368005.5,669241.0,28.84,12.46,-0.8660254037844386,0.5000000000000001,0.0,1.0,-2.4492935982947064e-16,1.0,83.095,82.3675,79.05,84.1784375,12.446237400981195,84.0625
2025-12-15 21:00:00+00:00,84.0625,22.0,0.0,12.0,False,False,True,True,False,12743.40725,11374.5139375,1.2041666666666666,-283.65,2360.97332,1017.617,893.7555,0.0,0.0,622.4875,0.1375,0.0,0.0,200.825,-1343.35,-893.8,622.475,-0.17500000000000002,200.825,-743.65,9.600000000000001,10.935,11.3875,12.2225,189.5,191.0,191.0,194.0,12.25,9.225,1009.35,1.245275,0.0,0.0,0.0,0.0,0.75,8.0,5.5,5.800000000000001,86.0,1011.315,16.0,92.5,16.0,177.5,10.0,0.0,0.0,0.0,1487389.875,724784.75,28.84,12.46,-0.7071067811865477,0.7071067811865474,0.0,1.0,-2.4492935982947064e-16,1.0,83.3025,80.75,77.5325,84.31645833333333,12.424913697466868,80.0775
2025-12-15 22:00:00+00:00,80.0775,23.0,0.0,12.0,False,False,True,True,False,12031.1145,10992.77409375,4.167,7.7666666666666675,2039.5858349999999,1266.9725,1182.268,0.0,0.0,622.12,170.5825,0.0,170.41750000000002,2.9475,-772.625,-1182.3,622.125,-170.575,-167.475,-784.125,9.595,10.9775,11.434999999999999,12.3475,192.0,193.75,193.75,197.25,12.25,9.325,1009.4,1.244875,0.0,0.0,0.0,0.0,1.0,8.15,5.5,6.0,86.5,1011.39,16.0,87.5,16.0,175.0,10.0,0.0,0.0,0.0,1606774.25,780328.5,28.84,12.46,-0.5000000000000004,0.8660254037844384,0.0,1.0,-2.4492935982947064e-16,1.0,84.0625,74.4075,70.38,84.55270833333334,12.281387161346684,77.495
2025-12-15 23:00:00+00:00,77.495,0.0,1.0,12.0,False,False,True,True,False,11559.04225,10611.03425,6.905666666666667,111.55333333333333,2129.124175,1235.5175,2068.24225,0.0,0.0,622.305,0.0,91.9175,249.79250000000002,0.0,-893.6,-2068.2,622.3,91.9,-249.77499999999998,-946.25,9.385,10.86,11.315,12.717500000000001,182.25,184.5,184.75,190.75,12.325,9.475,1009.3000000000001,1.244125,0.0,0.0,0.0,0.0,62.0,8.15,6.0,6.0,86.5,1011.24,16.0,75.0,15.5,172.5,7.5,0.0,0.0,0.0,1726158.625,835872.25,28.84,12.46,-0.25881904510252157,0.9659258262890681,0.0,1.0,-2.4492935982947064e-16,1.0,80.0775,69.9725,68.3125,84.86614583333333,11.985530700988456,77.78999999999999
2025-12-16 00:00:00+00:00,77.78999999999999,1.0,1.0,12.0,False,False,True,True,False,11297.117,10058.85325,6.767666666666667,87.17666666666668,1897.10998,1116.4275,2582.21025,0.0,0.0,621.9425,1.06,0.0,232.54000000000002,0.0,-780.6500000000001,-2582.2,621.925,-1.05,-232.55,-1037.875,8.7425,10.335,10.780000000000001,12.6475,182.25,185.25,185.25,193.75,11.350000000000001,9.7,1009.2750000000001,1.2431,0.0,0.0,0.0,0.0,92.5,7.949999999999999,5.0,5.95,87.5,1011.0350000000001,16.0,79.5,14.5,165.0,7.5,0.0,0.0,0.0,1845543.0,891416.0,28.95,22.91,0.0,1.0,0.7818314824680298,0.6234898018587336,-2.4492935982947064e-16,1.0,77.495,69.42,68.005,85.21489583333333,11.63313697176742,76.345
2025-12-16 01:00:00+00:00,76.345,2.0,1.0,12.0,False,False,True,True,False,11079.107,10007.057,5.123083333333333,11.323333333333332,1840.8849975,1158.4625,2393.52225,0.0,0.0,622.545,0.9099999999999999,0.0,429.95,0.0,-682.425,-2393.5,622.55,-0.9,-429.95,-1089.125,8.3575,10.065,10.4875,12.307500000000001,180.5,184.25,184.25,192.5,10.875,9.725,1008.825,1.242425,0.0,0.0,0.0,0.0,96.25,8.0,5.5,6.050000000000001,87.5,1010.795,16.0,82.0,15.5,165.0,10.0,0.0,0.0,0.0,1919785.0,1018110.0,28.95,22.91,0.25881904510252074,0.9659258262890683,0.7818314824680298,0.6234898018587336,-2.4492935982947064e-16,1.0,77.78999999999999,67.89,68.5425,85.5671875,11.205843882830328,77.1675
2025-12-16 02:00:00+00:00,77.1675,3.0,1.0,12.0,False,False,True,True,False,11100.44075,9964.1545,4.142666666666667,-44.248333333333335,1842.9300025,1152.2150000000001,2122.367,0.0,0.0,622.425,214.13,0.0,545.385,0.0,-690.7,-2122.4,622.425,-214.15,-545.4,-1358.4,8.0,9.7425,10.1675,12.5275,176.0,180.0,180.0,193.25,10.45,9.675,1008.6500000000001,1.2424250000000001,0.0,0.0,0.0,0.0,99.25,7.8,5.0,5.9,88.0,1010.94,16.0,90.0,16.0,160.0,10.0,0.0,0.0,0.0,1910081.0,1319395.0,28.95,22.91,0.49999999999999994,0.8660254037844387,0.7818314824680298,0.6234898018587336,-2.4492935982947064e-16,1.0,76.345,64.9975,68.1925,86.07427083333334,10.486851096139288,78.7975
2025-12-16 03:00:00+00:00,78.7975,4.0,1.0,12.0,False,False,True,True,False,11306.6705,9868.787499999999,6.910833333333333,137.23999999999998,2043.1075150000001,902.2635,2150.765,0.0,0.0,622.8499999999999,0.0,177.17249999999999,430.9675,0.0,-1140.85,-2150.8,622.85,177.15,-430.95,-1309.475,8.1,9.7225,10.129999999999999,12.0175,172.5,176.5,176.75,190.25,10.225000000000001,9.575,1008.625,1.24285,0.0,0.0,0.0,0.0,100.0,7.85,5.0,6.1,88.5,1010.765,16.0,85.0,16.0,165.0,15.0,0.0,5.0,0.0,1933655.0,1207948.0,28.95,22.91,0.7071067811865475,0.7071067811865476,0.7818314824680298,0.6234898018587336,-2.4492935982947064e-16,1.0,77.1675,67.0675,65.8375,86.56302083333333,9.81428434286463,80.4025
2025-12-16 04:00:00+00:00,80.4025,5.0,1.0,12.0,False,False,True,True,False,11787.159,9950.90175,7.4855833333333335,156.825,2677.2366725,346.00175,2264.6815,0.0,0.0,622.67,0.0,430.2,26.1625,30.4525,-2331.25,-2264.7,622.675,430.225,4.274999999999999,-1840.25,8.365,9.780000000000001,10.155000000000001,11.717500000000001,163.5,166.75,166.75,181.0,10.3,9.375,1008.575,1.2436500000000001,0.0,0.0,0.0,0.0,95.0,7.6499999999999995,5.0,5.949999999999999,89.5,1010.46,16.0,85.0,15.0,162.5,10.0,0.0,0.0,0.0,1862621.0,1032954.0,28.95,22.91,0.8660254037844386,0.5000000000000001,0.7818314824680298,0.6234898018587336,-2.4492935982947064e-16,1.0,78.7975,72.0,71.58250000000001,86.913125,9.413895293256589,86.9775
2025-12-16 05:00:00+00:00,86.9775,6.0,1.0,12.0,False,False,True,True,False,12857.41225,11218.60025,3.1861666666666664,-188.16666666666666,3377.9042575,10.67875,1287.706,0.0,0.0,622.4275,0.0,770.2875,0.0,115.255,-3367.225,-1287.7,622.4,770.3,115.225,-2181.2,8.35,9.8675,10.3825,12.215,166.5,169.5,169.75,183.0,10.725,9.4,1008.725,1.243725,0.0,0.0,0.0,0.0,96.5,7.6,5.0,5.65,88.0,1010.775,16.0,73.0,15.0,165.0,12.5,0.0,5.0,0.0,1860549.0,864924.0,28.95,22.91,0.9659258262890683,0.25881904510252074,0.7818314824680298,0.6234898018587336,-2.4492935982947064e-16,1.0,80.4025,84.535,87.60249999999999,87.01489583333334,9.400260995427896,89.725
2025-12-16 06:00:00+00:00,89.725,7.0,1.0,12.0,False,False,True,True,False,14249.10275,12883.8265,4.751833333333334,-161.12,2595.77426,0.0,1767.98925,0.0,0.0,622.245,0.0,540.58,142.96,0.21,-2595.775,-1768.0,622.25,540.575,-142.75,-2017.675,7.855,9.305,9.835,11.5725,166.25,170.0,172.0,185.25,10.45,9.575,1009.0,1.2432750000000001,0.0,0.0,0.0,0.0,71.75,7.3999999999999995,4.5,5.55,88.0,1011.185,16.0,64.0,14.5,160.0,7.5,0.0,0.0,0.0,2017140.0,1019657.0,28.95,22.91,1.0,6.123233995736766e-17,0.7818314824680298,0.6234898018587336,-2.4492935982947064e-16,1.0,86.9775,86.905,96.525,87.13239583333335,9.416438202027232,99.8225
2025-12-16 07:00:00+00:00,99.8225,8.0,1.0,12.0,False,False,True,True,False,15420.494999999999,13975.71,7.087999999999999,76.83833333333334,2370.0783325,0.0,1508.52525,0.0,0.0,622.79,104.2675,0.0,18.935000000000002,2.66,-2370.1,-1508.5,622.775,-104.25,-16.275,-2244.975,8.26,9.645,10.205,11.605,167.25,170.25,171.0,182.25,10.425,9.475,1009.275,1.244075,0.0,0.0,0.0,0.0,55.75,7.35,4.5,5.4,88.0,1011.625,16.0,62.5,13.5,162.5,7.5,0.0,0.0,0.0,1841321.0,1289399.0,28.95,22.91,0.9659258262890683,-0.25881904510252063,0.7818314824680298,0.6234898018587336,-2.4492935982947064e-16,1.0,89.725,100.515,117.12,87.10354166666667,9.374615960733493,97.1675
2025-12-16 08:00:00+00:00,97.1675,9.0,1.0,12.0,False,False,True,True,False,15877.997,13779.63025,5.928666666666667,32.07,2551.0314275,0.0,1698.36625,0.0,0.0,622.7275,403.92,0.0,463.79499999999996,0.0,-2551.0,-1698.4,622.725,-403.925,-463.77500000000003,-3220.6000000000004,8.015,9.5625,10.192499999999999,11.8,170.75,174.75,176.5,188.75,10.45,9.575,1009.75,1.244225,0.25,0.0,0.25,0.0,70.75,7.7,5.5,5.5,86.0,1012.28,16.0,75.0,13.0,162.5,10.0,0.0,0.0,474719.0,1645163.0,1268847.0,28.95,22.91,0.8660254037844387,-0.49999999999999983,0.7818314824680298,0.6234898018587336,-2.4492935982947064e-16,1.0,99.8225,96.2975,104.6675,87.13979166666667,9.413315295156206,92.345
2025-12-16 09:00:00+00:00,92.345,10.0,1.0,12.0,False,False,True,True,False,15635.66475,13387.19325,4.456666666666666,-148.30666666666667,2670.4952599999997,0.0,2381.34525,0.0,0.0,622.185,118.5675,0.0,569.6925,0.0,-2670.475,-2381.3,622.2,-118.575,-569.675,-3331.9,8.165,9.615,10.26,11.9125,174.0,176.0,177.0,187.75,10.25,9.825,1010.4,1.2439,33.25,6.475,26.775,62.575,82.0,8.15,6.0,5.800000000000001,85.5,1012.8299999999999,16.0,73.0,12.0,162.5,7.5,0.0,0.0,1961761.0,1921417.0,1479925.0,28.95,22.91,0.7071067811865476,-0.7071067811865475,0.7818314824680298,0.6234898018587336,-2.4492935982947064e-16,1.0,97.1675,87.41749999999999,94.0525,87.34510416666667,9.47318183998742,90.605
2025-12-16 10:00:00+00:00,90.605,11.0,1.0,12.0,False,False,True,True,False,15270.08325,12827.3065,5.418916666666666,17.998333333333335,2598.6448275000002,0.0,2991.80175,0.0,0.0,580.36,168.16250000000002,0.0,525.28,0.0,-2598.625,-2991.8,580.35,-168.15,-525.275,-3459.675,8.03,9.61,10.2075,11.684999999999999,179.5,181.75,182.5,190.5,9.825,9.774999999999999,1010.8,1.244625,76.25,17.4,58.85,102.575,79.0,8.8,7.0,6.4,85.5,1013.135,16.0,79.0,12.0,165.0,10.0,0.0,0.0,2852303.0,2036689.0,1340925.0,28.95,22.91,0.49999999999999994,-0.8660254037844387,0.7818314824680298,0.6234898018587336,-2.4492935982947064e-16,1.0,92.345,78.6575,91.39750000000001,87.84291666666667,9.309303074446088,91.16499999999999
2025-12-16 11:00:00+00:00,91.16499999999999,12.0,1.0,12.0,False,False,True,True,False,15187.54375,12242.549,6.214083333333334,114.95833333333333,2256.3223375,0.0,2746.6035,0.0,0.0,480.695,584.4925,0.0,681.55,0.0,-2256.325,-2746.6,480.725,-584.5,-681.575,-3728.3,7.7175,9.07,9.682500000000001,11.0875,187.0,189.25,190.25,200.0,9.65,9.75,1011.025,1.245,125.0,39.675000000000004,85.32499999999999,172.525,73.0,9.600000000000001,8.0,6.6,81.5,1013.35,16.0,85.0,12.0,170.0,10.0,0.0,0.0,3546968.0,1676420.0,1024538.0,28.95,22.91,0.258819045102521,-0.9659258262890682,0.7818314824680298,0.6234898018587336,-2.4492935982947064e-16,1.0,90.605,77.1775,86.4975,88.42572916666667,9.046702211999571,98.18
2025-12-16 12:00:00+00:00,98.18,13.0,1.0,12.0,False,False,True,True,False,15212.352499999999,12555.190999999999,7.631083333333334,122.61666666666666,2686.992925,0.0,2552.68275,0.0,0.0,538.005,0.0,146.0525,603.415,0.0,-2687.0,-2552.7,538.025,146.05,-603.4250000000001,-3244.525,7.805,9.35,9.935,11.14,178.75,182.0,182.75,197.5,9.625,9.925,1010.825,1.243975,131.5,46.35,85.15,181.07500000000002,94.75,10.05,9.0,7.050000000000001,82.5,1012.8,16.0,86.0,9.0,172.5,10.0,0.0,0.0,3390899.0,1436360.0,800959.0,28.95,22.91,1.2246467991473532e-16,-1.0,0.7818314824680298,0.6234898018587336,-2.4492935982947064e-16,1.0,91.16499999999999,85.3075,89.055,88.96208333333334,9.23345313975575,120.17
2025-12-16 13:00:00+00:00,120.17,14.0,1.0,12.0,False,False,True,True,False,15371.94975,13400.3185,3.130333333333333,-300.435,2823.2724900000003,0.0,2049.002,0.0,0.0,530.8050000000001,0.0,868.1275,0.0,87.88,-2823.275,-2049.0,530.775,868.125,87.875,-1848.725,7.515,9.067499999999999,9.595,11.0175,190.75,193.5,194.25,203.25,9.35,9.975,1010.7,1.243625,148.75,57.900000000000006,90.85,247.67499999999998,100.0,10.2,9.5,7.2,82.0,1012.925,16.0,90.0,9.0,167.5,10.0,0.0,0.0,2753120.0,1045570.0,681522.0,28.95,22.91,-0.2588190451025208,-0.9659258262890683,0.7818314824680298,0.6234898018587336,-2.4492935982947064e-16,1.0,98.18,91.7775,88.01,90.14510416666667,11.21590811417611,136.5
2025-12-16 14:00:00+00:00,136.5,15.0,1.0,12.0,False,False,True,True,False,15779.10425,14171.90775,5.9,57.07333333333334,2337.5775025,0.0,1982.48925,0.0,0.0,592.105,0.0,1039.2975000000001,0.4325,66.4825,-2337.575,-1982.5,592.1,1039.2749999999999,66.05,-1135.775,6.9325,8.855,9.4,10.5475,196.25,198.75,199.5,209.0,9.45,10.075,1010.95,1.243475,81.5,19.325000000000003,62.175,109.30000000000001,99.0,9.9,8.5,6.75,80.5,1013.165,16.0,95.0,10.5,175.0,10.0,0.0,0.0,1431632.0,825829.0,386195.0,28.95,22.91,-0.4999999999999998,-0.8660254037844388,0.7818314824680298,0.6234898018587336,-2.4492935982947064e-16,1.0,120.17,101.0575,96.93,91.621875,14.552270427407498,152.5425
2025-12-16 15:00:00+00:00,152.5425,16.0,1.0,12.0,False,False,True,True,False,16406.028,14649.696000000002,8.125833333333334,65.53,1439.4035025,0.0,1896.53475,0.0,0.0,530.3075,0.0,1029.995,82.1875,1.695,-1439.375,-1896.5,530.3,1030.0,-80.5,-433.725,5.9725,7.79,8.2725,9.69,205.75,206.75,207.75,215.75,8.625,10.15,1011.175,1.24345,119.0,8.45,110.55000000000001,80.17500000000001,92.25,9.5,8.0,6.300000000000001,80.5,1013.6,16.0,95.0,10.5,180.0,20.0,0.0,10.0,72734.0,545409.0,238654.0,28.95,22.91,-0.7071067811865471,-0.7071067811865479,0.7818314824680298,0.6234898018587336,-2.4492935982947064e-16,1.0,136.5,107.56,93.72749999999999,93.49614583333334,18.93199104086239,160.075
2025-12-16 16:00:00+00:00,160.075,17.0,1.0,12.0,False,False,True,True,False,16675.55925,14309.017437500002,5.703500000000001,2.7133333333333334,450.290415,5.531665,1920.06425,0.0,0.0,242.30249999999998,0.0,753.825,0.0,74.965,-444.75,-1920.1,242.32500000000002,753.825,74.975,146.34999999999997,5.7575,7.6325,8.1925,8.555,191.5,198.0,199.0,216.75,7.35,10.1,1011.45,1.244,3.0,0.0,3.0,0.025,98.0,8.8,7.0,5.800000000000001,82.0,1012.7149999999999,16.0,94.0,10.5,170.0,22.5,0.0,0.0,2053708.0,172258.0,91238.0,28.95,22.91,-0.8660254037844384,-0.5000000000000004,0.7818314824680298,0.6234898018587336,-2.4492935982947064e-16,1.0,152.5425,102.8575,97.6675,95.88020833333333,23.26815824250377,139.97
2025-12-16 17:00:00+00:00,139.97,18.0,1.0,12.0,False,False,True,True,False,16069.57375,13968.338875000001,5.707666666666666,-16.465,172.7111675,45.189994999999996,2152.75275,0.0,0.0,477.2975,0.48,0.0,145.575,1.1925,-127.525,-2152.8,477.275,-0.475,-144.375,-333.25,5.7524999999999995,7.842499999999999,8.3675,8.81,198.75,205.0,206.25,220.0,7.449999999999999,10.275,1011.8,1.243675,0.0,0.0,0.0,0.0,98.75,8.45,6.5,5.15,80.0,1013.145,16.0,87.5,10.5,175.0,17.5,0.0,5.0,3080562.0,179844.0,108458.5,28.95,22.91,-0.9659258262890683,-0.25881904510252063,0.7818314824680298,0.6234898018587336,-2.4492935982947064e-16,1.0,160.075,97.4825,89.105,97.65052083333335,24.95081384247273,137.115
2025-12-16 18:00:00+00:00,137.115,19.0,1.0,12.0,False,False,True,True,False,15551.38225,13627.6603125,10.493333333333334,389.43666666666667,1294.24975,0.745,2325.74525,0.0,0.0,623.0899999999999,248.3775,0.0,0.0,412.63,-1293.5,-2325.7,623.075,-248.35,412.625,-1087.6,5.17,6.715,7.1725,7.8075,198.5,206.5,207.75,224.5,7.175,10.3,1012.05,1.243875,0.0,0.0,0.0,0.0,68.0,8.2,6.5,4.85,80.0,1013.28,16.0,85.0,11.0,170.0,10.0,0.0,0.0,3080562.0,187430.0,125679.0,28.95,22.91,-1.0,-1.8369701987210297e-16,0.7818314824680298,0.6234898018587336,-2.4492935982947064e-16,1.0,139.97,89.8325,81.0,99.620625,26.144800612146977,126.1975
2025-12-16 19:00:00+00:00,126.1975,20.0,1.0,12.0,False,False,True,True,False,15097.52575,13286.98175,6.915916666666667,276.9616666666667,1715.88575,0.0,2371.0305,0.0,0.0,622.4875,95.8725,0.0,0.0,579.17,-1715.9,-2371.0,622.475,-95.85,579.175,-1202.85,5.665,7.395,7.92,8.0475,200.0,207.75,208.75,221.25,6.95,10.2,1012.275,1.244575,0.0,0.0,0.0,0.0,61.75,7.85,5.5,4.95,82.5,1013.425,16.0,84.0,12.0,175.0,15.0,0.0,5.0,3080562.0,195016.0,142899.5,28.95,22.91,-0.9659258262890684,0.2588190451025203,0.7818314824680298,0.6234898018587336,-2.4492935982947064e-16,1.0,137.115,83.095,78.32,101.4165625,26.439009704170772,116.66250000000001
2025-12-16 20:00:00+00:00,116.66250000000001,21.0,1.0,12.0,False,False,True,True,False,14525.83525,12946.303187500002,6.7365,83.25166666666668,2342.046415,0.0,2396.04225,0.0,0.0,622.91,0.0,492.2025,0.0,314.22249999999997,-2342.025,-2396.0,622.9,492.2,314.225,-1511.725,5.1850000000000005,6.8825,7.422499999999999,7.79,203.25,216.25,217.25,226.0,6.9,10.25,1012.725,1.2449,0.0,0.0,0.0,0.0,66.0,7.550000000000001,5.5,4.95,84.0,1013.615,16.0,72.5,9.5,185.0,10.0,0.0,5.0,3080562.0,202602.0,160120.0,28.95,22.91,-0.8660254037844386,0.5000000000000001,0.7818314824680298,0.6234898018587336,-2.4492935982947064e-16,1.0,126.1975,83.3025,69.27250000000001,102.8065625,26.321950944573633,112.27
2025-12-16 21:00:00+00:00,112.27,22.0,1.0,12.0,False,False,True,True,False,13972.132,12605.624625,5.309,16.768333333333334,3332.88433,0.0,2326.208,0.0,0.0,622.55,0.0,699.62,0.0,682.1125,-3332.875,-2326.2,622.525,699.625,682.1,-1910.175,5.415,7.32,7.8475,7.8774999999999995,213.5,225.0,225.5,238.25,6.675,10.325,1013.125,1.24505,0.0,0.0,0.0,0.0,75.5,7.5,5.0,4.9,84.0,1013.95,16.0,62.5,12.0,190.0,10.0,0.0,5.0,3080562.0,210188.0,177340.5,28.95,22.91,-0.7071067811865477,0.7071067811865474,0.7818314824680298,0.6234898018587336,-2.4492935982947064e-16,1.0,116.66250000000001,84.0625,64.54249999999999,103.981875,26.07722767850807,101.03
2025-12-16 22:00:00+00:00,101.03,23.0,1.0,12.0,False,False,True,True,False,13392.91425,12264.9460625,4.805833333333334,-57.71333333333334,3258.1470975,0.0,2718.3675,0.0,0.0,616.67,0.0,829.245,0.0,589.135,-3258.15,-2718.4,616.675,829.225,589.125,-1902.675,4.9275,6.4775,6.98,7.1325,233.75,243.5,244.5,250.75,6.6,10.225000000000001,1013.175,1.245575,0.0,0.0,0.0,0.0,78.5,7.5,5.5,5.1,85.5,1014.05,16.0,52.5,11.5,202.5,15.0,0.0,10.0,3080562.0,217774.0,194561.0,28.95,22.91,-0.5000000000000004,0.8660254037844384,0.7818314824680298,0.6234898018587336,-2.4492935982947064e-16,1.0,112.27,80.0775,48.2125,104.85489583333333,25.588298897695726,87.35
2025-12-16 23:00:00+00:00,87.35,0.0,2.0,12.0,False,False,True,True,False,12827.001250000001,11924.2675,5.3349166666666665,37.68833333333334,2562.8377525,0.0,2896.9735,0.0,0.0,622.4275,0.0,665.8675000000001,0.0,102.5725,-2562.825,-2897.0,622.425,665.875,102.575,-1896.225,4.83,6.1225,6.61,6.6625,231.75,241.0,241.75,242.25,5.925,10.45,1013.0999999999999,1.2445,0.0,0.0,0.0,0.0,60.75,7.4,5.5,5.4,87.5,1014.115,15.0,51.5,12.0,202.5,17.5,0.0,10.0,1540281.0,225360.0,211781.5,28.95,22.91,-0.25881904510252157,0.9659258262890681,0.7818314824680298,0.6234898018587336,-2.4492935982947064e-16,1.0,101.03,77.495,40.3925,105.26552083333333,25.206378333357176,87.785
2025-12-17 00:00:00+00:00,87.785,1.0,2.0,12.0,False,False,True,True,False,12387.53625,11413.07775,5.260583333333333,9.028333333333334,2802.3415875,0.0,2868.14775,0.0,0.0,622.73,0.0,584.74,44.8875,21.2,-2802.35,-2868.1,622.725,584.775,-23.674999999999997,-2335.6,5.09,5.9775,6.342499999999999,5.7875,236.0,247.25,248.5,256.25,6.6,10.075,1013.175,1.246225,0.0,0.0,0.0,0.0,55.5,7.15,4.5,5.550000000000001,89.5,1014.115,14.5,45.0,12.0,215.0,7.5,0.0,5.0,0.0,232946.0,229002.0,28.55,22.91,0.0,1.0,0.9749279121818236,-0.22252093395631434,-2.4492935982947064e-16,1.0,87.35,77.78999999999999,32.8925,105.68197916666666,24.812178428309174,85.0
2025-12-17 01:00:00+00:00,85.0,2.0,2.0,12.0,False,False,True,True,False,12115.22075,11122.212749999999,4.898499999999999,13.856666666666666,3119.2266600000003,0.0,2836.12575,0.0,0.0,622.365,0.0,640.3275,9.662500000000001,62.6,-3119.225,-2836.1,622.35,640.325,52.949999999999996,-2512.625,5.09,6.7275,7.1850000000000005,6.672499999999999,250.5,262.0,262.0,264.5,6.4,10.05,1013.125,1.2463,0.0,0.0,0.0,0.0,80.75,7.0,5.0,5.699999999999999,91.0,1013.95,13.5,45.0,11.5,220.0,7.5,0.0,5.0,0.0,195808.0,193928.0,28.55,22.91,0.25881904510252074,0.9659258262890683,0.9749279121818236,-0.22252093395631434,-2.4492935982947064e-16,1.0,87.785,76.345,27.259999999999998,106.04260416666666,24.427159927184558,82.495
2025-12-17 02:00:00+00:00,82.495,3.0,2.0,12.0,False,False,True,True,False,11943.7035,11057.219,4.577166666666667,-3.3449999999999998,3233.9411975,0.0,2742.651,0.0,0.0,622.4875,0.0,1031.43,235.84,0.0,-3233.925,-2742.7,622.5,1031.45,-235.85000000000002,-2501.525,4.665,5.8075,6.2475000000000005,6.035,249.5,170.5,171.75,179.75,6.175,10.025,1013.275,1.24655,0.0,0.0,0.0,0.0,74.5,6.9,5.0,5.9,93.0,1014.2650000000001,13.0,53.0,11.5,210.0,10.0,0.0,5.0,0.0,213424.0,158197.0,28.55,22.91,0.49999999999999994,0.8660254037844387,0.9749279121818236,-0.22252093395631434,-2.4492935982947064e-16,1.0,85.0,77.1675,30.3,106.26458333333333,24.17626998222909,83.7
2025-12-17 03:00:00+00:00,83.7,4.0,2.0,12.0,False,False,True,True,False,11902.097,10877.502,5.960166666666667,-2.729999999999999,3346.3653375,0.0,2652.9635,0.0,0.0,622.545,0.0,1026.32,379.0225,0.0,-3346.375,-2653.0,622.55,1026.35,-379.025,-2739.775,2.35,2.815,3.0374999999999996,2.835,223.75,233.75,236.75,232.0,3.3499999999999996,10.0,1013.375,1.2468,0.0,0.0,0.0,0.0,83.5,7.0,5.0,6.35,95.5,1014.375,9.5,75.5,11.5,220.0,12.5,0.0,5.0,0.0,59735.0,241629.0,28.55,22.91,0.7071067811865475,0.7071067811865476,0.9749279121818236,-0.22252093395631434,-2.4492935982947064e-16,1.0,82.495,78.7975,42.59,106.46885416666667,23.953791578097754,87.605
2025-12-17 04:00:00+00:00,87.605,5.0,2.0,12.0,False,False,True,True,False,12257.4835,11063.46725,4.929833333333333,-54.21333333333334,3804.490245,0.0,2185.2925,0.0,0.0,622.8499999999999,0.0,1052.6499999999999,527.675,0.0,-3804.475,-2185.3,622.85,1052.6499999999999,-527.675,-3202.975,4.5725,5.31,5.6,5.2125,284.25,290.25,292.75,296.75,5.65,9.9,1013.8,1.247775,0.0,0.0,0.0,0.0,100.0,7.05,4.5,6.65,95.5,1014.665,9.0,85.0,11.5,215.0,10.0,0.0,0.0,0.0,208867.0,272187.0,28.55,22.91,0.8660254037844386,0.5000000000000001,0.9749279121818236,-0.22252093395631434,-2.4492935982947064e-16,1.0,83.7,80.4025,61.2425,106.76895833333334,23.656292192159054,91.2
2025-12-17 05:00:00+00:00,91.2,6.0,2.0,12.0,False,False,True,True,False,13105.847249999999,11871.94,5.909583333333333,-73.10833333333333,3393.5865274999996,0.0,1907.967,0.0,0.0,622.79,0.0,969.745,643.11,0.0,-3393.6,-1908.0,622.8,969.725,-643.1,-2921.15,3.7575,4.3475,4.605,4.5275,316.25,322.5,324.25,325.25,5.05,10.0,1014.175,1.247775,0.0,0.0,0.0,0.0,99.0,7.35,5.5,6.85,95.5,1015.0999999999999,10.0,90.5,11.5,220.0,15.0,0.0,5.0,0.0,316076.0,354331.0,28.55,22.91,0.9659258262890683,0.25881904510252074,0.9749279121818236,-0.22252093395631434,-2.4492935982947064e-16,1.0,87.605,86.9775,73.7625,106.94489583333332,23.517996283133233,106.3925
2025-12-17 06:00:00+00:00,106.3925,7.0,2.0,12.0,False,False,True,True,False,14195.84325,13213.57575,7.800833333333333,19.858333333333334,2512.63732,0.0,1332.723,0.0,0.0,622.8499999999999,0.0,299.445,194.655,0.0,-2512.625,-1332.7,622.85,299.425,-194.65,-2118.175,3.21,3.66,3.85,3.98,331.25,338.25,338.25,339.75,4.325,9.875,1014.5,1.24875,0.0,0.0,0.0,0.0,100.0,7.4,5.5,6.95,95.5,1015.575,10.0,96.5,11.0,230.0,10.0,0.0,0.0,0.0,239623.0,358783.0,28.55,22.91,1.0,6.123233995736766e-17,0.9749279121818236,-0.22252093395631434,-2.4492935982947064e-16,1.0,91.2,89.725,86.33250000000001,107.63937499999999,23.23174040170903,131.4925
2025-12-17 07:00:00+00:00,131.4925,8.0,2.0,12.0,False,False,True,True,False,15125.317,14375.52775,8.34,207.84833333333333,1370.2210875,0.0,1078.88125,0.0,0.0,622.4849999999999,0.08249999999999999,0.025,0.0,158.0275,-1370.225,-1078.9,622.5,-0.07500000000000001,158.0,-859.475,2.63,3.0175,3.16,3.0725,228.25,230.75,231.25,230.0,3.65,9.875,1015.0999999999999,1.249475,0.0,0.0,0.0,0.0,95.75,7.800000000000001,6.0,7.199999999999999,95.5,1016.1500000000001,10.5,90.0,9.5,245.0,15.0,0.0,5.0,0.0,84697.0,353216.0,28.55,22.91,0.9659258262890683,-0.25881904510252063,0.9749279121818236,-0.22252093395631434,-2.4492935982947064e-16,1.0,106.3925,99.8225,93.47,108.95895833333334,23.663853706387876,123.94500000000001
2025-12-17 08:00:00+00:00,123.94500000000001,9.0,2.0,12.0,False,False,True,True,False,15347.5125,15060.314,7.396,56.13333333333333,500.4210875,0.4795,1316.09675,0.0,0.0,622.3625,0.0,288.79,76.895,39.7875,-499.95,-1316.1,622.375,288.79999999999995,-37.1,45.075,2.205,2.5925000000000002,2.73,2.6525,306.25,313.0,313.25,313.0,3.0,9.95,1015.5999999999999,1.24975,0.5,0.0,0.5,0.0,100.0,8.25,7.0,7.2,93.0,1016.7550000000001,12.5,88.0,9.5,247.5,15.0,0.0,5.0,69168.0,66165.0,351124.0,28.55,22.91,0.8660254037844387,-0.49999999999999983,0.9749279121818236,-0.22252093395631434,-2.4492935982947064e-16,1.0,131.4925,97.1675,93.02250000000001,110.0746875,23.714937394069334,120.5
2025-12-17 09:00:00+00:00,120.5,10.0,2.0,12.0,False,False,True,True,False,15125.81725,15141.83225,6.947166666666666,-6.626666666666667,381.348335,99.73325,2066.2275,0.0,0.0,622.91,0.0,1043.7325,587.5575,0.0,-281.625,-2066.2,622.9,1043.725,-587.55,280.92499999999995,2.1425,2.315,2.4050000000000002,2.3449999999999998,294.25,300.75,300.75,295.5,3.0250000000000004,9.95,1016.2,1.2505000000000002,20.5,1.3250000000000002,19.175,13.1,99.5,8.3,6.5,7.300000000000001,93.5,1017.44,12.0,90.0,10.5,245.0,15.0,0.0,5.0,605858.0,270427.0,455565.0,28.55,22.91,0.7071067811865476,-0.7071067811865475,0.9749279121818236,-0.22252093395631434,-2.4492935982947064e-16,1.0,123.94500000000001,92.345,85.68,111.2478125,23.49512055393116,114.0225
2025-12-17 10:00:00+00:00,114.0225,11.0,2.0,12.0,False,False,True,True,False,14798.345,14687.9855,7.27925,70.09166666666667,876.127335,6.232,2083.05475,0.0,0.0,622.6675,0.0,1041.8325,600.99,0.0,-869.9,-2083.1,622.675,1041.825,-601.0,-327.15,2.9375,3.33,3.4825,3.7625,255.75,260.5,260.5,256.25,4.05,9.925,1016.55,1.251025,55.0,8.174999999999999,46.825,49.325,100.0,8.45,7.0,7.4,93.5,1018.0,13.0,90.0,11.0,232.5,15.0,0.0,5.0,1183012.0,266615.0,708521.0,28.55,22.91,0.49999999999999994,-0.8660254037844387,0.9749279121818236,-0.22252093395631434,-2.4492935982947064e-16,1.0,120.5,90.605,80.4675,112.22354166666666,23.083214220707358,108.2125
2025-12-17 11:00:00+00:00,108.2125,12.0,2.0,12.0,False,False,True,True,False,14548.39975,14161.6935,6.95225,31.825,1755.645165,0.0,1832.879,0.0,0.0,622.73,0.0,1047.4725,634.185,0.0,-1755.625,-1832.9,622.75,1047.475,-634.2,-1177.85,4.025,4.5125,4.715,4.6575,242.75,247.75,247.75,245.0,5.075,9.625,1016.65,1.252475,37.25,1.1,36.15,4.725,100.0,8.75,6.5,7.1,90.0,1018.05,14.5,92.5,13.5,232.5,20.0,0.0,10.0,1783691.0,243235.0,772876.0,28.55,22.91,0.258819045102521,-0.9659258262890682,0.9749279121818236,-0.22252093395631434,-2.4492935982947064e-16,1.0,114.0225,91.16499999999999,79.33500000000001,112.93385416666666,22.665542836073957,116.92750000000001
2025-12-17 12:00:00+00:00,116.92750000000001,13.0,2.0,12.0,False,False,True,True,False,14552.33825,14073.228500000001,10.435,188.25,2542.6159175000003,0.0,1539.6005,0.0,0.0,622.73,0.0,1051.4925,619.4375,0.0,-2542.625,-1539.6,622.75,1051.5,-619.45,-1872.7,5.325,6.1899999999999995,6.4725,6.609999999999999,226.5,233.0,233.25,237.0,6.425,9.175,1016.475,1.254275,55.25,8.225,47.025,31.65,100.0,8.899999999999999,6.5,7.199999999999999,89.5,1017.825,14.5,90.0,15.0,232.5,15.0,0.0,5.0,1513886.0,910727.0,1041902.0,28.55,22.91,1.2246467991473532e-16,-1.0,0.9749279121818236,-0.22252093395631434,-2.4492935982947064e-16,1.0,108.2125,98.18,79.4,113.71499999999999,22.457056216544768,122.95500000000001
2025-12-17 13:00:00+00:00,122.95500000000001,14.0,2.0,12.0,False,False,True,True,False,14704.6975,14270.0415,8.431333333333333,115.97666666666667,3076.1489125,0.0,1193.4285,0.0,0.0,622.91,0.0,1050.555,678.6800000000001,0.0,-3076.15,-1193.4,622.9,1050.525,-678.7,-2379.7,6.41,7.42,7.7375,7.8149999999999995,225.75,227.75,228.0,228.5,7.95,9.575,1015.925,1.2518,65.5,8.6,56.9,36.625,100.0,9.0,6.5,6.85,87.0,1017.6700000000001,16.0,95.0,15.0,232.5,15.0,0.0,5.0,1180376.0,1167295.0,1056302.0,28.55,22.91,-0.2588190451025208,-0.9659258262890683,0.9749279121818236,-0.22252093395631434,-2.4492935982947064e-16,1.0,116.92750000000001,120.17,86.0,113.83104166666668,22.499017368841116,121.2775
2025-12-17 14:00:00+00:00,121.2775,15.0,2.0,12.0,False,False,True,True,False,15050.52525,14597.616750000001,7.533666666666666,2.0750000000000006,3419.678735,0.0,820.26425,0.0,0.0,622.79,0.0,1047.8625000000002,664.72,0.0,-3419.7,-820.3,622.8,1047.875,-664.7,-2618.825,7.7700000000000005,8.872499999999999,9.2775,9.475000000000001,227.25,227.75,228.0,228.0,9.625,9.575,1015.775,1.251625,51.75,7.45,44.3,40.5,100.0,8.75,6.5,6.85,88.0,1017.565,16.0,97.5,14.5,222.5,15.0,0.0,5.0,850851.0,1915186.0,984489.0,28.55,22.91,-0.4999999999999998,-0.8660254037844388,0.9749279121818236,-0.22252093395631434,-2.4492935982947064e-16,1.0,122.95500000000001,136.5,88.9,113.19677083333333,22.042099916720414,123.42999999999999
2025-12-17 15:00:00+00:00,123.42999999999999,16.0,2.0,12.0,False,False,True,True,False,15471.0065,14890.393666666665,9.098333333333333,202.75333333333336,3221.8149224999997,0.0,1119.59475,0.0,0.0,622.605,0.0,1051.5925,645.74,0.0,-3221.8,-1119.6,622.625,1051.6,-645.75,-2473.25,7.975,9.1175,9.5625,9.8125,222.25,223.25,223.5,224.25,9.875,9.675,1015.575,1.25095,21.0,1.5,19.5,13.25,100.0,8.3,6.0,6.550000000000001,89.5,1017.64,15.0,98.5,14.0,212.5,10.0,0.0,0.0,91446.0,2391842.0,844896.0,28.55,22.91,-0.7071067811865471,-0.7071067811865479,0.9749279121818236,-0.22252093395631434,-2.4492935982947064e-16,1.0,121.2775,152.5425,94.995,111.98375,20.532015707712375,116.455
2025-12-17 16:00:00+00:00,116.455,17.0,2.0,12.0,False,False,True,True,False,15994.9845,14333.404270833333,7.6922500000000005,96.99,3315.4748325,0.0,1513.05525,0.0,0.0,622.5474999999999,0.0,1046.3,619.4549999999999,0.0,-3315.475,-1513.1,622.575,1046.3,-619.425,-2644.35,8.98,10.34,10.79,11.0375,210.75,211.75,211.75,213.5,11.125,9.675,1015.35,1.250675,73.75,0.0,73.75,0.0,100.0,8.95,6.5,7.4,90.5,1017.065,13.5,100.0,15.0,217.5,15.0,0.0,0.0,2053708.0,544164.0,271784.0,28.55,22.91,-0.8660254037844384,-0.5000000000000004,0.9749279121818236,-0.22252093395631434,-2.4492935982947064e-16,1.0,123.42999999999999,160.075,103.75999999999999,110.16625,17.84462991624748,102.0625
2025-12-17 17:00:00+00:00,102.0625,18.0,2.0,12.0,False,False,True,True,False,15582.175500000001,13776.414874999999,5.585,50.805,4226.23003,0.0,1602.533,0.0,0.0,622.18,0.0,956.7025,662.0875,0.0,-4226.225,-1602.5,622.2,956.7,-662.1,-3710.05,9.615,11.065,11.615,12.0575,200.25,202.0,202.5,205.75,12.05,9.6,1015.15,1.250775,0.0,0.0,0.0,0.0,100.0,8.55,6.5,7.1,90.5,1017.0550000000001,13.0,100.0,15.0,205.0,10.0,0.0,0.0,3080562.0,993035.5,874119.5,28.55,22.91,-0.9659258262890683,-0.25881904510252063,0.9749279121818236,-0.22252093395631434,-2.4492935982947064e-16,1.0,116.455,139.97,103.435,108.58677083333333,16.73507372710767,89.1725
2025-12-17 18:00:00+00:00,89.1725,19.0,2.0,12.0,False,False,True,True,False,15190.2975,13219.425479166664,5.703333333333333,46.32666666666667,4285.1465975,3.31325,1172.95575,0.0,0.0,622.73,0.0,519.0325,677.7075,0.0,-4281.85,-1173.0,622.75,519.05,-677.7,-4110.975,10.51,12.1425,12.745000000000001,13.4275,198.75,200.0,200.25,204.0,13.15,9.6,1014.95,1.250525,0.0,0.0,0.0,0.0,100.0,8.05,5.5,6.550000000000001,90.5,1017.12,13.5,97.5,15.0,192.5,10.0,0.0,0.0,3080562.0,1441907.0,1476455.0,28.55,22.91,-1.0,-1.8369701987210297e-16,0.9749279121818236,-0.22252093395631434,-2.4492935982947064e-16,1.0,102.0625,137.115,95.56,106.58916666666666,16.028135379135414,84.9
2025-12-17 19:00:00+00:00,84.9,20.0,2.0,12.0,False,False,True,True,False,15003.769,12662.436083333332,5.5272499999999996,-37.37166666666667,4207.7924875,176.468,1205.95325,0.0,0.0,622.3625,0.0,663.15,589.6725,0.0,-4031.325,-1206.0,622.375,663.15,-589.675,-3636.9750000000004,11.15,12.825,13.44,14.0,197.5,198.75,199.0,201.5,14.1,9.375,1014.85,1.2514,0.0,0.0,0.0,0.0,100.0,7.6,5.0,6.35,91.5,1016.9000000000001,14.5,97.5,17.5,187.5,10.0,0.0,0.0,3080562.0,1890778.5,2078790.5,28.55,22.91,-0.9659258262890684,0.2588190451025203,0.9749279121818236,-0.22252093395631434,-2.4492935982947064e-16,1.0,89.1725,126.1975,86.81,104.86843749999998,16.048292944106084,88.855
2025-12-17 20:00:00+00:00,88.855,21.0,2.0,12.0,False,False,True,True,False,14694.58,12105.4466875,5.624333333333334,3.9183333333333326,4379.65501,573.094,1398.86125,0.0,0.0,622.6675,0.0,380.9975,194.2125,0.0,-3806.575,-1398.9,622.675,381.0,-194.2,-3346.825,11.7775,13.6175,14.21,14.53,198.25,199.75,199.75,201.25,14.725,9.25,1014.7,1.25175,0.0,0.0,0.0,0.0,81.5,7.550000000000001,4.5,6.0,90.0,1017.05,16.0,92.5,19.5,195.0,15.0,0.0,5.0,3080562.0,2339650.0,2681126.0,28.55,22.91,-0.8660254037844386,0.5000000000000001,0.9749279121818236,-0.22252093395631434,-2.4492935982947064e-16,1.0,84.9,116.66250000000001,84.3,103.70979166666666,16.16317402368531,80.7425
2025-12-17 21:00:00+00:00,80.7425,22.0,2.0,12.0,False,False,True,True,False,14169.51225,11548.457291666666,2.9710000000000005,5.88,4275.1291675,935.96825,1272.85075,0.0,0.0,622.73,0.0,114.055,57.485,6.157500000000001,-3339.15,-1272.9,622.725,114.05,-51.325,-2971.925,12.2275,14.09,14.6975,15.09,194.25,195.25,195.5,197.0,15.350000000000001,9.05,1014.375,1.2522250000000001,0.0,0.0,0.0,0.0,87.0,7.3,4.0,5.5,88.5,1016.94,16.0,78.0,20.0,197.5,10.0,0.0,0.0,3080562.0,2788521.5,3283461.5,28.55,22.91,-0.7071067811865477,0.7071067811865474,0.9749279121818236,-0.22252093395631434,-2.4492935982947064e-16,1.0,88.855,112.27,81.15,102.39614583333334,16.709164141064427,76.6025
2025-12-17 22:00:00+00:00,76.6025,23.0,2.0,12.0,False,False,True,True,False,13514.85525,10991.467895833332,1.1736666666666666,-75.96166666666666,3786.1358099999998,974.6957500000001,1137.887,0.0,0.0,618.4325,0.0,313.82,12.46,271.42,-2811.425,-1137.9,618.425,313.825,258.95,-1904.7,12.6875,14.627500000000001,15.2775,15.6775,191.5,192.75,193.0,194.5,16.05,8.9,1013.975,1.2524,0.0,0.0,0.0,0.0,91.5,6.85,3.5,4.85,88.0,1016.7049999999999,16.0,79.5,19.0,187.5,10.0,0.0,0.0,3080562.0,3237393.0,3885797.0,28.55,22.91,-0.5000000000000004,0.8660254037844384,0.9749279121818236,-0.22252093395631434,-2.4492935982947064e-16,1.0,80.7425,101.03,75.4725,101.37833333333334,17.520292608279064,71.6975
2025-12-17 23:00:00+00:00,71.6975,0.0,3.0,12.0,False,False,True,True,False,12823.69975,10434.4785,-0.47250000000000003,-176.10833333333332,3007.596655,1252.1875,998.96225,0.0,0.0,471.745,0.0,895.375,38.83,36.235,-1755.425,-999.0,471.775,895.35,-2.575000000000001,-640.625,13.23,15.3975,16.065,16.555,193.0,194.0,194.0,196.0,16.75,8.975,1014.05,1.2521499999999999,0.0,0.0,0.0,0.0,93.0,6.550000000000001,3.0,4.55,87.5,1016.4200000000001,16.0,72.0,20.0,185.0,10.0,0.0,0.0,1540281.0,3686264.5,4488132.5,28.55,22.91,-0.25881904510252157,0.9659258262890681,0.9749279121818236,-0.22252093395631434,-2.4492935982947064e-16,1.0,76.6025,87.35,71.7275,100.72614583333332,18.337469821248703,64.8575
2025-12-18 00:00:00+00:00,64.8575,1.0,3.0,12.0,False,False,True,True,False,12352.5615,9820.729,4.8265,3.4016666666666664,3084.1550125,1239.4425,1015.42475,0.0,0.0,337.84000000000003,0.0,694.6375,0.0,256.6975,-1844.725,-1015.4,337.85,694.625,256.7,-809.4,14.0275,16.427500000000002,17.1325,17.7275,190.5,191.5,191.75,193.0,17.975,8.975,1013.35,1.2513,0.0,0.0,0.0,0.0,98.25,6.449999999999999,3.0,4.449999999999999,87.5,1016.125,16.0,90.0,22.0,190.0,10.0,0.0,0.0,0.0,4135136.0,5090468.0,28.42,22.91,0.0,1.0,0.43388373911755823,-0.900968867902419,-2.4492935982947064e-16,1.0,71.6975,87.785,71.1425,99.77083333333333,19.595061443410227,54.575
2025-12-18 01:00:00+00:00,54.575,2.0,3.0,12.0,False,False,True,True,False,12194.73825,9483.18525,1.9298333333333333,-10.666666666666666,3081.1683350000003,1539.08,1236.609,0.0,0.0,162.285,0.0,786.3525,76.465,119.25,-1542.075,-1236.6,216.4,786.375,42.775,-859.8,14.66,17.1875,17.945,18.505000000000003,191.25,192.25,192.25,193.75,18.85,8.875,1012.575,1.2508,0.0,0.0,0.0,0.0,87.0,6.55,3.0,4.4,86.5,1015.515,16.0,87.5,22.5,187.5,10.0,0.0,0.0,0.0,4142179.0,5215527.0,28.42,22.91,0.25881904510252074,0.9659258262890683,0.43388373911755823,-0.900968867902419,-2.4492935982947064e-16,1.0,64.8575,85.0,69.8825,98.503125,21.48522623412491,42.5375
2025-12-18 02:00:00+00:00,42.5375,3.0,3.0,12.0,False,False,True,True,False,12109.4465,9388.3345,0.418,-29.916666666666668,3317.6224825,1552.23,919.05975,0.0,0.0,360.695,0.0,788.2775,285.5825,0.0,-1765.375,-919.1,360.675,788.3,-285.575,-1131.75,14.6875,17.185,17.94,18.5225,190.75,191.75,192.0,193.5,19.075,8.85,1012.175,1.2504,0.0,0.0,0.0,0.0,99.25,6.7,3.0,4.55,86.5,1015.2650000000001,16.0,84.5,24.0,187.5,10.0,0.0,0.0,0.0,4148610.0,5399790.0,28.42,22.91,0.49999999999999994,0.8660254037844387,0.43388373911755823,-0.900968867902419,-2.4492935982947064e-16,1.0,54.575,82.495,71.6475,96.83822916666668,24.16115261970335,36.845
2025-12-18 03:00:00+00:00,36.845,4.0,3.0,12.0,False,False,True,True,False,12127.51525,9403.931250000001,-0.016666666666666673,-28.591666666666665,3399.4959799999997,1448.4675,737.9275,0.0,0.0,540.295,0.0,408.1775,9.675,16.8575,-1951.05,-737.9,540.3,408.175,7.175000000000001,-1179.85,14.815000000000001,17.37,18.145,18.675,191.25,192.25,192.25,193.25,19.1,8.825,1011.5,1.2496749999999999,0.0,0.0,0.0,0.0,99.5,6.85,3.0,4.75,86.5,1014.1800000000001,16.0,96.0,24.0,187.5,10.0,0.0,0.0,0.0,4157178.0,5745348.0,28.42,22.91,0.7071067811865475,0.7071067811865476,0.43388373911755823,-0.900968867902419,-2.4492935982947064e-16,1.0,42.5375,83.7,72.5325,94.8859375,26.99565960294553,44.47
2025-12-18 04:00:00+00:00,44.47,5.0,3.0,12.0,False,False,True,True,False,12353.277,9468.23275,2.7046666666666668,-4.288333333333333,3662.1466575,1261.5925,870.69575,0.0,0.0,607.5675,0.0,770.79,0.0,106.015,-2400.5750000000003,-870.7,607.5500000000001,770.775,106.0,-1133.85,14.754999999999999,17.2175,17.9975,18.5375,193.5,194.75,194.75,195.75,19.175,8.8,1011.075,1.249275,0.0,0.0,0.0,0.0,100.0,6.949999999999999,3.0,4.699999999999999,86.5,1013.84,16.0,100.0,25.0,190.0,15.0,0.0,5.0,0.0,4157509.0,5934848.0,28.42,22.91,0.8660254037844386,0.5000000000000001,0.43388373911755823,-0.900968867902419,-2.4492935982947064e-16,1.0,36.845,87.605,76.9375,93.08864583333333,28.87216064507074,57.9925
2025-12-18 05:00:00+00:00,57.9925,6.0,3.0,12.0,False,False,True,True,False,13361.3155,10324.038,3.5315,6.725,3348.10667,1036.2305000000001,697.11425,0.0,0.0,616.3075,0.0,787.905,0.0,623.31,-2311.875,-697.1,616.3000000000001,787.875,623.35,-458.625,14.645,17.1625,17.942500000000003,18.502499999999998,195.25,196.0,196.25,198.0,19.0,8.85,1010.9,1.24885,0.0,0.0,0.0,0.0,99.5,7.4,3.5,4.85,84.5,1013.8199999999999,16.0,100.0,26.0,197.5,17.5,0.0,5.0,0.0,4157783.0,5951103.0,28.42,22.91,0.9659258262890683,0.25881904510252074,0.43388373911755823,-0.900968867902419,-2.4492935982947064e-16,1.0,44.47,91.2,84.06,91.705,29.748995772236224,79.35
2025-12-18 06:00:00+00:00,79.35,7.0,3.0,12.0,False,False,True,True,False,14919.95975,11743.85125,5.058833333333333,44.08166666666667,1853.2858075,918.0844999999999,668.074,0.0,0.0,621.6375,0.0,785.35,0.0,323.955,-935.2,-668.1,621.625,785.3249999999999,323.925,628.75,14.9575,17.6175,18.4025,19.052500000000002,201.0,202.0,202.25,203.5,19.15,9.025,1011.075,1.248275,0.0,0.0,0.0,0.0,100.0,7.65,3.5,5.0,83.5,1014.0,16.0,100.0,26.5,197.5,27.5,0.0,10.0,0.0,4157003.0,6045100.0,28.42,22.91,1.0,6.123233995736766e-17,0.43388373911755823,-0.900968867902419,-2.4492935982947064e-16,1.0,57.9925,106.3925,96.39500000000001,90.57822916666667,29.680557174242317,88.3725
2025-12-18 07:00:00+00:00,88.3725,8.0,3.0,12.0,False,False,True,True,False,16040.2755,12930.418,5.633333333333334,24.766666666666666,134.4057325,885.0211725,1467.82175,0.0,0.0,618.305,0.06,0.0,0.0,647.0325,750.625,-1467.8,618.3,-0.1,647.05,1648.925,14.375,16.93,17.71,18.3975,202.75,203.25,203.5,205.0,18.4,9.125,1011.35,1.248175,0.0,0.0,0.0,0.0,100.0,7.75,4.0,5.55,86.5,1014.25,16.0,100.0,26.0,200.0,30.0,0.0,10.0,0.0,4147076.0,5940581.0,28.42,22.91,0.9659258262890683,-0.25881904510252063,0.43388373911755823,-0.900968867902419,-2.4492935982947064e-16,1.0,79.35,131.4925,107.905,88.7815625,28.372469297340675,91.61500000000001
2025-12-18 08:00:00+00:00,91.61500000000001,9.0,3.0,12.0,False,False,True,True,False,16093.72375,13592.9905,5.318250000000001,31.858333333333334,0.0,1825.12893,1898.943,0.0,0.0,622.6075,501.2925,0.0,0.0,678.07,1825.1,-1898.9,622.6,-501.3,678.05,2149.7749999999996,13.622499999999999,15.9575,16.66,17.275,201.5,201.75,202.0,203.0,17.75,9.425,1011.6,1.24715,0.0,0.0,0.0,0.0,100.0,8.25,4.5,5.8,85.0,1014.28,16.0,100.0,25.0,200.0,22.5,0.0,10.0,144874.0,4137638.0,5788371.0,28.42,22.91,0.8660254037844387,-0.49999999999999983,0.43388373911755823,-0.900968867902419,-2.4492935982947064e-16,1.0,88.3725,123.94500000000001,103.7775,87.43447916666668,27.380523980869047,94.0
2025-12-18 09:00:00+00:00,94.0,10.0,3.0,12.0,False,False,True,True,False,15298.57725,13556.4715,3.1390000000000002,-107.61666666666666,0.0,1569.2779925,1230.84375,0.0,0.0,622.425,1065.79,0.0,0.0,699.9325,1569.25,-1230.8,622.425,-1065.8,699.9,1518.125,12.925,15.092500000000001,15.8125,16.6475,200.0,200.5,200.75,202.0,16.8,9.45,1011.8,1.2473,3.75,0.0,3.75,0.0,100.0,8.350000000000001,5.0,6.199999999999999,86.5,1014.78,16.0,100.0,24.0,200.0,27.5,0.0,10.0,977168.0,4116702.0,5442320.0,28.42,22.91,0.7071067811865476,-0.7071067811865475,0.43388373911755823,-0.900968867902419,-2.4492935982947064e-16,1.0,91.61500000000001,120.5,90.5675,86.3303125,26.509602959736814,94.945
2025-12-18 10:00:00+00:00,94.945,11.0,3.0,12.0,False,False,True,True,False,15049.531500000001,12795.993999999999,0.1485,-296.2433333333333,0.0,1227.8525875,637.79325,0.0,0.0,615.5775,1066.0900000000001,0.0,0.0,678.9125,1227.85,-637.8,615.6,-1066.1,678.9,1296.8,12.5625,14.64,15.295,16.27,198.25,199.25,199.5,201.25,16.200000000000003,9.475,1011.975,1.247375,17.75,0.325,17.425,1.875,100.0,8.649999999999999,5.5,6.5,87.0,1014.94,16.0,100.0,22.5,202.5,27.5,0.0,10.0,2024259.0,4024223.0,5380845.0,28.42,22.91,0.49999999999999994,-0.8660254037844387,0.43388373911755823,-0.900968867902419,-2.4492935982947064e-16,1.0,94.0,114.0225,88.42,85.53541666666666,25.922668521915483,86.28
2025-12-18 11:00:00+00:00,86.28,12.0,3.0,12.0,False,False,True,True,False,13935.42825,12368.264500000001,-1.0496666666666667,-273.6,0.0,1331.52243,189.2475,0.0,0.0,522.695,1078.835,0.0,0.0,449.69,1331.5,-189.2,522.7,-1078.825,449.675,1177.775,12.255,14.350000000000001,14.985,15.8725,193.25,194.0,194.25,196.25,15.65,9.5,1011.25,1.246425,61.25,9.375,51.875,40.75,100.0,8.95,5.5,6.5,85.0,1014.45,16.0,100.0,21.0,197.5,22.5,0.0,10.0,3134710.0,3997936.0,5134967.0,28.42,22.91,0.258819045102521,-0.9659258262890682,0.43388373911755823,-0.900968867902419,-2.4492935982947064e-16,1.0,94.945,108.2125,86.47,84.6215625,25.471134800991457,87.62
2025-12-18 12:00:00+00:00,87.62,13.0,3.0,12.0,False,False,True,True,False,14156.4705,11989.00575,-0.11999999999999998,-225.8,121.80250749999999,1492.4900025000002,58.11375,34.8375,0.0,388.4225,1073.0025,0.0,140.6375,10.66,1370.675,-23.3,388.4,-1073.025,-129.975,550.3,11.8425,13.9975,14.655000000000001,15.7525,189.5,191.0,191.25,194.0,15.325,9.625,1010.6,1.245025,87.0,18.675,68.325,73.0,100.0,9.4,6.5,6.85,84.5,1013.605,16.0,100.0,19.5,185.0,17.5,0.0,5.0,4201764.0,3887074.0,4677859.0,28.42,22.91,1.2246467991473532e-16,-1.0,0.43388373911755823,-0.900968867902419,-2.4492935982947064e-16,1.0,86.28,116.92750000000001,87.11500000000001,83.40041666666666,24.54050651769302,93.185
2025-12-18 13:00:00+00:00,93.185,14.0,3.0,12.0,False,False,True,True,False,14586.5285,11687.5425,7.5,127.26666666666667,1108.4908375,917.3734999999999,58.38,11.6125,0.0,589.955,1052.965,0.0,36.1425,34.0625,-191.125,-46.8,589.925,-1052.975,-2.0999999999999996,-667.9,11.91,14.15,14.795,15.885,180.0,181.0,181.25,183.5,15.049999999999999,9.425,1009.775,1.244925,54.25,9.75,44.5,40.35,100.0,9.55,7.0,7.1,85.0,1012.75,16.0,99.0,19.5,175.0,15.0,0.0,5.0,2980848.0,3799288.0,4382015.0,28.42,22.91,-0.2588190451025208,-0.9659258262890683,0.43388373911755823,-0.900968867902419,-2.4492935982947064e-16,1.0,87.62,122.95500000000001,93.83500000000001,82.16000000000001,23.168273272150635,98.445
2025-12-18 14:00:00+00:00,98.445,15.0,3.0,12.0,False,False,True,True,False,15462.83725,12097.160750000001,4.744833333333333,-14.023333333333333,1434.3025175,946.2705000000001,23.707,35.1525,0.0,620.3125,650.855,0.0,66.39750000000001,0.0,-488.025,11.4,620.3,-650.875,-66.4,-582.125,12.4625,14.9725,15.6875,16.8125,175.75,176.75,176.75,178.75,15.775,9.6,1009.075,1.2432750000000001,55.5,16.849999999999998,38.65,89.875,100.0,9.65,7.0,7.1,84.5,1011.87,16.0,97.5,22.0,175.0,15.0,0.0,5.0,1484968.0,3903292.0,4144687.0,28.42,22.91,-0.4999999999999998,-0.8660254037844388,0.43388373911755823,-0.900968867902419,-2.4492935982947064e-16,1.0,93.185,121.2775,105.9925,81.20864583333334,21.9277321060517,94.5275
2025-12-18 15:00:00+00:00,94.5275,16.0,3.0,12.0,False,False,True,True,False,16145.809,12857.175666666668,3.0409999999999995,-173.24833333333333,1148.6741675,1225.0725,4.74575,63.465,0.0,622.7249999999999,273.28,0.0,233.41750000000002,11.6475,76.4,58.7,622.725,-273.275,-221.775,218.75,12.83,15.530000000000001,16.315,17.7425,169.25,170.75,171.0,173.75,16.225,9.7,1008.15,1.2416749999999999,33.75,6.0,27.75,53.125,100.0,10.0,7.0,7.05,82.0,1011.27,16.0,97.5,24.0,175.0,17.5,0.0,5.0,70013.0,3955712.0,4797203.0,28.42,22.91,-0.7071067811865471,-0.7071067811865479,0.43388373911755823,-0.900968867902419,-2.4492935982947064e-16,1.0,98.445,123.42999999999999,109.745,80.004375,20.236565810138078,91.315
2025-12-18 16:00:00+00:00,91.315,17.0,3.0,12.0,False,False,True,True,False,16466.033750000002,12496.774239583334,1.1783333333333335,-217.65833333333333,978.0350075,1203.3400000000001,411.23925,0.0,0.0,619.9425,407.0225,0.0,0.0,655.685,225.3,-411.2,619.95,-407.025,655.675,991.125,13.717500000000001,16.96,17.814999999999998,19.4125,169.0,171.0,171.5,174.5,17.275,9.975,1007.2,1.239325,2.5,0.0,2.5,0.125,100.0,11.149999999999999,8.5,7.25,77.0,1010.27,16.0,100.0,24.0,175.0,15.0,0.0,0.0,2053708.0,1339576.0,1810098.0,28.42,22.91,-0.8660254037844384,-0.5000000000000004,0.43388373911755823,-0.900968867902419,-2.4492935982947064e-16,1.0,94.5275,116.455,112.255,78.95687500000001,18.872427239718906,82.0525
2025-12-18 17:00:00+00:00,82.0525,18.0,3.0,12.0,False,False,True,True,False,16070.73925,12136.372812500002,2.28225,-57.1,314.1324975,1540.4325,1047.6925,0.0,0.0,603.0575,1051.6675,0.0,0.0,469.895,1226.3,-1047.7,603.05,-1051.6750000000002,469.875,985.6500000000001,14.3325,17.905,18.8625,20.905,171.75,174.0,174.25,177.75,18.225,10.3,1006.65,1.237225,0.0,0.0,0.0,0.0,100.0,11.15,8.5,7.0,76.0,1009.97,16.0,97.5,26.0,177.5,10.0,0.0,0.0,3080562.0,1686950.875,2370572.0,28.42,22.91,-0.9659258262890683,-0.25881904510252063,0.43388373911755823,-0.900968867902419,-2.4492935982947064e-16,1.0,91.315,102.0625,110.765,78.123125,18.2386419428225,81.5
2025-12-18 18:00:00+00:00,81.5,19.0,3.0,12.0,False,False,True,True,False,15601.451000000001,11775.971385416668,3.012583333333333,14.433333333333334,82.11500000000001,1710.3241575,856.27025,0.0,0.0,591.3075,1068.84,0.0,0.0,391.765,1628.2,-856.3,591.275,-1068.85,391.75,1328.375,15.015,18.9025,19.91,21.9825,176.75,178.25,178.75,181.5,19.1,10.6,1006.1999999999999,1.23535,0.0,0.0,0.0,0.0,100.0,11.35,8.5,6.7,74.0,1009.465,16.0,97.5,27.5,180.0,10.0,0.0,0.0,3080562.0,2034325.75,2931046.0,28.42,22.91,-1.0,-1.8369701987210297e-16,0.43388373911755823,-0.900968867902419,-2.4492935982947064e-16,1.0,82.0525,89.1725,105.9625,77.8034375,18.103287201687966,72.32
2025-12-18 19:00:00+00:00,72.32,20.0,3.0,12.0,False,False,True,True,False,15097.19125,11415.569958333333,0.49441666666666667,-72.23333333333333,550.931665,1510.07417,238.81325,287.08,0.0,445.1875,1067.8425,0.0,0.0,643.33,959.125,48.3,445.175,-1067.825,643.325,991.875,15.58,19.560000000000002,20.6225,22.759999999999998,181.0,182.75,183.25,185.75,20.0,10.65,1005.8,1.234675,0.0,0.0,0.0,0.0,100.0,11.35,8.5,6.4,72.0,1009.0999999999999,16.0,98.5,28.0,180.0,10.0,0.0,0.0,3080562.0,2381700.625,3491520.0,28.42,22.91,-0.9659258262890684,0.2588190451025203,0.43388373911755823,-0.900968867902419,-2.4492935982947064e-16,1.0,81.5,84.9,100.52250000000001,77.27927083333333,18.07097124923996,53.295
2025-12-18 20:00:00+00:00,53.295,21.0,3.0,12.0,False,False,True,True,False,14580.3035,11055.168531250001,-0.2326666666666667,-76.65,1217.4633375,1590.0974999999999,0.0,698.8575,0.0,132.515,1067.1299999999999,0.0,0.0,589.375,372.625,698.9,265.0,-1067.1,589.375,202.10000000000002,15.625,19.56,20.64,22.810000000000002,185.25,186.75,187.25,190.25,20.275,10.575,1005.8,1.234975,0.0,0.0,0.0,0.0,100.0,11.600000000000001,9.0,6.0,69.0,1008.9649999999999,16.0,100.0,29.0,182.5,15.0,0.0,5.0,3080562.0,2729075.5,4051994.0,28.42,22.91,-0.8660254037844386,0.5000000000000001,0.43388373911755823,-0.900968867902419,-2.4492935982947064e-16,1.0,72.32,88.855,90.44,75.79760416666666,18.532509295934556,49.07
2025-12-18 21:00:00+00:00,49.07,22.0,3.0,12.0,False,False,True,True,False,14019.7205,10694.767104166667,1.0414166666666667,-31.05,1217.2316425000001,1627.275,13.2125,307.965,46.64,0.0,1063.6925,0.0,0.0,376.65999999999997,410.025,294.8,-62.166666666666664,-1063.7,376.65,-249.95,15.535,19.4825,20.5875,22.6525,190.5,192.5,193.0,195.75,20.25,10.7,1006.025,1.234675,0.0,0.0,0.0,0.0,100.0,12.0,9.0,5.9,66.5,1009.1949999999999,16.0,100.0,29.5,190.0,15.0,0.0,5.0,3080562.0,3076450.375,4612468.0,28.42,22.91,-0.7071067811865477,0.7071067811865474,0.43388373911755823,-0.900968867902419,-2.4492935982947064e-16,1.0,53.295,80.7425,91.4025,74.47791666666667,19.27778034516001,17.837500000000002
2025-12-18 22:00:00+00:00,17.837500000000002,23.0,3.0,12.0,False,False,True,True,False,13494.381,10334.365677083335,-1.0268333333333333,-72.75500000000001,835.72333,1662.4425,222.7635,20.8,117.385,0.0,1038.0825,0.0,0.0,158.115,826.7,-202.0,-156.53333333333333,-1038.075,158.125,-221.125,15.135,19.0,20.115000000000002,22.1675,197.0,198.75,199.25,202.0,19.95,10.8,1006.475,1.2348,0.0,0.0,0.0,0.0,100.0,12.05,9.5,6.1,67.5,1009.515,16.0,100.0,29.5,195.0,17.5,0.0,5.0,3080562.0,3423825.25,5172942.0,28.42,22.91,-0.5000000000000004,0.8660254037844384,0.43388373911755823,-0.900968867902419,-2.4492935982947064e-16,1.0,49.07,76.6025,87.745,72.029375,22.464744495421506,7.585
2025-12-18 23:00:00+00:00,7.585,0.0,4.0,12.0,False,False,True,True,False,13024.907,9973.96425,-1.566,-132.31666666666666,736.597495,1609.3474999999999,322.4485,0.0,512.0024999999999,0.0,984.2075,0.0,0.0,293.115,872.75,-322.4,-512.0,-984.2,293.1,-410.95,14.442499999999999,18.4375,19.495,21.725,198.5,200.5,200.75,204.75,18.825,10.925,1006.575,1.2344,0.0,0.0,0.0,0.0,100.0,11.8,9.0,6.6,71.0,1009.9,16.0,100.0,29.0,200.0,17.5,0.0,5.0,1540281.0,3771200.125,5733416.0,28.42,22.91,-0.25881904510252157,0.9659258262890681,0.43388373911755823,-0.900968867902419,-2.4492935982947064e-16,1.0,17.837500000000002,71.6975,81.925,69.35802083333334,26.034249410727927,4.41
2025-12-19 00:00:00+00:00,4.41,1.0,4.0,12.0,False,False,True,True,False,12683.66325,9748.6515,0.16391666666666668,-82.23833333333333,507.159175,1581.845,146.5565,0.0,633.4300000000001,0.0,986.4725,0.0,133.8425,27.507499999999997,1074.7,-146.6,-633.4000000000001,-986.475,-106.35,-688.225,13.8025,17.945,19.0,21.165,202.5,205.25,205.75,209.75,17.6,11.175,1006.975,1.233825,0.0,0.0,0.0,0.0,100.0,11.3,8.5,7.0,75.0,1010.2,16.0,100.0,28.0,205.0,27.5,0.0,10.0,0.0,4118575.0,6293890.0,28.69,12.19,0.0,1.0,-0.433883739117558,-0.9009688679024191,-2.4492935982947064e-16,1.0,7.585,64.8575,84.1175,66.839375,29.217872845471415,4.3225
2025-12-19 01:00:00+00:00,4.3225,2.0,4.0,12.0,False,False,True,True,False,12457.736,9454.17125,1.4609166666666666,3.283333333333333,478.37999,1400.0075,335.6225,0.0,444.66499999999996,0.0,988.1925,0.0,86.905,68.5525,921.6,-335.6,-444.675,-988.2,-18.35,-613.5,12.4625,16.34,17.34,18.9375,207.0,209.75,210.0,215.75,15.875,11.05,1007.55,1.235075,0.0,0.0,0.0,0.0,100.0,11.149999999999999,8.0,7.55,79.0,1010.55,16.0,100.0,27.5,207.5,22.5,0.0,10.0,0.0,4083604.0,5992508.0,28.69,12.19,0.25881904510252074,0.9659258262890683,-0.433883739117558,-0.9009688679024191,-2.4492935982947064e-16,1.0,4.41,54.575,84.705,64.74552083333333,31.8197761259578,2.5575
2025-12-19 02:00:00+00:00,2.5575,3.0,4.0,12.0,False,False,True,True,False,12286.033,9575.186249999999,-1.619,-109.18333333333334,352.21415,1246.67,213.0285,0.0,302.5775,0.0,974.5375,0.0,51.012499999999996,41.91,894.45,-213.0,-302.575,-974.55,-9.074999999999996,-445.0,12.44,16.197499999999998,17.095,18.66,211.5,215.0,215.25,220.75,15.85,10.95,1008.25,1.23635,0.0,0.0,0.0,0.0,100.0,11.1,8.0,7.9,81.0,1011.15,16.0,100.0,25.0,210.0,27.5,0.0,10.0,0.0,3941008.0,5680911.0,28.69,12.19,0.49999999999999994,0.8660254037844387,-0.433883739117558,-0.9009688679024191,-2.4492935982947064e-16,1.0,4.3225,42.5375,85.205,63.079687500000006,34.004482595429764,2.86
2025-12-19 03:00:00+00:00,2.86,4.0,4.0,12.0,False,False,True,True,False,12238.25125,9788.235,-1.01325,-72.81666666666666,286.949165,1316.195,389.51575,0.0,264.4575,0.0,680.0375,0.0,0.0,409.8,1029.25,-389.5,-264.45,-680.05,409.825,397.175,9.6525,13.1075,13.94,16.0575,211.25,211.5,212.5,216.75,13.149999999999999,10.725,1008.75,1.23795,0.0,0.0,0.0,0.0,100.0,10.95,8.0,8.45,85.0,1011.5,16.0,100.0,23.0,207.5,30.0,0.0,10.0,0.0,3767212.0,5098097.0,28.69,12.19,0.7071067811865475,0.7071067811865476,-0.433883739117558,-0.9009688679024191,-2.4492935982947064e-16,1.0,2.5575,36.845,82.83,61.663645833333334,35.804444100977,9.1825
2025-12-19 04:00:00+00:00,9.1825,5.0,4.0,12.0,False,False,True,True,False,12363.31025,10075.11925,3.8576666666666664,68.58333333333333,837.11666,1283.3125,416.865,0.0,194.10750000000002,27.27,0.0,443.395,0.0,548.01,446.175,-416.9,-166.82500000000002,443.4,548.0,1166.55,9.545,12.575,13.3475,14.65,218.75,224.5,224.75,231.0,11.85,10.75,1009.3,1.2385,0.0,0.0,0.0,0.0,100.0,10.75,8.0,8.7,87.5,1011.72,15.0,100.0,23.0,212.5,32.5,0.0,10.0,0.0,3434254.0,4161539.0,28.69,12.19,0.8660254037844386,0.5000000000000001,-0.433883739117558,-0.9009688679024191,-2.4492935982947064e-16,1.0,2.86,44.47,83.4425,60.193333333333335,37.23708095686894,38.7875
2025-12-19 05:00:00+00:00,38.7875,6.0,4.0,12.0,False,False,True,True,False,13152.6135,10909.6945,6.441999999999999,107.13000000000001,642.2375125,1263.4825,197.8915,0.0,0.0,488.1975,0.0,976.025,0.0,554.3725,621.225,-197.9,488.2,976.025,554.4,2590.35,9.2875,11.8775,12.615,13.8225,233.5,237.0,237.25,241.75,11.6,10.674999999999999,1009.9749999999999,1.23965,0.0,0.0,0.0,0.0,100.0,10.600000000000001,8.0,8.899999999999999,89.0,1012.28,13.5,100.0,22.5,212.5,32.5,0.0,10.0,0.0,2647815.0,3283637.0,28.69,12.19,0.9659258262890683,0.25881904510252074,-0.433883739117558,-0.9009688679024191,-2.4492935982947064e-16,1.0,9.1825,57.9925,87.4975,59.393125,37.4919136734409,75.2675
2025-12-19 06:00:00+00:00,75.2675,7.0,4.0,12.0,False,False,True,True,False,14716.312,12262.3445,6.364999999999999,54.72833333333333,79.1024925,948.06742,807.732,0.0,0.0,622.6675,0.0,678.275,0.0,695.0649999999999,868.975,-807.7,622.675,678.25,695.05,2663.025,8.575,10.5,11.1625,11.3725,245.25,248.75,249.0,253.25,11.5,10.575,1010.75,1.241075,0.0,0.0,0.0,0.0,100.0,10.600000000000001,8.0,9.05,90.5,1012.8299999999999,13.5,100.0,22.0,210.0,32.5,0.0,10.0,0.0,1779635.0,2742099.0,28.69,12.19,1.0,6.123233995736766e-17,-0.433883739117558,-0.9009688679024191,-2.4492935982947064e-16,1.0,38.7875,79.35,116.0125,59.22302083333333,37.40659501387638,89.43
2025-12-19 07:00:00+00:00,89.43,8.0,4.0,12.0,False,False,True,True,False,15757.17175,13995.753,4.939666666666667,3.211666666666667,0.0,1147.8162525,1325.41475,0.0,0.0,622.5474999999999,0.0,910.995,0.0,688.4300000000001,1147.825,-1325.4,622.55,911.0,688.425,3038.425,7.7,9.592500000000001,10.2225,10.6575,253.25,256.75,257.25,259.25,10.6,10.55,1011.7,1.242325,0.0,0.0,0.0,0.0,100.0,10.600000000000001,8.0,9.1,91.0,1013.3499999999999,15.0,100.0,21.0,215.0,30.0,0.0,10.0,0.0,1848948.0,2159675.0,28.69,12.19,0.9659258262890683,-0.25881904510252063,-0.433883739117558,-0.9009688679024191,-2.4492935982947064e-16,1.0,75.2675,88.3725,127.58,59.26708333333334,37.443029142159226,89.38499999999999
2025-12-19 08:00:00+00:00,89.38499999999999,9.0,4.0,12.0,False,False,True,True,False,16014.88375,14747.189999999999,5.439166666666667,26.81,0.0,1735.689675,1401.05025,0.0,0.0,622.6075,0.0,238.04,0.0,653.0675,1735.725,-1401.1,622.625,238.075,653.075,2899.15,7.095,8.755,9.174999999999999,9.46,251.5,254.25,255.75,258.25,9.2,10.4,1012.8,1.244325,0.0,0.0,0.0,0.0,100.0,10.75,8.5,9.05,89.5,1014.25,16.0,100.0,20.5,222.5,27.5,0.0,10.0,74890.0,2031808.0,1667281.0,28.69,12.19,0.8660254037844387,-0.49999999999999983,-0.433883739117558,-0.9009688679024191,-2.4492935982947064e-16,1.0,89.43,91.61500000000001,124.205,59.17416666666667,37.36194524561371,89.4125
2025-12-19 09:00:00+00:00,89.4125,10.0,4.0,12.0,False,False,True,True,False,15859.03925,14398.28275,5.329166666666667,-33.35166666666667,0.0,1651.2774225,1778.3605,0.0,0.0,622.73,0.0,206.35,0.0,529.5174999999999,1651.275,-1778.4,622.725,206.325,529.525,2565.275,7.355,8.8325,9.3675,9.765,250.0,252.0,252.5,253.5,9.55,10.4,1013.675,1.245425,11.5,0.0,11.5,0.0,100.0,10.5,8.0,8.95,91.0,1015.14,15.0,100.0,17.5,227.5,27.5,0.0,10.0,785938.0,1503367.0,1368863.0,28.69,12.19,0.7071067811865476,-0.7071067811865475,-0.433883739117558,-0.9009688679024191,-2.4492935982947064e-16,1.0,89.38499999999999,94.0,117.865,58.98302083333332,37.187354771212036,87.49000000000001
2025-12-19 10:00:00+00:00,87.49000000000001,11.0,4.0,12.0,False,False,True,True,False,15708.60975,14014.79125,5.172833333333333,-1.981666666666667,38.6666675,407.28533749999997,1642.92775,0.0,0.0,622.91,0.0,450.445,0.0,517.3375,368.625,-1642.9,622.9,450.475,517.35,1548.575,7.827500000000001,9.4675,10.025,10.5525,243.0,245.0,245.5,247.5,9.7,10.4,1014.4250000000001,1.24635,34.75,1.825,32.925,11.025,100.0,10.399999999999999,8.0,8.649999999999999,89.0,1015.9649999999999,15.0,100.0,18.0,230.0,17.5,0.0,10.0,1792644.0,1540912.0,1478106.0,28.69,12.19,0.49999999999999994,-0.8660254037844387,-0.433883739117558,-0.9009688679024191,-2.4492935982947064e-16,1.0,89.4125,94.945,113.3775,58.672395833333326,36.90396076804111,84.19
2025-12-19 11:00:00+00:00,84.19,12.0,4.0,12.0,False,False,True,True,False,15648.321,13498.60275,3.646333333333333,-56.885,735.0708374999999,145.04,1489.98425,0.0,0.0,622.97,0.0,659.975,35.1,158.625,-590.05,-1490.0,622.95,659.95,123.525,443.95,8.9425,10.815,11.41,12.1075,241.0,242.0,242.25,243.5,11.1,10.35,1015.025,1.2473,60.75,5.55,55.2,25.35,99.75,10.35,8.0,8.05,85.5,1016.2750000000001,16.0,100.0,17.0,232.5,15.0,0.0,5.0,2432088.0,2163482.0,1899844.0,28.69,12.19,0.258819045102521,-0.9659258262890682,-0.433883739117558,-0.9009688679024191,-2.4492935982947064e-16,1.0,87.49000000000001,86.28,108.9875,58.58531249999999,36.838389521817405,86.07
2025-12-19 12:00:00+00:00,86.07,13.0,4.0,12.0,False,False,True,True,False,15652.18,13223.9505,4.033333333333333,-65.86999999999999,1254.488325,208.064,1144.84575,0.0,0.0,619.405,0.0,790.99,337.0425,0.0,-1046.425,-1144.8,619.4,790.975,-337.05,-259.275,9.21,11.1775,11.8325,12.432500000000001,238.0,240.0,240.25,242.25,11.35,10.325,1015.175,1.2476,117.0,31.075,85.925,123.47500000000001,99.5,10.5,8.0,8.05,85.5,1016.45,16.0,100.0,17.5,237.5,15.0,0.0,5.0,2906681.0,2889766.0,2266325.0,28.69,12.19,1.2246467991473532e-16,-1.0,-0.433883739117558,-0.9009688679024191,-2.4492935982947064e-16,1.0,84.19,87.62,112.17750000000001,58.52072916666666,36.78659641505177,90.83500000000001
2025-12-19 13:00:00+00:00,90.83500000000001,14.0,4.0,12.0,False,False,True,True,False,15819.2195,13089.692,4.206916666666666,-59.30166666666666,1587.5316625,355.872,996.99325,0.0,0.0,621.7625,0.0,509.35249999999996,467.52750000000003,0.0,-1231.675,-997.0,621.775,509.35,-467.525,-817.325,8.9275,10.8225,11.4225,12.0475,236.75,238.0,238.5,240.5,11.15,10.3,1015.475,1.24805,80.75,13.375,67.375,59.625,100.0,10.25,8.0,7.65,84.5,1016.665,16.0,97.5,17.5,235.0,15.0,0.0,5.0,2612809.0,3253370.0,2242857.0,28.69,12.19,-0.2588190451025208,-0.9659258262890683,-0.433883739117558,-0.9009688679024191,-2.4492935982947064e-16,1.0,86.07,93.185,119.0325,58.42281249999999,36.69332652653457,94.56
2025-12-19 14:00:00+00:00,94.56,15.0,4.0,12.0,False,False,True,True,False,16229.248749999999,13740.10525,4.623583333333333,-53.22833333333333,1787.3450125,251.021,884.96475,0.0,0.0,622.91,0.0,874.2025,191.535,0.0,-1536.35,-885.0,622.9,874.2,-191.525,-451.975,9.07,11.2,11.782499999999999,12.4225,232.5,235.25,235.5,237.75,11.325,10.2,1015.9000000000001,1.249025,77.0,19.275,57.724999999999994,110.69999999999999,100.0,9.850000000000001,7.5,7.1,83.0,1017.04,16.0,97.5,18.0,237.5,15.0,0.0,5.0,1609721.0,3467928.0,2022813.0,28.69,12.19,-0.4999999999999998,-0.8660254037844388,-0.433883739117558,-0.9009688679024191,-2.4492935982947064e-16,1.0,90.83500000000001,98.445,124.905,58.260937500000004,36.51723643655582,96.2175
2025-12-19 15:00:00+00:00,96.2175,16.0,4.0,12.0,False,False,True,True,False,16416.839500000002,14200.891333333333,5.605666666666667,55.77166666666667,2122.8313975,446.197,1305.471,0.0,0.0,622.545,0.0,866.3275,1.74,7.1075,-1676.65,-1305.5,622.55,866.325,5.35,-508.75,9.2225,11.365,11.94,12.54,235.0,236.75,237.0,239.25,11.425,10.25,1016.1,1.24905,45.0,8.475,36.525000000000006,78.75,100.0,9.55,7.0,6.7,83.0,1017.46,16.0,90.0,16.5,227.5,10.0,0.0,0.0,135778.0,3311780.0,1479270.0,28.69,12.19,-0.7071067811865471,-0.7071067811865479,-0.433883739117558,-0.9009688679024191,-2.4492935982947064e-16,1.0,94.56,94.5275,137.44,58.33135416666667,36.591763677232365,104.07
2025-12-19 16:00:00+00:00,104.07,17.0,4.0,12.0,False,False,True,True,False,16639.91125,13880.715166666667,5.926833333333334,156.78166666666667,1908.53499,569.1905,1341.2955,0.0,0.0,622.7874999999999,0.0,266.515,0.0,233.0,-1339.35,-1341.3,622.7750000000001,266.5,233.02499999999998,-552.4,8.72,10.765,11.3,11.895,235.25,237.25,237.25,240.5,11.45,10.175,1016.5,1.249875,2.75,0.0,2.75,0.0,99.75,9.0,6.5,6.65,85.0,1018.25,16.0,67.5,18.0,232.5,12.5,0.0,0.0,0.0,801976.0,447640.0,28.69,12.19,-0.8660254037844384,-0.5000000000000004,-0.433883739117558,-0.9009688679024191,-2.4492935982947064e-16,1.0,96.2175,91.315,144.35500000000002,58.8628125,37.179551980839264,105.20750000000001
2025-12-19 17:00:00+00:00,105.20750000000001,18.0,4.0,12.0,False,False,True,True,False,16143.26625,13560.539,6.343666666666667,100.42166666666667,1929.5675125,494.10425,1295.57725,0.0,0.0,622.365,817.6675,0.0,0.0,275.48,-1435.45,-1295.6,622.375,-817.675,275.475,-1679.15,8.685,10.83,11.355,11.9525,232.75,235.5,235.75,238.5,10.775,10.15,1016.8,1.250375,0.0,0.0,0.0,0.0,98.25,8.5,5.5,6.35,86.5,1018.5,16.0,65.0,18.0,227.5,12.5,0.0,5.0,0.0,785297.625,486297.25,28.69,12.19,-0.9659258262890683,-0.25881904510252063,-0.433883739117558,-0.9009688679024191,-2.4492935982947064e-16,1.0,104.07,82.0525,128.8675,59.82760416666667,38.09659785591365,102.9725
2025-12-19 18:00:00+00:00,102.9725,19.0,4.0,12.0,False,False,True,True,False,15552.96875,13240.362833333333,4.167333333333334,-58.45,2098.5683175,381.387,1894.414,0.0,0.0,622.5474999999999,703.2675,0.0,0.0,643.285,-1717.2,-1894.4,622.55,-703.275,643.275,-1628.225,8.5925,10.745000000000001,11.280000000000001,12.045,230.25,233.75,234.25,237.5,10.675,10.1,1017.175,1.251025,0.0,0.0,0.0,0.0,81.5,8.3,5.5,6.05,86.0,1018.625,16.0,52.5,16.0,225.0,12.5,0.0,5.0,0.0,768619.25,524954.5,28.69,12.19,-1.0,-1.8369701987210297e-16,-0.433883739117558,-0.9009688679024191,-2.4492935982947064e-16,1.0,105.20750000000001,81.5,109.1925,60.72229166666667,38.871944608832045,99.8675
2025-12-19 19:00:00+00:00,99.8675,20.0,4.0,12.0,False,False,True,True,False,14785.86325,12920.186666666666,4.516,-12.558333333333334,1903.2325025,591.08375,2072.3155,0.0,0.0,622.365,667.7875,0.0,0.0,560.05,-1312.15,-2072.3,622.375,-667.775,560.05,-1315.575,8.9375,11.05,11.6,12.192499999999999,231.25,234.0,234.25,239.75,10.924999999999999,10.1,1017.4,1.251325,0.0,0.0,0.0,0.0,43.0,7.8999999999999995,5.0,6.0,88.5,1018.95,14.5,41.0,16.0,222.5,5.0,0.0,0.0,0.0,751940.875,563611.75,28.69,12.19,-0.9659258262890684,0.2588190451025203,-0.433883739117558,-0.9009688679024191,-2.4492935982947064e-16,1.0,102.9725,72.32,101.4975,61.87010416666667,39.628638589485696,95.0
2025-12-19 20:00:00+00:00,95.0,21.0,4.0,12.0,False,False,True,True,False,14013.1445,12600.0105,5.9221666666666675,113.59666666666666,2066.0625,676.3795,1736.45575,0.0,0.0,622.605,605.985,0.0,0.0,631.5275,-1389.675,-1736.5,622.6,-605.975,631.55,-1175.65,9.075,11.195,11.7625,12.315,235.0,237.25,237.75,242.75,11.475,10.1,1017.65,1.251625,0.0,0.0,0.0,0.0,50.25,7.699999999999999,5.0,5.85,88.5,1019.365,15.0,38.0,16.0,215.0,2.5,0.0,0.0,0.0,735262.5,602269.0,28.69,12.19,-0.8660254037844386,0.5000000000000001,-0.433883739117558,-0.9009688679024191,-2.4492935982947064e-16,1.0,99.8675,53.295,94.0,63.6078125,40.14725794898098,93.7225
2025-12-19 21:00:00+00:00,93.7225,22.0,4.0,12.0,False,False,True,True,False,13215.526,12279.834333333332,6.231166666666667,142.61833333333334,2482.96331,598.01425,1361.71325,0.0,0.0,622.6675,330.85,0.0,0.0,695.5675,-1884.975,-1361.7,622.675,-330.85,695.6,-1237.9750000000001,8.34,10.1975,10.6975,11.184999999999999,239.75,242.75,243.0,248.5,11.15,10.1,1017.825,1.2518250000000002,0.0,0.0,0.0,0.0,47.5,7.55,5.0,5.699999999999999,88.5,1019.52,15.0,45.0,15.5,217.5,2.5,0.0,0.0,0.0,718584.125,640926.25,28.69,12.19,-0.7071067811865477,0.7071067811865474,-0.433883739117558,-0.9009688679024191,-2.4492935982947064e-16,1.0,95.0,49.07,89.5275,65.46833333333333,40.47754228841161,90.045
2025-12-19 22:00:00+00:00,90.045,23.0,4.0,12.0,False,False,True,True,False,12332.27825,11959.658166666666,5.548,123.55333333333333,2174.344175,701.56475,1358.14225,0.0,0.0,622.4849999999999,427.055,0.0,0.0,680.69,-1472.775,-1358.1,622.5,-427.05,680.7,-936.175,7.275,9.065000000000001,9.51,9.995000000000001,237.75,242.25,242.5,247.25,10.125,10.125,1017.85,1.2517500000000001,0.0,0.0,0.0,0.0,44.0,7.35,5.0,5.6,89.0,1019.44,15.0,57.0,15.5,217.5,5.0,0.0,0.0,0.0,701905.75,679583.5,28.69,12.19,-0.5000000000000004,0.8660254037844384,-0.433883739117558,-0.9009688679024191,-2.4492935982947064e-16,1.0,93.7225,17.837500000000002,89.9125,68.47697916666667,39.45387640057896,83.8475
2025-12-19 23:00:00+00:00,83.8475,0.0,5.0,12.0,True,False,False,True,False,11735.068500000001,11639.482,6.454916666666667,100.16166666666666,2898.8399625,523.72225,1050.43625,0.0,0.0,622.91,1.6,0.0,0.0,605.1925,-2375.125,-1050.4,622.9,-1.6,605.175,-1411.225,7.637499999999999,9.415,9.8825,10.4,235.0,238.75,238.75,244.25,9.3,10.05,1017.8,1.252,0.0,0.0,0.0,0.0,92.25,6.949999999999999,4.5,5.3,89.5,1019.225,15.0,48.5,14.5,215.0,5.0,0.0,0.0,0.0,685227.375,718240.75,28.69,12.19,-0.25881904510252157,0.9659258262890681,-0.433883739117558,-0.9009688679024191,-2.4492935982947064e-16,1.0,90.045,7.585,85.9625,71.65458333333332,37.35149149913763,83.1625
2025-12-20 00:00:00+00:00,83.1625,1.0,5.0,12.0,True,False,False,True,False,11090.8975,11439.5035,6.8685,76.99833333333332,3174.9775175,381.642,777.2685,0.0,0.0,622.91,1.64,0.0,0.0,680.085,-2793.3250000000003,-777.3,622.9,-1.625,680.1,-1686.3,7.3549999999999995,8.94,9.41,9.835,235.25,240.0,240.25,244.0,9.1,9.775,1017.775,1.2532,0.0,0.0,0.0,0.0,64.25,6.4,3.5,4.949999999999999,90.5,1019.115,16.0,51.5,14.0,207.5,5.0,0.0,0.0,0.0,668549.0,756898.0,28.69,12.19,0.0,1.0,-0.9749279121818236,-0.2225209339563146,-2.4492935982947064e-16,1.0,83.8475,4.41,88.7375,74.93593750000001,34.540627250766086,83.82
2025-12-20 01:00:00+00:00,83.82,2.0,5.0,12.0,True,False,False,True,False,10641.81,11234.07725,5.383666666666667,68.73333333333333,2525.6708225,293.81025,1511.2725,0.0,0.0,622.8499999999999,1.41,0.0,0.0,568.335,-2231.85,-1511.3,622.85,-1.375,568.35,-1419.9,6.949999999999999,8.3825,8.780000000000001,9.1025,231.25,236.0,236.25,242.5,8.55,9.85,1017.8,1.2529,0.0,0.0,0.0,0.0,85.25,6.1,3.5,4.85,92.0,1019.0799999999999,15.0,48.5,14.0,202.5,5.0,0.0,0.0,0.0,644812.0,775355.0,28.69,12.19,0.25881904510252074,0.9659258262890683,-0.9749279121818236,-0.2225209339563146,-2.4492935982947064e-16,1.0,83.1625,4.3225,85.1,78.24833333333333,31.116614626226735,84.5225
2025-12-20 02:00:00+00:00,84.5225,3.0,5.0,12.0,True,False,False,True,False,10562.64825,11263.37025,6.0761666666666665,81.57,2387.8622,194.10775,1509.28725,0.0,0.0,622.73,0.0,158.6375,0.0,563.5775,-2193.775,-1509.3,622.725,158.625,563.55,-1226.15,7.3025,8.4025,8.7875,8.385,224.75,226.25,226.5,237.5,9.025,9.425,1017.95,1.254975,0.0,0.0,0.0,0.0,93.5,5.75,3.5,4.699999999999999,92.5,1019.14,13.0,50.0,13.0,200.0,5.0,0.0,0.0,0.0,763543.0,538798.0,28.69,12.19,0.49999999999999994,0.8660254037844387,-0.9749279121818236,-0.2225209339563146,-2.4492935982947064e-16,1.0,83.82,2.5575,82.3325,81.66354166666666,26.62128977942154,84.4875
2025-12-20 03:00:00+00:00,84.4875,4.0,5.0,12.0,True,False,False,True,False,10583.92,11210.960500000001,7.4135,142.78,2604.2647225,11.1395,1538.484,0.0,0.0,622.485,0.0,457.4325,0.0,669.075,-2593.125,-1538.5,622.475,457.425,669.075,-1228.75,6.2275,7.305,7.6499999999999995,7.765,220.5,223.75,224.25,232.75,7.8,9.425,1017.8499999999999,1.254875,0.0,0.0,0.0,0.0,100.0,5.55,3.0,4.55,93.5,1018.665,12.0,52.0,11.0,200.0,5.0,0.0,0.0,0.0,610259.0,452746.0,28.69,12.19,0.7071067811865475,0.7071067811865476,-0.9749279121818236,-0.2225209339563146,-2.4492935982947064e-16,1.0,84.5225,2.86,79.7975,85.0646875,20.66323150040692,85.9075
2025-12-20 04:00:00+00:00,85.9075,5.0,5.0,12.0,True,False,False,True,False,10743.454249999999,11455.434,7.662166666666667,205.19333333333333,3046.9031125,0.23175,1753.61625,0.0,0.0,622.79,0.0,864.26,0.0,587.74,-3046.6499999999996,-1753.6,622.8,864.25,587.725,-1410.275,6.46,7.095,7.390000000000001,7.2675,216.0,217.75,218.25,227.0,7.975,9.3,1017.4,1.25485,0.0,0.0,0.0,0.0,100.0,5.1,2.5,4.25,94.0,1018.315,12.0,58.5,11.0,205.0,5.0,0.0,0.0,0.0,397222.0,422923.0,28.69,12.19,0.8660254037844386,0.5000000000000001,-0.9749279121818236,-0.2225209339563146,-2.4492935982947064e-16,1.0,84.4875,9.1825,81.45750000000001,88.26156249999998,12.883447161674933,91.2575
2025-12-20 05:00:00+00:00,91.2575,6.0,5.0,12.0,True,False,False,True,False,11271.04675,11686.9985,7.673333333333333,199.70499999999998,3248.7827425,0.0,1137.3015,0.0,0.0,622.7275,0.0,859.0074999999999,0.0,625.3075,-3248.8,-1137.3,622.725,859.025,625.3,-1426.05,5.875,6.6775,7.035,6.9125,212.5,215.25,216.0,225.25,7.2,9.225,1016.925,1.2546,0.0,0.0,0.0,0.0,100.0,4.699999999999999,2.5,3.8,93.5,1017.89,13.0,57.5,9.0,195.0,7.5,0.0,0.0,0.0,243749.0,323634.0,28.69,12.19,0.9659258262890683,0.25881904510252074,-0.9749279121818236,-0.2225209339563146,-2.4492935982947064e-16,1.0,85.9075,38.7875,77.1475,90.4478125,7.413835747838693,99.0875
2025-12-20 06:00:00+00:00,99.0875,7.0,5.0,12.0,True,False,False,True,False,12201.0905,12136.404,8.431666666666667,143.725,3194.6398325,0.0,999.11475,0.0,0.0,622.4849999999999,0.0,1004.05,0.0,446.42499999999995,-3194.65,-999.1,622.5,1004.05,446.45,-1371.475,5.45,6.0225,6.49,6.4525,198.5,202.0,203.0,214.75,7.25,8.8,1016.95,1.2565,0.0,0.0,0.0,0.0,98.75,4.35,2.5,3.55,94.0,1017.8050000000001,12.0,62.5,9.0,180.0,7.5,0.0,0.0,0.0,304903.0,328018.0,28.69,12.19,1.0,6.123233995736766e-17,-0.9749279121818236,-0.2225209339563146,-2.4492935982947064e-16,1.0,91.2575,75.2675,79.375,91.4403125,6.867551471472367,104.3625
2025-12-20 07:00:00+00:00,104.3625,8.0,5.0,12.0,True,False,False,True,False,13240.31625,12805.417000000001,9.017666666666667,156.19166666666666,2520.2129175,0.0,765.21975,0.0,0.0,622.7275,0.0,1010.1025,0.0,266.0975,-2520.225,-765.2,622.725,1010.1,266.1,-812.575,5.56,5.9925,6.3825,6.297499999999999,197.5,200.5,201.75,203.75,7.125,8.7,1016.75,1.2567249999999999,0.0,0.0,0.0,0.0,76.25,4.25,2.5,3.6,94.5,1017.6400000000001,12.0,64.5,8.0,165.0,7.5,0.0,0.0,0.0,278875.0,321744.0,28.69,12.19,0.9659258262890683,-0.25881904510252063,-0.9749279121818236,-0.2225209339563146,-2.4492935982947064e-16,1.0,99.0875,89.43,93.99,92.0625,7.337828764577977,109.53
2025-12-20 08:00:00+00:00,109.53,9.0,5.0,12.0,True,False,False,True,False,13725.122,13231.21,6.971666666666667,71.24166666666666,2060.437735,0.0,637.68875,0.0,0.0,622.425,0.0,969.2049999999999,0.0,185.83,-2060.425,-637.7,622.425,969.175,185.85,-442.4,5.4875,5.85,6.22,6.010000000000001,188.25,188.75,191.0,195.75,6.85,8.075,1016.825,1.25965,0.25,0.0,0.25,0.0,100.0,4.45,2.5,3.6,93.0,1017.49,13.0,78.0,8.0,147.5,7.5,0.0,0.0,296078.0,323686.0,280231.0,28.69,12.19,0.8660254037844387,-0.49999999999999983,-0.9749279121818236,-0.2225209339563146,-2.4492935982947064e-16,1.0,104.3625,89.38499999999999,103.045,92.901875,8.127893874278188,106.895
2025-12-20 09:00:00+00:00,106.895,10.0,5.0,12.0,True,False,False,True,False,13785.1715,12895.2875,5.8533333333333335,-20.433333333333334,1973.3858425,0.0,977.16425,0.0,0.0,622.4275,0.0,903.54,52.167500000000004,22.7175,-1973.4,-977.2,622.425,903.5500000000001,-29.425000000000004,-721.175,5.2025,5.4725,5.65,6.0625,179.0,183.5,183.5,196.25,6.875,7.85,1016.975,1.26085,24.25,2.2,22.05,22.175,100.0,4.55,2.5,3.75,94.0,1017.48,12.0,83.5,9.5,142.5,10.0,0.0,0.0,1787007.0,274467.0,177555.0,28.69,12.19,0.7071067811865476,-0.7071067811865475,-0.9749279121818236,-0.2225209339563146,-2.4492935982947064e-16,1.0,109.53,89.4125,98.33749999999999,93.6303125,8.572803442602444,104.0025
2025-12-20 10:00:00+00:00,104.0025,11.0,5.0,12.0,True,False,False,True,False,13511.27975,12473.17975,5.6979999999999995,-26.175,2181.1118324999998,0.0,1107.2075,0.0,0.0,622.73,0.0,828.34,40.195,22.432499999999997,-2181.125,-1107.2,622.725,828.325,-17.75,-1024.6,5.782500000000001,6.2325,6.44,6.675,173.0,175.5,175.75,183.25,7.5,7.6499999999999995,1016.875,1.2616,59.25,8.674999999999999,50.575,51.875,100.0,5.1,3.0,4.15,93.0,1017.4200000000001,13.0,87.0,10.0,122.5,10.0,0.0,0.0,3240587.0,264401.0,172660.0,28.69,12.19,0.49999999999999994,-0.8660254037844387,-0.9749279121818236,-0.2225209339563146,-2.4492935982947064e-16,1.0,106.895,87.49000000000001,93.7,94.31833333333333,8.719932054565513,103.0975
2025-12-20 11:00:00+00:00,103.0975,12.0,5.0,12.0,True,False,False,True,False,13126.213,12384.31925,7.309666666666667,62.88,2070.3745875,0.0,890.35075,0.0,0.0,622.73,0.0,453.9925,137.4325,0.0,-2070.375,-890.4,622.725,454.0,-137.45,-1353.675,4.98,5.3825,5.577500000000001,6.1850000000000005,172.25,174.5,174.5,182.25,6.3999999999999995,7.525,1016.85,1.2621,68.5,7.449999999999999,61.05,33.85,100.0,5.75,4.0,4.55,91.5,1016.895,14.5,93.5,9.0,125.0,10.0,0.0,0.0,3086942.0,254694.0,137401.0,28.69,12.19,0.258819045102521,-0.9659258262890682,-0.9749279121818236,-0.2225209339563146,-2.4492935982947064e-16,1.0,104.0025,84.19,90.2575,95.10614583333331,8.618612347300035,105.16
2025-12-20 12:00:00+00:00,105.16,13.0,5.0,12.0,True,False,False,True,False,12914.224750000001,12495.314,8.134833333333335,106.37166666666667,1909.934335,0.0,701.482,0.0,0.0,622.8499999999999,0.0,281.0575,212.865,0.0,-1909.95,-701.5,622.825,281.075,-212.875,-1394.25,5.0875,5.4425,5.6425,5.975,153.25,156.5,156.5,167.0,6.475,7.5,1016.2,1.261425,107.75,23.05,84.7,94.275,88.75,6.55,5.0,5.199999999999999,91.5,1016.015,14.0,97.5,9.0,100.0,10.0,0.0,0.0,2412354.0,228397.0,149809.0,28.69,12.19,1.2246467991473532e-16,-1.0,-0.9749279121818236,-0.2225209339563146,-2.4492935982947064e-16,1.0,103.0975,86.07,88.695,95.90156250000001,8.629309409006378,108.985
2025-12-20 13:00:00+00:00,108.985,14.0,5.0,12.0,True,False,False,True,False,12993.025749999999,12892.47175,6.716,40.07166666666667,2551.230925,0.0,993.2625,0.0,0.0,622.79,0.0,868.92,68.0975,1.5325,-2551.25,-993.3,622.8,868.925,-66.575,-1374.375,5.015,5.547499999999999,5.737500000000001,5.66,150.0,153.0,153.0,159.75,6.475,7.5,1015.6,1.260675,134.75,46.25,88.5,196.825,100.0,6.949999999999999,5.0,5.449999999999999,90.5,1015.1,15.0,100.0,10.5,87.5,15.0,0.0,5.0,1661653.0,343114.0,228026.0,28.69,12.19,-0.2588190451025208,-0.9659258262890683,-0.9749279121818236,-0.2225209339563146,-2.4492935982947064e-16,1.0,105.16,90.83500000000001,91.025,96.65781249999999,8.955141597954192,110.63
2025-12-20 14:00:00+00:00,110.63,15.0,5.0,12.0,True,False,False,True,False,13525.8825,13241.80325,9.491333333333333,156.84833333333333,2914.0553675,0.0,544.618,0.0,0.0,622.73,0.0,1020.585,239.57,0.0,-2914.05,-544.6,622.725,1020.5749999999999,-239.57500000000002,-1646.45,4.6975,4.9625,5.165,5.6925,134.5,135.75,135.75,145.75,6.550000000000001,7.425,1015.15,1.26045,52.0,5.625,46.375,32.0,100.0,7.15,5.0,5.45,89.5,1014.5699999999999,16.0,100.0,11.0,85.0,20.0,0.0,10.0,888847.0,413462.0,422018.0,28.69,12.19,-0.4999999999999998,-0.8660254037844388,-0.9749279121818236,-0.2225209339563146,-2.4492935982947064e-16,1.0,108.985,94.56,107.995,97.32739583333334,9.382073345504397,112.075
2025-12-20 15:00:00+00:00,112.075,16.0,5.0,12.0,True,False,False,True,False,14124.10125,13491.951666666666,10.045,331.6566666666667,3278.32786,0.0,137.86625,0.0,0.0,622.97,0.0,1048.8600000000001,382.2075,0.0,-3278.325,-137.9,622.975,1048.85,-382.2,-2023.1499999999999,5.547499999999999,5.859999999999999,6.0874999999999995,6.4725,125.75,126.25,126.25,132.75,7.175,7.45,1014.55,1.2596,19.0,1.4249999999999998,17.575,13.5,100.0,7.300000000000001,5.0,5.2,87.0,1013.99,16.0,100.0,12.0,85.0,20.0,0.0,10.0,49775.0,631414.0,634732.0,28.69,12.19,-0.7071067811865471,-0.7071067811865479,-0.9749279121818236,-0.2225209339563146,-2.4492935982947064e-16,1.0,110.63,96.2175,113.86,97.98812499999998,9.84735310524383,115.265
2025-12-20 16:00:00+00:00,115.265,17.0,5.0,12.0,True,False,False,True,False,14529.234250000001,13229.780239583333,9.918333333333333,281.03499999999997,2669.7428375,0.0,857.6445,0.0,0.0,622.6075,0.0,1020.3525,365.9325,0.0,-2669.75,-857.6,622.6,1020.35,-365.92499999999995,-1607.125,6.275,6.680000000000001,6.952500000000001,7.34,112.0,113.5,113.75,122.5,7.875,7.3500000000000005,1013.975,1.259375,0.5,0.0,0.5,0.0,100.0,6.1,3.0,5.4,95.5,1014.285,9.5,100.0,13.0,85.0,15.0,0.0,0.0,0.0,154364.0,257758.0,28.69,12.19,-0.8660254037844384,-0.5000000000000004,-0.9749279121818236,-0.2225209339563146,-2.4492935982947064e-16,1.0,112.075,104.07,114.53,98.45458333333333,10.397737124915597,111.0225
2025-12-20 17:00:00+00:00,111.0225,18.0,5.0,12.0,True,False,False,True,False,14333.71775,12967.608812499999,10.0,209.21,2754.5783324999998,0.0,995.451,0.0,0.0,622.97,0.0,292.08,463.7525,0.0,-2754.575,-995.5,622.95,292.075,-463.725,-2552.125,6.67,7.225,7.5,8.2475,107.25,108.5,108.5,116.75,8.3,7.3,1013.7,1.2591999999999999,0.0,0.0,0.0,0.0,100.0,6.25,3.5,5.25,93.5,1013.935,12.0,100.0,13.5,85.0,17.5,0.0,5.0,0.0,400290.75,396236.5,28.69,12.19,-0.9659258262890683,-0.25881904510252063,-0.9749279121818236,-0.2225209339563146,-2.4492935982947064e-16,1.0,115.265,105.20750000000001,108.61500000000001,98.69687499999999,10.62715815038378,98.5175
2025-12-20 18:00:00+00:00,98.5175,19.0,5.0,12.0,True,False,False,True,False,13864.313,12705.437385416666,6.373166666666666,27.248333333333335,3095.0105775,0.0,1196.7105,0.0,0.0,622.91,0.0,250.70749999999998,673.7,0.0,-3095.025,-1196.7,622.9000000000001,250.7,-673.7249999999999,-3194.3,7.445,8.0625,8.3825,9.2025,104.25,105.5,105.5,113.0,9.25,7.25,1013.35,1.259025,0.0,0.0,0.0,0.0,100.0,6.35,3.5,5.1,92.0,1013.565,13.5,100.0,14.5,85.0,17.5,0.0,5.0,0.0,646217.5,534715.0,28.69,12.19,-1.0,-1.8369701987210297e-16,-0.9749279121818236,-0.2225209339563146,-2.4492935982947064e-16,1.0,111.0225,102.9725,101.3575,98.51125,10.58806449652703,92.1025
2025-12-20 19:00:00+00:00,92.1025,20.0,5.0,12.0,True,False,False,True,False,13357.43425,12443.265958333333,5.409416666666668,-8.793333333333333,2340.9212374999997,0.0,1727.61925,0.0,0.0,622.8499999999999,0.0,91.6875,697.9225,0.0,-2340.925,-1727.6,622.85,91.675,-697.925,-2756.2,7.8875,8.6275,8.96,9.515,107.75,109.0,109.0,113.25,10.1,7.325,1012.95,1.258175,0.0,0.0,0.0,0.0,100.0,6.25,3.5,5.3,94.0,1013.21,12.0,100.0,14.5,92.5,10.0,0.0,0.0,0.0,892144.25,673193.5,28.69,12.19,-0.9659258262890684,0.2588190451025203,-0.9749279121818236,-0.2225209339563146,-2.4492935982947064e-16,1.0,98.5175,99.8675,89.70750000000001,98.18770833333333,10.66319123139627,88.7675
2025-12-20 20:00:00+00:00,88.7675,21.0,5.0,12.0,True,False,False,True,False,12720.4345,12181.094531249999,5.154583333333333,1.478333333333333,1232.24241,0.0,2053.82175,0.0,0.0,622.425,329.9575,0.0,698.03,0.0,-1232.225,-2053.8,622.45,-329.95,-698.0,-2151.275,8.205,8.94,9.280000000000001,9.8125,109.75,111.0,111.0,115.25,10.75,7.425,1012.7,1.257425,0.0,0.0,0.0,0.0,100.0,6.6,4.0,5.5,92.5,1012.915,13.5,100.0,14.5,97.5,20.0,0.0,10.0,0.0,1138071.0,811672.0,28.69,12.19,-0.8660254037844386,0.5000000000000001,-0.9749279121818236,-0.2225209339563146,-2.4492935982947064e-16,1.0,92.1025,95.0,87.75,97.92802083333333,10.81895322578522,89.0925
2025-12-20 21:00:00+00:00,89.0925,22.0,5.0,12.0,True,False,False,True,False,12100.00075,11918.923104166666,8.111666666666666,204.4,790.0398325000001,106.1105,2127.837,0.0,0.0,622.4875,373.6625,0.0,697.77,0.0,-683.925,-2127.8,622.5,-373.675,-697.775,-1664.825,8.545,9.3125,9.6675,10.1575,110.75,111.5,111.5,116.75,10.95,7.375,1012.675,1.2576,0.0,0.0,0.0,0.0,93.5,7.25,4.5,5.8,91.0,1012.885,15.0,100.0,14.5,110.0,15.0,0.0,5.0,0.0,1383997.75,950150.5,28.69,12.19,-0.7071067811865477,0.7071067811865474,-0.9749279121818236,-0.2225209339563146,-2.4492935982947064e-16,1.0,88.7675,93.7225,87.325,97.73510416666666,10.937830329898222,86.69749999999999
2025-12-20 22:00:00+00:00,86.69749999999999,23.0,5.0,12.0,True,False,False,True,False,11516.14725,11656.751677083332,8.145,241.87333333333333,880.725,545.7335,2260.09925,0.0,0.0,622.6099999999999,1.2525,0.0,662.725,0.0,-335.0,-2260.1,622.6,-1.25,-662.725,-941.375,8.5425,9.247499999999999,9.595,9.94,112.5,113.75,113.75,119.5,10.9,7.4,1012.3,1.257025,0.0,0.0,0.0,0.0,100.0,7.300000000000001,5.0,5.949999999999999,91.0,1012.675,15.0,100.0,14.5,112.5,15.0,0.0,5.0,0.0,1629924.5,1088629.0,28.69,12.19,-0.5000000000000004,0.8660254037844384,-0.9749279121818236,-0.2225209339563146,-2.4492935982947064e-16,1.0,89.0925,90.045,80.0,97.595625,11.06081045191844,88.5725
2025-12-20 23:00:00+00:00,88.5725,0.0,6.0,12.0,True,False,False,True,False,12458.263500000001,11394.580249999999,5.878833333333334,118.91166666666666,565.5741674999999,1147.43,2105.87275,0.0,0.0,622.6075,0.0,469.5325,666.39,0.0,581.85,-2105.9,622.6,469.55,-666.4,481.125,9.025,9.9175,10.35,10.765,118.5,120.25,120.5,127.25,11.175,7.775,1012.175,1.255175,0.0,0.0,0.0,0.0,100.0,7.35,5.0,6.1,92.0,1012.2950000000001,14.0,100.0,12.0,115.0,15.0,0.0,5.0,0.0,1875851.25,1227107.5,28.69,12.19,-0.25881904510252157,0.9659258262890681,-0.9749279121818236,-0.2225209339563146,-2.4492935982947064e-16,1.0,86.69749999999999,83.8475,89.41499999999999,97.7925,10.845417285054731,84.5625
2025-12-21 00:00:00+00:00,84.5625,1.0,6.0,12.0,True,False,False,True,False,12250.246,11327.2865,5.12325,61.885,277.052495,1211.025,2249.264,0.0,0.0,622.5474999999999,0.0,434.7575,644.5575,0.0,933.975,-2249.3,622.55,434.75,-644.575,784.375,8.4775,9.3675,9.75,10.2775,118.5,120.0,120.25,130.5,10.725,7.825,1011.85,1.25455,0.0,0.0,0.0,0.0,98.5,7.25,5.0,6.05,92.5,1012.295,14.5,100.0,12.0,120.0,10.0,0.0,0.0,0.0,2121778.0,1365586.0,28.69,12.19,0.0,1.0,-0.7818314824680299,0.6234898018587334,-2.4492935982947064e-16,1.0,88.5725,83.1625,88.075,97.85083333333334,10.76678685938241,80.73
2025-12-21 01:00:00+00:00,80.73,2.0,6.0,12.0,True,False,False,True,False,12001.20675,11107.1,4.726500000000001,-14.885,276.72333249999997,1223.3825000000002,2353.313,0.0,0.0,622.365,0.0,784.9649999999999,536.63,0.0,946.675,-2353.3,622.375,784.95,-536.625,1229.05,8.33,9.1875,9.5525,10.1725,124.25,126.75,126.75,138.75,10.375,8.149999999999999,1011.725,1.252975,0.0,0.0,0.0,0.0,100.0,7.199999999999999,5.0,6.1,93.0,1012.36,13.5,97.5,12.0,122.5,10.0,0.0,0.0,0.0,1776224.0,1260156.0,28.69,12.19,0.25881904510252074,0.9659258262890683,-0.7818314824680299,0.6234898018587334,-2.4492935982947064e-16,1.0,84.5625,83.82,79.7875,97.72208333333333,10.958629507762966,79.13499999999999
2025-12-21 02:00:00+00:00,79.13499999999999,3.0,6.0,12.0,True,False,False,True,False,11857.97175,10862.57575,4.025666666666667,-59.556666666666665,409.0408375,1308.45,2331.0745,0.0,0.0,622.73,0.0,686.71,527.9275,0.0,899.4,-2331.1,622.75,686.7,-527.925,1098.15,8.2475,9.0825,9.4225,9.495000000000001,125.0,126.75,127.0,140.75,10.2,8.325,1011.675,1.252125,0.0,0.0,0.0,0.0,100.0,7.1,5.0,6.15,93.0,1012.26,12.5,97.5,11.5,120.0,10.0,0.0,0.0,0.0,1478269.0,1073459.0,28.69,12.19,0.49999999999999994,0.8660254037844387,-0.7818314824680299,0.6234898018587334,-2.4492935982947064e-16,1.0,80.73,84.5225,77.6575,97.49760416666668,11.290910505492137,79.1325
2025-12-21 03:00:00+00:00,79.1325,4.0,6.0,12.0,True,False,False,True,False,11642.76875,10752.35325,4.958666666666667,-12.813333333333333,437.8583425,1385.9425,2293.7205,0.0,0.0,622.5475,0.0,726.52,550.4675,0.0,948.1,-2293.7,622.55,726.525,-550.475,1173.25,7.1875,7.835,8.1175,8.2475,126.5,130.5,130.5,146.0,9.0,8.35,1011.75,1.2521,0.0,0.0,0.0,0.0,100.0,7.25,5.0,6.300000000000001,93.5,1012.21,13.0,100.0,10.5,110.0,10.0,0.0,0.0,0.0,1344814.0,878313.0,28.69,12.19,0.7071067811865475,0.7071067811865476,-0.7818314824680299,0.6234898018587334,-2.4492935982947064e-16,1.0,79.13499999999999,84.4875,73.9,97.27447916666667,11.607655995336707,79.8775
2025-12-21 04:00:00+00:00,79.8775,5.0,6.0,12.0,True,False,False,True,False,11375.502,10719.8285,5.340916666666667,69.41833333333334,527.547505,1254.19,2355.56425,0.0,0.0,622.73,0.0,928.4025,284.9175,0.0,726.65,-2355.6,622.75,928.425,-284.925,1403.9499999999998,7.21,7.9875,8.282499999999999,7.835,122.75,128.5,128.5,150.0,8.9,8.55,1011.875,1.251375,0.0,0.0,0.0,0.0,100.0,7.35,5.5,6.449999999999999,93.5,1012.06,12.0,100.0,10.5,105.0,15.0,0.0,5.0,0.0,1167784.0,810330.0,28.69,12.19,0.8660254037844386,0.5000000000000001,-0.7818314824680299,0.6234898018587334,-2.4492935982947064e-16,1.0,79.1325,85.9075,74.82,97.02322916666668,11.925307795662698,81.9125
2025-12-21 05:00:00+00:00,81.9125,6.0,6.0,12.0,True,False,False,True,False,11320.413,10796.12825,7.503333333333333,161.79666666666665,425.3149975,1073.62525,2437.9605,0.0,0.0,622.55,0.0,675.76,16.695,12.367500000000001,648.325,-2438.0,622.55,675.775,-4.324999999999999,1332.8,6.765000000000001,7.3825,7.6525,7.5649999999999995,118.25,122.25,122.25,143.5,8.5,8.625,1011.75,1.250875,0.0,0.0,0.0,0.0,100.0,7.4,5.0,6.4,93.0,1012.17,13.5,100.0,11.5,105.0,20.0,0.0,10.0,0.0,905243.0,690863.0,28.69,12.19,0.9659258262890683,0.25881904510252074,-0.7818314824680299,0.6234898018587334,-2.4492935982947064e-16,1.0,79.8775,91.2575,73.3875,96.63385416666667,12.269350310994554,86.7925
2025-12-21 06:00:00+00:00,86.7925,7.0,6.0,12.0,True,False,False,True,False,11737.07825,10936.59575,7.735,140.225,351.3941675,1002.6085,2061.90675,0.0,0.0,622.6075,0.0,410.6375,371.07,0.0,651.2,-2061.9,622.575,410.6,-371.075,797.925,6.92,7.6450000000000005,7.9125,8.015,123.25,126.5,126.75,144.5,8.75,8.4,1011.85,1.252025,0.0,0.0,0.0,0.0,100.0,7.4,5.5,6.300000000000001,93.0,1012.235,13.5,97.5,11.5,102.5,15.0,0.0,5.0,0.0,946116.0,629396.0,28.69,12.19,1.0,6.123233995736766e-17,-0.7818314824680299,0.6234898018587334,-2.4492935982947064e-16,1.0,81.9125,99.0875,74.2,96.1215625,12.418225141258091,96.4075
2025-12-21 07:00:00+00:00,96.4075,8.0,6.0,12.0,True,False,False,True,False,12434.2035,11376.045750000001,5.0855,9.393333333333334,439.4516675,570.01275,1790.811,0.0,0.0,622.91,0.0,465.39750000000004,120.9625,0.0,130.575,-1790.8,622.9,465.4,-120.975,650.2249999999999,6.6899999999999995,7.71,8.004999999999999,7.605,118.5,125.0,125.0,136.5,8.375,8.675,1011.8,1.250725,0.0,0.0,0.0,0.0,99.5,7.35,5.5,6.449999999999999,94.0,1012.31,12.0,95.0,11.5,102.5,20.0,0.0,10.0,0.0,1171280.0,626512.0,28.69,12.19,0.9659258262890683,-0.25881904510252063,-0.7818314824680299,0.6234898018587334,-2.4492935982947064e-16,1.0,86.7925,104.3625,79.1825,95.79010416666667,12.294246124119356,100.7075
2025-12-21 08:00:00+00:00,100.7075,9.0,6.0,12.0,True,False,False,True,False,13193.10425,11752.933,4.846666666666667,-29.091666666666665,60.895002500000004,662.66575,1351.99475,0.0,0.0,622.6675,0.0,91.6325,371.8375,0.0,601.775,-1352.0,622.675,91.625,-371.825,606.25,6.1025,7.05,7.325,7.157500000000001,110.75,118.25,118.5,128.75,7.525,9.024999999999999,1012.125,1.249575,0.25,0.0,0.25,0.0,100.0,7.75,5.5,6.65,93.0,1012.735,12.5,87.5,11.5,102.5,15.0,0.0,5.0,195374.0,1125053.0,683483.0,28.69,12.19,0.8660254037844387,-0.49999999999999983,-0.7818314824680299,0.6234898018587334,-2.4492935982947064e-16,1.0,96.4075,109.53,81.21,95.4225,11.993781133136133,96.69
2025-12-21 09:00:00+00:00,96.69,10.0,6.0,12.0,True,False,False,True,False,13450.4645,11338.7725,4.418166666666667,-80.935,35.1541725,761.12658,1502.6455,0.0,0.0,622.6675,353.955,0.0,445.935,0.0,725.9499999999999,-1502.6,622.675,-353.95,-445.95,173.075,6.1575,7.2524999999999995,7.5024999999999995,7.135,109.5,117.25,117.25,131.75,7.725,9.125,1012.3,1.249375,22.0,2.075,19.925,21.075,100.0,7.85,6.0,6.7,93.0,1012.895,13.5,90.0,12.0,102.5,10.0,0.0,0.0,1627638.0,1313677.0,637241.0,28.69,12.19,0.7071067811865476,-0.7071067811865475,-0.7818314824680299,0.6234898018587334,-2.4492935982947064e-16,1.0,100.7075,106.895,77.805,94.99729166666667,11.747741918007412,95.4375
2025-12-21 10:00:00+00:00,95.4375,11.0,6.0,12.0,True,False,False,True,False,13555.81125,10384.99225,4.49875,-8.331666666666667,260.1808375,574.75125,1341.19425,0.0,0.0,622.79,639.9225,0.0,587.2925,0.0,314.575,-1341.2,622.775,-639.925,-587.3,-625.15,6.015,7.0525,7.3075,7.295,107.0,118.75,118.75,124.25,7.449999999999999,8.975,1012.575,1.25035,71.75,16.325,55.425,95.85000000000001,100.0,8.350000000000001,6.5,7.05,92.0,1013.0,14.5,92.5,11.0,105.0,10.0,0.0,0.0,3732301.0,989332.0,765816.0,28.69,12.19,0.49999999999999994,-0.8660254037844387,-0.7818314824680299,0.6234898018587334,-2.4492935982947064e-16,1.0,96.69,104.0025,81.4725,94.64041666666667,11.591339525385346,93.4725
2025-12-21 11:00:00+00:00,93.4725,12.0,6.0,12.0,True,False,False,True,False,13877.780999999999,9858.235,5.304666666666666,-8.639999999999999,25.638332500000004,775.3791675,1567.54875,0.0,0.0,622.7275,1037.6775,0.0,637.2750000000001,0.0,749.75,-1567.5,622.725,-1037.675,-637.3,-694.375,6.2,7.494999999999999,7.775,7.6775,108.0,117.75,118.0,129.5,7.6,8.975,1012.375,1.2501,123.75,38.824999999999996,84.925,171.925,92.0,9.0,7.5,7.15,88.5,1012.995,15.0,90.0,10.5,102.5,10.0,0.0,0.0,5043501.0,1110285.0,1007789.0,28.69,12.19,0.258819045102521,-0.9659258262890682,-0.7818314824680299,0.6234898018587334,-2.4492935982947064e-16,1.0,95.4375,103.0975,83.825,94.239375,11.451679657749011,89.6525
2025-12-21 12:00:00+00:00,89.6525,13.0,6.0,12.0,True,False,False,True,False,14033.418,10041.3265,4.3854999999999995,-78.03,0.0,1296.08691,1477.32,0.0,0.0,622.6075,1055.9099999999999,0.0,620.4825,0.0,1296.075,-1477.3,622.6,-1055.875,-620.475,-127.025,6.44,7.4575,7.745,7.55,102.25,108.75,108.75,128.25,8.174999999999999,8.825,1011.9,1.250175,165.25,68.625,96.625,276.375,79.25,9.5,8.0,7.5,87.5,1012.365,16.0,85.0,9.5,90.0,10.0,0.0,0.0,4931295.0,1021778.0,1036064.0,28.69,12.19,1.2246467991473532e-16,-1.0,-0.7818314824680299,0.6234898018587334,-2.4492935982947064e-16,1.0,93.4725,105.16,83.22,93.59322916666666,11.244325150337408,92.8375
2025-12-21 13:00:00+00:00,92.8375,14.0,6.0,12.0,True,False,False,True,False,14271.018,10713.608,6.42775,51.839999999999996,0.0,1467.4958325,1403.8115,0.0,0.0,622.4849999999999,712.7525,0.0,538.255,0.0,1467.5,-1403.8,622.5,-712.75,-538.25,488.025,6.505,7.77,8.065,7.0424999999999995,99.25,106.25,106.25,120.5,8.0,9.05,1011.775,1.249025,180.25,85.725,94.525,368.975,84.5,9.75,8.5,7.65,86.5,1011.96,15.0,84.5,9.5,82.5,10.0,0.0,0.0,4605405.0,773637.0,942876.0,28.69,12.19,-0.2588190451025208,-0.9659258262890683,-0.7818314824680299,0.6234898018587334,-2.4492935982947064e-16,1.0,89.6525,108.985,84.72,92.92041666666667,10.755790722116977,94.8125
2025-12-21 14:00:00+00:00,94.8125,15.0,6.0,12.0,True,False,False,True,False,14580.7415,11510.002,7.1845,71.98166666666665,0.0,1198.11775,1393.58675,0.0,0.0,622.6075,445.65250000000003,0.0,369.02250000000004,0.0,1198.1,-1393.6,622.6,-445.65,-369.025,657.6500000000001,6.0425,7.4225,7.699999999999999,7.0325,92.0,103.25,103.25,112.0,8.0,9.175,1011.825,1.24855,133.75,56.55,77.2,315.1,80.0,9.600000000000001,8.0,7.35,86.5,1011.69,16.0,88.0,11.5,85.0,10.0,0.0,0.0,2503082.0,710083.0,1062840.0,28.69,12.19,-0.4999999999999998,-0.8660254037844388,-0.7818314824680299,0.6234898018587334,-2.4492935982947064e-16,1.0,92.8375,110.63,88.30250000000001,92.26135416666666,10.087287953139516,92.5025
2025-12-21 15:00:00+00:00,92.5025,16.0,6.0,12.0,True,False,False,True,False,15111.06375,12201.893333333333,6.096666666666667,50.894999999999996,0.0,1058.9575025,2130.006,0.0,0.0,622.2425,315.595,0.0,0.0,78.50999999999999,1058.9250000000002,-2130.0,622.25,-315.575,78.5,911.625,6.4725,7.995,8.309999999999999,8.5125,89.0,99.25,99.25,109.75,8.125,9.275,1011.65,1.2479,61.25,18.775,42.475,172.6,87.75,9.15,7.5,6.9,86.5,1011.62,16.0,89.0,11.5,85.0,10.0,0.0,0.0,145777.0,1018254.0,1197031.0,28.69,12.19,-0.7071067811865471,-0.7071067811865479,-0.7818314824680299,0.6234898018587334,-2.4492935982947064e-16,1.0,94.8125,112.075,92.0975,91.44583333333334,9.164780194554536,92.965
2025-12-21 16:00:00+00:00,92.965,17.0,6.0,12.0,True,False,False,True,False,15638.289499999999,11985.854010416668,5.488666666666666,16.916666666666668,0.0,1930.8056725000001,2517.28975,0.0,0.0,622.365,695.2725,0.0,110.13,9.0525,1930.825,-2517.3,622.375,-695.275,-101.1,1127.475,7.665,9.385,9.7475,9.615,84.5,90.5,90.5,105.5,9.475,9.2,1011.2,1.247675,3.75,0.025,3.725,0.4,95.75,9.25,7.0,7.15,87.0,1011.0450000000001,16.0,90.0,13.5,82.5,10.0,0.0,0.0,0.0,285456.0,443658.0,28.69,12.19,-0.8660254037844384,-0.5000000000000004,-0.7818314824680299,0.6234898018587334,-2.4492935982947064e-16,1.0,92.5025,115.265,99.665,90.51666666666665,7.6501726560040995,89.5725
2025-12-21 17:00:00+00:00,89.5725,18.0,6.0,12.0,True,False,False,True,False,15410.723,11769.8146875,5.454416666666666,13.444999999999999,0.0,2370.0600025,2617.931,0.0,0.0,622.6075,1072.6675,0.0,556.5925,0.0,2370.075,-2617.9,622.625,-1072.65,-556.625,708.9250000000001,8.8375,10.8125,11.219999999999999,10.5125,89.25,92.0,92.0,103.25,10.825,9.025,1011.2,1.24845,0.0,0.0,0.0,0.0,99.75,8.7,6.0,6.75,88.5,1011.01,15.0,88.5,13.5,82.5,10.0,0.0,0.0,0.0,671865.125,909025.875,28.69,12.19,-0.9659258262890683,-0.25881904510252063,-0.7818314824680299,0.6234898018587334,-2.4492935982947064e-16,1.0,92.965,111.0225,100.9425,89.62291666666665,6.280783566574391,85.0
2025-12-21 18:00:00+00:00,85.0,19.0,6.0,12.0,True,False,False,True,False,14860.80125,11553.775364583333,5.518416666666667,7.151666666666666,59.804162500000004,1877.358335,2032.148,0.0,0.0,622.8499999999999,1082.6175,0.0,298.13,7.9325,1817.55,-2032.1,622.825,-1082.625,-290.2,559.55,9.5125,11.3,11.735,12.120000000000001,91.75,94.0,94.25,104.5,11.725,8.850000000000001,1011.05,1.249025,0.0,0.0,0.0,0.0,98.25,8.2,6.0,6.199999999999999,87.5,1010.785,15.0,84.0,14.5,77.5,10.0,0.0,0.0,0.0,1058274.25,1374393.75,28.69,12.19,-1.0,-1.8369701987210297e-16,-0.7818314824680299,0.6234898018587334,-2.4492935982947064e-16,1.0,89.5725,98.5175,91.0275,89.0596875,6.050346258170346,81.655
2025-12-21 19:00:00+00:00,81.655,20.0,6.0,12.0,True,False,False,True,False,14286.76625,11337.736041666667,5.167833333333333,19.831666666666667,92.65082749999999,1446.5525,1054.6775,0.0,0.0,622.7275,1083.6175,0.0,212.045,24.51,1353.9,-1054.7,622.725,-1083.65,-187.55,441.8,9.245000000000001,11.2675,11.71,12.3825,92.75,96.25,96.25,109.0,12.100000000000001,8.85,1010.875,1.248825,0.0,0.0,0.0,0.0,96.5,7.699999999999999,5.0,5.65,87.5,1010.71,15.0,72.5,16.0,77.5,7.5,0.0,0.0,0.0,1444683.375,1839761.625,28.69,12.19,-0.9659258262890684,0.2588190451025203,-0.7818314824680299,0.6234898018587334,-2.4492935982947064e-16,1.0,85.0,92.1025,88.35249999999999,88.624375,6.195989685220082,77.8275
2025-12-21 20:00:00+00:00,77.8275,21.0,6.0,12.0,True,False,False,True,False,13667.5695,11121.696718750001,3.3728333333333333,-49.583333333333336,0.0,1737.2383325,1252.10375,0.0,0.0,622.365,1083.1475,0.0,0.0,399.6625,1737.25,-1252.1,622.375,-1083.15,399.675,1363.1,9.495000000000001,11.665,12.12,13.475000000000001,92.75,96.25,96.25,109.25,11.774999999999999,8.9,1010.95,1.248675,0.0,0.0,0.0,0.0,60.0,7.4,4.5,5.05,85.0,1010.715,16.0,72.5,15.0,80.0,7.5,0.0,0.0,0.0,1831092.5,2305129.5,28.69,12.19,-0.8660254037844386,0.5000000000000001,-0.7818314824680299,0.6234898018587334,-2.4492935982947064e-16,1.0,81.655,88.7675,82.3675,88.16854166666667,6.575785079459155,75.9925
2025-12-21 21:00:00+00:00,75.9925,22.0,6.0,12.0,True,False,False,True,False,13135.32775,10905.657395833334,4.721166666666666,32.76,31.186662499999997,1255.4541675,1419.587,0.0,0.0,622.79,1082.8375,0.0,0.0,349.265,1224.275,-1419.6,622.775,-1082.825,349.25,758.575,10.4225,12.5775,13.094999999999999,14.945,91.5,94.25,94.25,107.5,13.3,8.725,1010.8,1.249275,0.0,0.0,0.0,0.0,77.75,7.25,4.5,4.5,83.0,1010.615,16.0,74.0,17.0,85.0,7.5,0.0,0.0,0.0,2217501.625,2770497.375,28.69,12.19,-0.7071067811865477,0.7071067811865474,-0.7818314824680299,0.6234898018587334,-2.4492935982947064e-16,1.0,77.8275,89.0925,80.75,87.62270833333334,7.024162371410075,70.905
2025-12-21 22:00:00+00:00,70.905,23.0,6.0,12.0,True,False,False,True,False,12674.6765,10689.618072916666,3.126,-33.11666666666667,0.0,1931.58167,2173.7235,0.0,0.0,543.8175,1056.73,0.0,6.835,159.7875,1931.6,-2173.7,543.8,-1056.75,152.95,1028.1750000000002,10.5325,12.184999999999999,12.6675,14.1775,100.75,101.5,101.5,107.25,13.65,8.5,1010.7,1.25015,0.0,0.0,0.0,0.0,72.5,6.95,4.0,4.2,83.5,1010.51,16.0,77.5,17.0,87.5,7.5,0.0,0.0,0.0,2603910.75,3235865.25,28.69,12.19,-0.5000000000000004,0.8660254037844384,-0.7818314824680299,0.6234898018587334,-2.4492935982947064e-16,1.0,75.9925,86.69749999999999,74.4075,86.96468750000001,7.810326717283477,70.22749999999999
2025-12-21 23:00:00+00:00,70.22749999999999,0.0,0.0,12.0,False,False,True,True,False,10799.64525,10473.57875,1.95625,-41.075,0.0,2620.5075025,3436.75525,0.0,0.0,446.7675,323.99,0.0,0.0,305.4125,2620.525,-3436.8,446.775,-323.975,305.4,2189.525,10.845,12.495000000000001,12.9825,14.6125,98.0,98.25,98.5,103.5,13.675,8.225,1010.05,1.25055,0.0,0.0,0.0,0.0,63.5,6.6,3.5,3.9,83.5,1010.48,16.0,81.5,16.0,87.5,7.5,0.0,0.0,0.0,2990319.875,3701233.125,28.69,12.19,-0.25881904510252157,0.9659258262890681,-0.7818314824680299,0.6234898018587334,-2.4492935982947064e-16,1.0,70.905,88.5725,69.9725,86.2003125,8.512276566451275,68.825
2025-12-22 00:00:00+00:00,68.825,1.0,0.0,12.0,False,False,True,True,False,10607.603000000001,10308.92275,5.3797500000000005,42.083333333333336,0.0,2540.8308349999998,3434.538,0.0,0.0,541.865,616.505,0.0,0.0,377.1675,2540.85,-3434.5,541.85,-616.5,377.175,1984.725,10.7275,12.26,12.752500000000001,13.9775,99.25,99.75,99.75,104.5,13.625,8.2,1009.675,1.2502,0.0,0.0,0.0,0.0,98.25,6.3,3.0,3.5,82.5,1010.26,16.0,86.5,17.5,90.0,10.0,0.0,0.0,0.0,3376729.0,4166601.0,28.46,12.19,0.0,1.0,0.0,1.0,-2.4492935982947064e-16,1.0,70.22749999999999,84.5625,69.42,85.54458333333334,9.220612827019822,67.785
2025-12-22 01:00:00+00:00,67.785,2.0,0.0,12.0,False,False,True,True,False,10583.7015,10137.574499999999,2.1839999999999997,-34.09,0.0,2351.297485,3186.985,0.0,0.0,546.765,424.15250000000003,0.0,0.0,444.1775,2351.3,-3187.0,546.75,-424.175,444.2,2121.325,10.35,11.775,12.2225,12.97,105.25,105.5,105.75,112.75,13.225,8.125,1009.875,1.250775,0.0,0.0,0.0,0.0,99.75,6.199999999999999,3.0,3.3499999999999996,82.0,1010.135,16.0,92.5,18.5,90.0,10.0,0.0,0.0,0.0,3533184.0,4031135.0,28.46,12.19,0.25881904510252074,0.9659258262890683,0.0,1.0,-2.4492935982947064e-16,1.0,68.825,80.73,67.89,85.00520833333333,9.87023082184275,66.27000000000001
2025-12-22 02:00:00+00:00,66.27000000000001,3.0,0.0,12.0,False,False,True,True,False,10822.5925,10346.3555,-1.8435,-207.71666666666667,0.0,2824.5566725,3208.01675,0.0,0.0,362.71500000000003,203.4475,0.0,0.0,567.4549999999999,2824.55,-3208.0,362.725,-203.45,567.45,2749.3,10.455,11.9275,12.379999999999999,13.155,104.5,105.5,105.5,111.75,13.2,8.0,1009.825,1.2513,0.0,0.0,0.0,0.0,99.75,6.0,3.0,3.2,82.0,1010.54,16.0,96.0,16.0,97.5,10.0,0.0,0.0,0.0,3508340.0,3625068.0,28.46,12.19,0.49999999999999994,0.8660254037844387,0.0,1.0,-2.4492935982947064e-16,1.0,67.785,79.13499999999999,64.9975,84.46916666666667,10.530176117139554,65.4825
2025-12-22 03:00:00+00:00,65.4825,4.0,0.0,12.0,False,False,True,True,False,11059.38975,10331.942,-0.003166666666666629,-91.38333333333334,0.0,2802.6481224999998,3367.277,0.0,0.0,232.93,0.0,231.9475,0.0,503.445,2802.675,-3367.3,232.925,231.925,503.45,2929.15,10.7725,12.309999999999999,12.780000000000001,13.485,108.25,109.75,109.75,115.0,13.525,7.875,1009.8,1.251825,0.0,0.0,0.0,0.0,100.0,5.8,3.0,3.1,83.5,1010.36,16.0,100.0,15.0,95.0,10.0,0.0,0.0,0.0,3417966.0,3266407.0,28.46,12.19,0.7071067811865475,0.7071067811865476,0.0,1.0,-2.4492935982947064e-16,1.0,66.27000000000001,79.1325,67.0675,83.90041666666667,11.179554457236835,68.395
2025-12-22 04:00:00+00:00,68.395,5.0,0.0,12.0,False,False,True,True,False,11477.843499999999,10425.607250000001,3.52,3.816666666666667,0.0,2161.6825074999997,3158.19075,0.0,0.0,477.44499999999994,0.0,507.77,0.0,672.8625,2161.675,-3158.2,477.45000000000005,507.775,672.875,3030.2,10.16,11.6725,12.1125,12.842500000000001,107.0,108.75,108.75,116.5,12.825,7.875,1009.875,1.251925,0.0,0.0,0.0,0.0,99.75,5.5,2.5,2.95,84.0,1010.75,16.0,100.0,13.5,102.5,10.0,0.0,0.0,0.0,3299121.0,3112185.0,28.46,12.19,0.8660254037844386,0.5000000000000001,0.0,1.0,-2.4492935982947064e-16,1.0,65.4825,79.8775,72.0,83.42197916666667,11.597107022573796,74.88
2025-12-22 05:00:00+00:00,74.88,6.0,0.0,12.0,False,False,True,True,False,12606.7945,11146.4985,4.105416666666667,-23.71833333333333,0.0,1718.8425,3176.382,0.0,0.0,622.4875,0.0,689.3425,0.0,699.88,1718.85,-3176.4,622.5,689.35,699.9,2936.45,10.4325,11.895,12.3525,13.35,111.5,113.5,113.5,120.0,13.225,7.85,1009.9000000000001,1.25205,0.0,0.0,0.0,0.0,100.0,5.25,2.0,2.8,84.0,1010.685,16.0,100.0,14.5,90.0,10.0,0.0,0.0,0.0,3128782.0,2821369.0,28.46,12.19,0.9659258262890683,0.25881904510252074,0.0,1.0,-2.4492935982947064e-16,1.0,68.395,81.9125,84.535,83.12895833333333,11.725043267665507,89.0175
2025-12-22 06:00:00+00:00,89.0175,7.0,0.0,12.0,False,False,True,True,False,14039.42275,12177.955,3.4735,-64.99499999999999,0.0,1698.9241725,3432.0795,0.0,0.0,622.18,0.0,285.8225,0.0,699.6800000000001,1698.925,-3432.1,622.2,285.825,699.675,2448.6,10.25,11.605,12.0525,13.067499999999999,111.0,112.75,113.0,120.5,12.95,7.65,1010.15,1.25325,0.0,0.0,0.0,0.0,100.0,5.1,2.0,2.6500000000000004,84.5,1011.165,16.0,97.5,13.5,92.5,10.0,0.0,0.0,0.0,2997365.0,2495296.0,28.46,12.19,1.0,6.123233995736766e-17,0.0,1.0,-2.4492935982947064e-16,1.0,74.88,86.7925,86.905,83.22166666666666,11.76400150206488,92.17
2025-12-22 07:00:00+00:00,92.17,8.0,0.0,12.0,False,False,True,True,False,14985.4945,13186.61275,5.414416666666667,24.21333333333333,778.3250075,755.6635,2974.75275,0.0,0.0,622.2425,0.0,589.0550000000001,0.0,694.86,-22.65,-2974.8,622.25,589.0500000000001,694.8499999999999,1139.8000000000002,10.2025,11.595,12.0325,12.855,116.75,118.25,118.25,120.0,12.675,7.65,1010.5,1.253675,0.0,0.0,0.0,0.0,96.75,4.9,1.5,2.55,85.0,1011.5,16.0,95.5,15.5,92.5,10.0,0.0,0.0,0.0,2937324.0,2454566.0,28.46,12.19,0.9659258262890683,-0.25881904510252063,0.0,1.0,-2.4492935982947064e-16,1.0,89.0175,96.4075,100.515,83.04510416666668,11.587977476658821,91.0275
2025-12-22 08:00:00+00:00,91.0275,9.0,0.0,12.0,False,False,True,True,False,15407.463749999999,13409.9265,3.7105,-132.77166666666668,696.883335,1017.8272499999999,2741.97,0.0,0.0,621.8225,177.6675,0.0,0.0,625.485,320.95000000000005,-2742.0,621.825,-177.625,625.5,705.1,9.125,10.3225,10.7075,11.155,117.75,119.75,119.75,124.25,11.7,7.8,1010.875,1.253475,0.25,0.0,0.25,0.0,100.0,4.85,1.5,2.55,86.0,1011.9449999999999,16.0,95.0,15.5,92.5,10.0,0.0,0.0,315670.0,2891293.0,2542246.0,28.46,12.19,0.8660254037844387,-0.49999999999999983,0.0,1.0,-2.4492935982947064e-16,1.0,92.17,100.7075,96.2975,82.64177083333333,11.104879961353648,88.9475
2025-12-22 09:00:00+00:00,88.9475,10.0,0.0,12.0,False,False,True,True,False,14992.561249999999,12913.926749999999,5.298416666666666,13.616666666666667,368.212495,1126.9775,3142.30325,0.0,0.0,583.7950000000001,439.185,0.0,0.0,459.09250000000003,758.75,-3142.3,583.8,-439.225,459.1,576.875,8.8,9.9,10.265,10.6975,121.25,124.0,124.0,129.75,11.15,7.575,1011.325,1.255025,30.5,4.625,25.875,46.525,100.0,4.949999999999999,2.0,2.6500000000000004,85.5,1012.31,16.0,95.0,14.5,92.5,10.0,0.0,0.0,1703235.0,2888497.0,3244568.0,28.46,12.19,0.7071067811865476,-0.7071067811865475,0.0,1.0,-2.4492935982947064e-16,1.0,91.0275,96.69,87.41749999999999,82.31916666666667,10.786936485021545,84.9125
2025-12-22 10:00:00+00:00,84.9125,11.0,0.0,12.0,False,False,True,True,False,14711.85275,12130.3945,7.556666666666667,133.78333333333333,614.3208325,791.625,2954.46875,0.0,0.0,574.0025,500.2225,0.0,0.0,300.8225,177.325,-2954.5,574.0,-500.2,300.825,-186.7,9.092500000000001,10.0675,10.4275,10.815,116.25,117.75,117.75,127.5,11.475,7.45,1011.975,1.256375,64.25,12.25,52.0,76.0,100.0,5.449999999999999,3.0,2.85,84.0,1012.71,16.0,95.0,12.5,87.5,10.0,0.0,0.0,2593856.0,2652629.0,3443425.0,28.46,12.19,0.49999999999999994,-0.8660254037844387,0.0,1.0,-2.4492935982947064e-16,1.0,88.9475,95.4375,78.6575,81.880625,10.43875102500109,86.8925
2025-12-22 11:00:00+00:00,86.8925,12.0,0.0,12.0,False,False,True,True,False,14715.534749999999,11607.3145,7.624750000000001,125.28666666666666,1518.893335,1014.06125,2141.26275,0.0,0.0,610.6675,931.7225,0.0,0.0,460.6775,-504.82499999999993,-2141.3,610.65,-931.725,460.675,-900.525,9.02,9.955,10.3125,10.47,115.25,117.25,117.25,126.5,11.475,7.35,1012.075,1.256975,114.25,36.9,77.35,167.5,90.25,6.050000000000001,3.5,3.05,81.5,1012.745,16.0,95.5,12.5,87.5,10.0,0.0,0.0,2977874.0,2289676.0,3600905.0,28.46,12.19,0.258819045102521,-0.9659258262890682,0.0,1.0,-2.4492935982947064e-16,1.0,84.9125,93.4725,77.1775,81.60645833333334,10.204850373737338,88.95
2025-12-22 12:00:00+00:00,88.95,13.0,0.0,12.0,False,False,True,True,False,14696.154999999999,12029.1495,4.464833333333333,-64.93166666666667,677.505835,1076.673,2609.95025,0.0,0.0,620.915,669.7825,0.0,0.0,677.3125,399.175,-2610.0,620.9,-669.775,677.3,375.1000000000001,8.85,9.48,9.7925,9.4925,111.0,112.75,112.75,122.25,11.1,7.2,1011.875,1.257425,157.75,63.675,94.075,258.85,98.0,6.45,4.0,3.5,82.0,1012.47,16.0,95.5,11.5,85.0,10.0,0.0,0.0,2951988.0,2313690.0,3634329.0,28.46,12.19,1.2246467991473532e-16,-1.0,0.0,1.0,-2.4492935982947064e-16,1.0,86.8925,89.6525,85.3075,81.5771875,10.181749639100344,92.0925
2025-12-22 13:00:00+00:00,92.0925,14.0,0.0,12.0,False,False,True,True,False,14792.527,12569.550500000001,4.554,-28.33833333333333,380.212505,1161.075,2885.19725,0.0,0.0,599.8475,172.0875,0.0,0.0,668.61,780.8499999999999,-2885.2,599.85,-172.075,668.625,1155.95,8.1875,8.7375,9.035,8.715,109.25,111.0,111.0,116.25,10.475,7.375,1011.925,1.25665,122.25,41.125,81.125,174.4,100.0,6.65,4.5,3.5999999999999996,81.5,1012.435,16.0,97.5,11.5,80.0,10.0,0.0,0.0,2270449.0,2383429.0,3451764.0,28.46,12.19,-0.2588190451025208,-0.9659258262890683,0.0,1.0,-2.4492935982947064e-16,1.0,88.95,92.8375,91.7775,81.54614583333334,10.147003465876434,98.01
2025-12-22 14:00:00+00:00,98.01,15.0,0.0,12.0,False,False,True,True,False,15260.88875,13144.28775,6.728666666666667,21.091666666666665,61.27584,1073.3850025,3268.99825,0.0,0.0,621.5175,1.4875,0.0,0.0,686.5725,1012.1,-3269.0,621.55,-1.45,686.575,1501.4499999999998,8.0125,8.71,9.002500000000001,8.620000000000001,112.5,113.5,113.5,120.0,10.35,7.3,1012.175,1.257325,77.0,17.775,59.225,95.575,100.0,6.550000000000001,3.5,3.6,82.0,1012.41,16.0,97.5,12.5,75.0,10.0,0.0,0.0,1316064.0,2161993.0,2790324.0,28.46,12.19,-0.4999999999999998,-0.8660254037844388,0.0,1.0,-2.4492935982947064e-16,1.0,92.0925,94.8125,101.0575,81.67937500000001,10.347768013115953,100.0075
2025-12-22 15:00:00+00:00,100.0075,16.0,0.0,12.0,False,False,True,True,False,15881.2075,13768.56575,6.27925,25.696666666666665,0.0,1439.62808,3392.509,0.0,0.0,621.6424999999999,105.6975,0.0,0.0,693.12,1439.65,-3392.5,621.65,-105.675,693.125,1800.575,8.145,8.907499999999999,9.2075,8.625,111.5,112.25,112.5,118.75,10.225,7.45,1012.1999999999999,1.256675,36.5,5.1,31.4,46.074999999999996,99.75,6.1,3.0,3.4,83.5,1012.63,16.0,97.0,15.5,75.0,10.0,0.0,0.0,145125.0,2285851.0,2521018.0,28.46,12.19,-0.7071067811865471,-0.7071067811865479,0.0,1.0,-2.4492935982947064e-16,1.0,98.01,92.5025,107.56,81.99208333333333,10.792888602411443,106.5125
2025-12-22 16:00:00+00:00,106.5125,17.0,0.0,12.0,False,False,True,True,False,16100.8975,14190.276,7.279833333333333,120.18833333333333,0.0,1658.523405,3527.4425,0.0,0.0,622.425,297.65999999999997,0.0,0.0,698.095,1658.55,-3527.4,622.45,-297.675,698.075,1799.525,8.855,9.6525,9.9875,9.9275,103.75,104.0,104.0,104.25,11.225,7.4,1012.75,1.257625,2.75,0.025,2.725,0.3,100.0,5.45,2.0,3.25,86.0,1012.94,16.0,95.0,16.5,80.0,10.0,0.0,0.0,0.0,2553219.0,2501831.0,28.46,12.19,-0.8660254037844384,-0.5000000000000004,0.0,1.0,-2.4492935982947064e-16,1.0,100.0075,92.965,102.8575,82.5565625,11.707275464904132,101.77
2025-12-22 17:00:00+00:00,101.77,18.0,0.0,12.0,False,False,True,True,False,15613.588,13510.921,6.8375,178.67833333333334,567.836665,848.3052525,2571.12275,0.0,0.0,622.4849999999999,917.885,0.0,0.0,700.015,280.45,-2571.1,622.5,-917.875,700.0,42.27500000000002,9.4675,10.3375,10.705,10.567499999999999,101.0,101.25,101.0,101.75,12.0,7.3,1013.35,1.2588,0.0,0.0,0.0,0.0,100.0,5.05,2.0,3.15,87.5,1013.34,16.0,95.0,16.0,80.0,10.0,0.0,0.0,0.0,2804802.0,2752757.0,28.46,12.19,-0.9659258262890683,-0.25881904510252063,0.0,1.0,-2.4492935982947064e-16,1.0,106.5125,89.5725,97.4825,83.06479166666666,12.276029220923844,95.2775
2025-12-22 18:00:00+00:00,95.2775,19.0,0.0,12.0,False,False,True,True,False,15069.50125,12987.68175,4.498166666666666,-32.303333333333335,355.90333,789.56,2448.76425,0.0,0.0,622.8499999999999,1069.9075,0.0,0.0,700.155,433.65,-2448.8,622.85,-1069.9,700.1500000000001,74.57499999999999,9.115,9.97,10.3225,10.1775,104.25,105.25,105.25,105.25,11.9,7.1,1013.75,1.2602,0.0,0.0,0.0,0.0,100.0,4.800000000000001,1.0,2.9,88.0,1013.79,16.0,95.0,16.0,82.5,10.0,0.0,0.0,0.0,2658295.0,2576657.0,28.46,12.19,-1.0,-1.8369701987210297e-16,0.0,1.0,-2.4492935982947064e-16,1.0,101.77,85.0,89.8325,83.49302083333333,12.523238637307186,89.255
2025-12-22 19:00:00+00:00,89.255,20.0,0.0,12.0,False,False,True,True,False,14590.575499999999,12520.608199999999,6.9070833333333335,144.90833333333333,952.7216774999999,1034.04325,2106.59625,0.0,0.0,622.6675,893.6675,0.0,0.0,700.1800000000001,81.325,-2106.6,622.675,-893.65,700.1750000000001,-16.149999999999977,8.8725,9.594999999999999,9.940000000000001,9.9475,106.75,107.25,107.5,107.75,11.55,7.0,1014.125,1.2610999999999999,0.0,0.0,0.0,0.0,100.0,4.800000000000001,1.5,2.45,84.5,1013.765,16.0,100.0,16.0,80.0,10.0,0.0,0.0,0.0,1482146.0,1789034.0,28.46,12.19,-0.9659258262890684,0.2588190451025203,0.0,1.0,-2.4492935982947064e-16,1.0,95.2775,81.655,83.095,83.80968750000001,12.570739063580344,84.89750000000001
2025-12-22 20:00:00+00:00,84.89750000000001,21.0,0.0,12.0,False,False,True,True,False,13995.382,12053.53465,4.42,-27.273333333333333,677.54167,1393.9225,2573.572,0.0,0.0,622.365,898.4525,0.0,0.0,698.755,716.4000000000001,-2573.6,622.35,-898.45,698.775,495.65,9.055,9.8475,10.1975,10.24,106.5,106.5,106.5,106.5,11.575,6.825,1014.675,1.262575,0.0,0.0,0.0,0.0,99.75,4.6,1.0,2.25,85.0,1014.2750000000001,16.0,100.0,16.0,80.0,10.0,0.0,0.0,0.0,1830013.4,2366592.6,28.46,12.19,-0.8660254037844386,0.5000000000000001,0.0,1.0,-2.4492935982947064e-16,1.0,89.255,77.8275,83.3025,84.10427083333333,12.507135560724326,84.8
2025-12-22 21:00:00+00:00,84.8,22.0,0.0,12.0,False,False,True,True,False,13287.359250000001,11586.461099999999,4.411,-32.32666666666667,144.0575,1633.1416675,2457.30875,0.0,0.0,622.2425,734.995,0.0,0.0,683.46,1489.1,-2457.3,622.25,-734.975,683.475,1445.475,9.2025,9.967500000000001,10.3525,10.3675,104.0,104.5,104.75,104.75,11.75,6.675,1015.15,1.263825,0.0,0.0,0.0,0.0,100.0,4.5,1.0,2.2,85.0,1014.7149999999999,16.0,100.0,16.0,87.5,10.0,0.0,0.0,0.0,2177880.8,2944151.2,28.46,12.19,-0.7071067811865477,0.7071067811865474,0.0,1.0,-2.4492935982947064e-16,1.0,84.89750000000001,75.9925,84.0625,84.47125000000001,12.38741500650897,78.2875
2025-12-22 22:00:00+00:00,78.2875,23.0,0.0,12.0,False,False,True,True,False,12565.298,11119.38755,4.056666666666667,-31.158333333333335,0.0,2004.3866625,2176.8545,0.0,0.0,622.245,1064.5175,0.0,0.0,699.785,2004.4,-2176.9,622.225,-1064.5,699.7750000000001,1717.6999999999998,9.272499999999999,9.9675,10.33,10.2725,102.0,103.0,103.0,103.5,11.85,6.6,1015.2,1.2642250000000002,0.0,0.0,0.0,0.0,99.0,4.3,0.5,2.0,85.5,1014.96,16.0,98.0,16.0,87.5,10.0,0.0,0.0,0.0,2525748.2,3521709.8,28.46,12.19,-0.5000000000000004,0.8660254037844384,0.0,1.0,-2.4492935982947064e-16,1.0,84.8,70.905,80.0775,84.77885416666666,12.124767859256393,79.6275
2025-12-22 23:00:00+00:00,79.6275,0.0,1.0,12.0,False,False,True,True,False,11929.71925,10652.313999999998,4.329166666666667,20.834999999999997,20.5341675,1778.1625024999998,2079.45775,0.0,0.0,622.305,848.0,0.0,0.0,699.8325,1757.625,-2079.5,622.3,-848.0,699.8249999999999,1711.9,9.9725,10.8575,11.2775,11.2475,100.75,101.5,101.5,102.0,12.600000000000001,6.325,1015.225,1.2654999999999998,0.0,0.0,0.0,0.0,96.0,3.9000000000000004,0.0,1.9000000000000001,86.5,1014.9649999999999,16.0,93.5,16.5,80.0,10.0,0.0,0.0,0.0,2873615.6,4099268.4,28.46,12.19,-0.25881904510252157,0.9659258262890681,0.0,1.0,-2.4492935982947064e-16,1.0,78.2875,70.22749999999999,77.495,85.17052083333333,11.781235586525073,74.21000000000001
2025-12-23 00:00:00+00:00,74.21000000000001,1.0,1.0,12.0,False,False,True,True,False,11568.1815,10193.203,5.179916666666667,41.388333333333335,0.0,2329.9199925,2102.24575,0.0,0.0,615.95,1029.455,0.0,0.0,694.6525,2329.9,-2102.2,615.975,-1029.475,694.65,2085.525,10.41,11.43,11.865,11.870000000000001,99.25,99.75,99.75,100.0,13.225,6.275,1015.675,1.2663,0.0,0.0,0.0,0.0,87.25,3.5999999999999996,0.0,1.65,87.0,1015.2950000000001,16.0,89.5,17.5,80.0,10.0,0.0,0.0,0.0,3221483.0,4676827.0,28.62,12.19,0.0,1.0,0.7818314824680298,0.6234898018587336,-2.4492935982947064e-16,1.0,79.6275,68.825,77.78999999999999,85.39489583333334,11.504425388575118,63.91
2025-12-23 01:00:00+00:00,63.91,2.0,1.0,12.0,False,False,True,True,False,11449.74275,10033.30025,0.6372500000000001,-126.95,46.68249,1809.4999975,1478.39525,0.0,0.0,512.0875,1070.15,0.0,0.0,554.465,1762.8,-1478.4,512.1,-1070.15,554.45,1389.6,10.7325,11.825000000000001,12.265,12.265,92.0,92.5,92.5,93.0,13.775,6.225,1015.925,1.266825,0.0,0.0,0.0,0.0,95.25,3.5,-0.5,1.6,87.5,1015.425,16.0,85.5,17.5,82.5,10.0,0.0,0.0,0.0,3006035.0,4981720.0,28.62,12.19,0.25881904510252074,0.9659258262890683,0.7818314824680298,0.6234898018587336,-2.4492935982947064e-16,1.0,74.21000000000001,67.785,76.345,85.2334375,11.786060572182157,59.652499999999996
2025-12-23 02:00:00+00:00,59.652499999999996,3.0,1.0,12.0,False,False,True,True,False,11445.96775,10164.478,-0.5798333333333333,-131.555,295.496655,1596.285,1456.09325,0.0,0.0,554.6475,1081.8225,0.0,0.0,669.4375,1300.8000000000002,-1456.1,554.65,-1081.8,669.45,1079.05,10.3225,11.254999999999999,11.6675,11.7425,91.25,91.0,91.0,91.75,13.8,5.9750000000000005,1016.375,1.268525,0.0,0.0,0.0,0.0,98.5,3.5,-0.5,1.7000000000000002,88.0,1015.915,16.0,85.0,17.5,80.0,10.0,0.0,0.0,0.0,3179170.0,5276340.0,28.62,12.19,0.49999999999999994,0.8660254037844387,0.7818314824680298,0.6234898018587336,-2.4492935982947064e-16,1.0,63.91,66.27000000000001,77.1675,84.95770833333334,12.31454762087871,58.2375
2025-12-23 03:00:00+00:00,58.2375,4.0,1.0,12.0,False,False,True,True,False,11372.152750000001,9889.34325,5.1576666666666675,45.333333333333336,217.339735,1730.84,1669.885,0.0,0.0,216.975,1081.6975,0.0,0.0,462.6575,1513.5,-1669.9,216.975,-1081.675,462.675,693.9499999999999,10.135,11.0275,11.425,11.4025,91.5,91.5,91.5,91.5,13.3,6.025,1016.475,1.2684,0.0,0.0,0.0,0.0,97.0,3.7,-0.5,1.75,87.5,1016.15,16.0,79.0,18.5,80.0,10.0,0.0,0.0,0.0,3259823.0,5240429.0,28.62,12.19,0.7071067811865475,0.7071067811865476,0.7818314824680298,0.6234898018587336,-2.4492935982947064e-16,1.0,59.652499999999996,65.4825,78.7975,84.65583333333333,12.888155365756942,58.605
2025-12-23 04:00:00+00:00,58.605,5.0,1.0,12.0,False,False,True,True,False,11460.3095,9800.712,7.161666666666666,155.78333333333333,63.62083,1994.9900024999997,1850.8975,0.0,0.0,164.72,1073.88,0.0,0.0,120.39750000000001,1931.35,-1850.9,164.75,-1073.9,120.375,679.875,10.4625,11.440000000000001,11.865,11.825,93.25,93.25,93.25,93.0,13.525,6.1,1016.625,1.26825,0.0,0.0,0.0,0.0,96.0,3.7,-0.5,1.85,87.5,1016.22,16.0,81.0,19.5,80.0,10.0,0.0,0.0,0.0,3157099.0,5296211.0,28.62,12.19,0.8660254037844386,0.5000000000000001,0.7818314824680298,0.6234898018587336,-2.4492935982947064e-16,1.0,58.2375,68.395,80.4025,84.24791666666667,13.56248395444205,68.36
2025-12-23 05:00:00+00:00,68.36,6.0,1.0,12.0,False,False,True,True,False,12474.13725,10422.443500000001,6.3966666666666665,79.99666666666667,0.0,2240.7033375,2480.78375,0.0,0.0,578.73,1012.3325,0.0,0.0,654.7975,2240.7,-2480.8,578.725,-1012.325,654.8,1841.725,10.525,11.4475,11.879999999999999,11.817499999999999,93.75,93.75,93.75,94.0,13.8,5.775,1016.95,1.2701500000000001,0.0,0.0,0.0,0.0,95.5,3.75,-0.5,1.85,87.5,1016.49,16.0,90.0,21.0,80.0,10.0,0.0,0.0,0.0,3007794.0,5436866.0,28.62,12.19,0.9659258262890683,0.25881904510252074,0.7818314824680298,0.6234898018587336,-2.4492935982947064e-16,1.0,58.605,74.88,86.9775,83.97625,13.82112293304853,80.3475
2025-12-23 06:00:00+00:00,80.3475,7.0,1.0,12.0,False,False,True,True,False,14045.583,11596.6885,4.12075,-15.338333333333335,0.0,2756.258335,2590.25775,0.0,0.0,622.18,596.6625,0.0,0.0,700.24,2756.25,-2590.3,622.2,-596.65,700.25,2834.45,10.615,11.535,11.9475,11.907499999999999,95.75,95.75,95.75,95.5,13.8,5.75,1017.6,1.271075,0.0,0.0,0.0,0.0,94.0,3.95,0.0,2.05,87.5,1016.885,16.0,94.0,21.0,82.5,10.0,0.0,0.0,0.0,3085934.0,5510510.0,28.62,12.19,1.0,6.123233995736766e-17,0.7818314824680298,0.6234898018587336,-2.4492935982947064e-16,1.0,68.36,89.0175,89.725,83.615,13.796913151136566,88.0
2025-12-23 07:00:00+00:00,88.0,8.0,1.0,12.0,False,False,True,True,False,15274.455,12839.5435,7.121666666666667,136.81833333333333,0.0,2699.6658375,2828.6995,0.0,0.0,622.18,104.91499999999999,0.0,0.0,700.46,2699.675,-2828.7,622.2,-104.9,700.5,3210.225,10.485,11.4725,11.8925,11.8,92.75,93.0,93.0,93.0,13.7,5.75,1018.175,1.271825,0.0,0.0,0.0,0.0,95.5,4.15,0.0,2.25,87.0,1017.5,16.0,94.0,21.0,82.5,10.0,0.0,0.0,0.0,3174556.0,5534297.0,28.62,12.19,0.9659258262890683,-0.25881904510252063,0.7818314824680298,0.6234898018587336,-2.4492935982947064e-16,1.0,80.3475,92.17,99.8225,83.44125,13.710478934329783,92.37
2025-12-23 08:00:00+00:00,92.37,9.0,1.0,12.0,False,False,True,True,False,15381.507,13204.643,14.491666666666667,376.155,0.0,2864.4708275,2355.7205,0.0,0.0,622.18,579.28,0.0,0.0,700.46,2864.45,-2355.7,622.2,-579.3,700.5,3018.9,10.4175,11.2875,11.690000000000001,11.5825,90.75,90.75,90.75,91.25,13.55,5.725,1018.8249999999999,1.2727499999999998,0.25,0.0,0.25,0.0,98.75,4.25,0.0,2.0,85.5,1018.1700000000001,16.0,95.0,21.0,80.0,10.0,0.0,0.0,35572.0,3138172.0,5643487.0,28.62,12.19,0.8660254037844387,-0.49999999999999983,0.7818314824680298,0.6234898018587336,-2.4492935982947064e-16,1.0,88.0,91.0275,97.1675,83.4971875,13.74546983302905,89.9025
2025-12-23 09:00:00+00:00,89.9025,10.0,1.0,12.0,False,False,True,True,False,15039.903,13102.5405,10.875,272.60333333333335,0.0,2602.866885,2372.851,0.0,0.0,622.5474999999999,575.415,0.0,0.0,700.1275,2602.85,-2372.9,622.575,-575.425,700.15,2756.925,10.625,11.5175,11.955,11.8375,87.5,88.25,88.0,88.0,13.7,5.5,1019.525,1.27465,22.5,2.825,19.675,28.4,98.5,4.05,-0.5,1.75,85.0,1018.935,16.0,95.0,22.5,80.0,10.0,0.0,0.0,360930.0,3097968.0,5873991.0,28.62,12.19,0.7071067811865476,-0.7071067811865475,0.7818314824680298,0.6234898018587336,-2.4492935982947064e-16,1.0,92.37,88.9475,92.345,83.53697916666667,13.763304649683048,82.5
2025-12-23 10:00:00+00:00,82.5,11.0,1.0,12.0,False,False,True,True,False,14640.07525,13214.611,9.305,193.23,0.0,2262.0783425,2657.67075,0.0,0.0,622.6675,130.09,0.0,0.0,697.2225,2262.075,-2657.7,622.675,-130.1,697.2,2787.475,10.8125,11.745000000000001,12.1675,12.09,88.75,88.75,88.75,89.0,14.05,5.3500000000000005,1020.4499999999999,1.276475,56.0,11.9,44.1,72.825,98.25,4.25,-0.5,1.5,83.0,1019.74,16.0,92.5,25.5,82.5,10.0,0.0,0.0,697833.0,3553945.0,6011663.0,28.62,12.19,0.49999999999999994,-0.8660254037844387,0.7818314824680298,0.6234898018587336,-2.4492935982947064e-16,1.0,89.9025,84.9125,90.605,83.43645833333333,13.761631481829173,81.4875
2025-12-23 11:00:00+00:00,81.4875,12.0,1.0,12.0,False,False,True,True,False,14321.54275,13163.78525,7.623166666666666,81.12333333333332,0.0,1937.5525075,2814.485,0.0,0.0,622.73,0.0,125.16,0.0,689.9225,1937.5749999999998,-2814.5,622.7,125.14999999999999,689.95,2671.7250000000004,11.2425,12.2625,12.705,12.6625,89.0,88.75,88.75,89.0,14.525,5.2,1020.9749999999999,1.277825,78.0,20.9,57.1,93.0,99.75,4.35,-0.5,1.35,81.0,1020.185,16.0,92.5,26.5,77.5,10.0,0.0,0.0,830884.0,3841653.0,6075633.0,28.62,12.19,0.258819045102521,-0.9659258262890682,0.7818314824680298,0.6234898018587336,-2.4492935982947064e-16,1.0,82.5,86.8925,91.16499999999999,83.21124999999999,13.746832817052992,79.8125
2025-12-23 12:00:00+00:00,79.8125,13.0,1.0,12.0,False,False,True,True,False,14362.97075,13105.44975,6.520833333333333,101.50166666666668,0.0,1553.48999,2528.54475,0.0,0.0,622.305,106.07000000000001,0.0,0.0,661.6175000000001,1553.5,-2528.5,622.3,-106.075,661.65,2099.2,11.29,12.307500000000001,12.78,12.7575,88.25,88.5,88.5,88.25,14.825,5.375,1020.95,1.2770000000000001,98.0,27.2,70.8,106.975,99.75,4.6,0.0,1.45,80.5,1020.1949999999999,16.0,92.5,27.5,77.5,10.0,0.0,0.0,782313.0,3954664.0,6141229.0,28.62,12.19,1.2246467991473532e-16,-1.0,0.7818314824680298,0.6234898018587336,-2.4492935982947064e-16,1.0,81.4875,88.95,98.18,82.83052083333332,13.707461986783597,79.85249999999999
2025-12-23 13:00:00+00:00,79.85249999999999,14.0,1.0,12.0,False,False,True,True,False,14667.014500000001,12965.8555,8.708333333333334,242.93833333333333,0.0,1665.16916,2482.24325,0.0,0.0,620.975,783.6175,0.0,0.0,674.785,1665.15,-2482.2,620.975,-783.6,674.775,1556.775,11.1325,12.1775,12.645,12.605,85.25,85.25,85.25,85.25,14.35,5.425,1021.25,1.277125,79.0,16.125,62.875,67.125,100.0,4.55,-0.5,1.5,80.5,1020.335,16.0,92.5,26.5,75.0,10.0,0.0,0.0,584517.0,4112081.0,6143033.0,28.62,12.19,-0.2588190451025208,-0.9659258262890683,0.7818314824680298,0.6234898018587336,-2.4492935982947064e-16,1.0,79.8125,92.0925,120.17,82.32052083333333,13.574938185045738,82.48750000000001
2025-12-23 14:00:00+00:00,82.48750000000001,15.0,1.0,12.0,False,False,True,True,False,15140.52575,12949.95375,4.897,-10.158333333333333,0.0,1759.46333,2033.03925,0.0,0.0,614.91,957.81,0.0,0.0,651.4225,1759.45,-2033.0,614.925,-957.8,651.425,1559.725,11.2275,12.27,12.7425,12.795,83.75,83.75,83.75,83.75,14.625,5.55,1021.775,1.2772000000000001,47.75,6.375,41.375,33.7,99.75,4.449999999999999,-0.5,1.25,80.0,1020.7850000000001,16.0,92.5,26.5,72.5,10.0,0.0,0.0,236986.0,4116592.0,6178065.0,28.62,12.19,-0.4999999999999998,-0.8660254037844388,0.7818314824680298,0.6234898018587336,-2.4492935982947064e-16,1.0,79.85249999999999,98.01,136.5,81.67375,13.15830767498503,89.0
2025-12-23 15:00:00+00:00,89.0,16.0,1.0,12.0,False,False,True,True,False,15800.20925,13124.881,6.874,23.78666666666667,0.0,1919.37415,1821.87825,0.0,0.0,622.2425,976.97,0.0,0.0,686.8225,1919.375,-1821.9,622.25,-977.0,686.825,1796.025,11.975,13.2275,13.7275,13.6875,82.5,82.5,82.5,82.5,15.4,5.65,1022.4749999999999,1.277625,20.5,1.7,18.8,14.95,100.0,4.3,-0.5,1.0,79.5,1021.42,16.0,92.5,24.0,72.5,10.0,0.0,0.0,11116.0,4056140.0,6227229.0,28.62,12.19,-0.7071067811865471,-0.7071067811865479,0.7818314824680298,0.6234898018587336,-2.4492935982947064e-16,1.0,82.48750000000001,100.0075,152.5425,81.21510416666666,12.674423760144903,89.9
2025-12-23 16:00:00+00:00,89.9,17.0,1.0,12.0,False,False,True,True,False,16306.15825,12740.72296875,7.5649999999999995,119.70333333333333,0.0,2380.9600025,2004.871,0.0,0.0,612.5025,1013.545,0.0,0.0,667.605,2380.95,-2004.9,612.5,-1013.55,667.6,2146.3,12.735,14.2525,14.8225,14.8475,85.5,85.75,85.75,85.5,16.425,5.675000000000001,1023.225,1.27845,1.75,0.0,1.75,0.0,100.0,3.8499999999999996,-0.5,0.3,77.5,1022.3,16.0,100.0,24.0,75.0,10.0,0.0,0.0,0.0,1257620.0,2096112.0,28.62,12.19,-0.8660254037844384,-0.5000000000000004,0.7818314824680298,0.6234898018587336,-2.4492935982947064e-16,1.0,89.0,106.5125,160.075,80.52291666666666,11.644580043267446,83.9575
2025-12-23 17:00:00+00:00,83.9575,18.0,1.0,12.0,False,False,True,True,False,15669.18375,12356.5649375,5.367583333333333,19.916666666666668,0.0,2752.28501,1971.0765,0.0,0.0,455.945,1080.36,0.0,140.675,15.455,2752.275,-1971.1,455.95,-1080.375,-125.19999999999999,1509.875,12.967500000000001,14.575000000000001,15.1375,15.2,86.5,87.0,87.25,86.75,16.9,5.8,1024.125,1.279025,0.0,0.0,0.0,0.0,100.0,3.75,-1.0,0.15000000000000002,77.5,1023.135,16.0,100.0,25.0,75.0,10.0,0.0,0.0,0.0,1619392.375,2496836.875,28.62,12.19,-0.9659258262890683,-0.25881904510252063,0.7818314824680298,0.6234898018587336,-2.4492935982947064e-16,1.0,89.9,101.77,139.97,79.78072916666666,10.765991580757564,82.52
2025-12-23 18:00:00+00:00,82.52,19.0,1.0,12.0,False,False,True,True,False,15067.911,11972.40690625,4.924833333333334,-6.908333333333333,0.0,2483.7583325,2101.57375,0.0,0.0,619.9399999999999,1077.6625,0.0,0.0,139.5075,2483.775,-2101.6,619.95,-1077.675,139.475,1640.125,12.9725,14.5775,15.1475,15.2275,87.75,88.0,88.0,88.0,17.025,5.85,1025.0749999999998,1.27995,0.0,0.0,0.0,0.0,100.0,3.75,-1.5,0.2,78.0,1024.15,16.0,100.0,25.0,75.0,10.0,0.0,0.0,0.0,1981164.75,2897561.75,28.62,12.19,-1.0,-1.8369701987210297e-16,0.7818314824680298,0.6234898018587336,-2.4492935982947064e-16,1.0,83.9575,95.2775,137.115,79.24916666666667,10.271157397069064,78.005
2025-12-23 19:00:00+00:00,78.005,20.0,1.0,12.0,False,False,True,True,False,14600.704,11588.248875000001,5.985916666666667,19.426666666666666,0.0,2563.34167,1792.09475,0.0,0.0,536.9175,1075.5075000000002,0.0,149.67249999999999,23.335,2563.35,-1792.1,536.9,-1075.5,-126.35000000000001,1450.375,12.88,14.51,15.0825,15.1375,88.25,88.5,88.5,88.75,16.925,5.9,1026.025,1.280925,0.0,0.0,0.0,0.0,97.25,3.5999999999999996,-1.0,0.15,78.0,1024.975,16.0,97.5,24.0,75.0,10.0,0.0,0.0,0.0,2342937.125,3298286.625,28.62,12.19,-0.9659258262890684,0.2588190451025203,0.7818314824680298,0.6234898018587336,-2.4492935982947064e-16,1.0,82.52,89.255,126.1975,78.78041666666667,10.048969925219955,69.93
2025-12-23 20:00:00+00:00,69.93,21.0,1.0,12.0,False,False,True,True,False,14049.2415,11204.09084375,4.687333333333333,-11.511666666666667,0.0,1627.6383349999999,1259.35475,0.0,0.0,535.535,1074.3325,0.0,0.0,555.75,1627.65,-1259.4,535.525,-1074.325,555.725,1329.75,12.7725,14.35,14.9,14.95,88.25,88.5,88.25,88.75,16.775000000000002,5.925,1026.85,1.281825,0.0,0.0,0.0,0.0,75.0,3.5,-1.0,-0.15,77.5,1025.8000000000002,16.0,92.5,24.0,77.5,10.0,0.0,0.0,0.0,2704709.5,3699011.5,28.62,12.19,-0.8660254037844386,0.5000000000000001,0.7818314824680298,0.6234898018587336,-2.4492935982947064e-16,1.0,78.005,84.89750000000001,116.66250000000001,78.15677083333333,10.1170498975732,71.41
2025-12-23 21:00:00+00:00,71.41,22.0,1.0,12.0,False,False,True,True,False,13530.747749999999,10819.932812500001,6.498916666666667,79.54166666666667,0.0,1278.02833,1384.32225,0.0,0.0,495.41499999999996,1073.1975,0.0,29.6975,224.4375,1278.025,-1384.3,495.4,-1073.2,194.725,548.925,12.495,14.030000000000001,14.567499999999999,14.575,87.75,88.25,88.25,88.25,16.5,5.9,1027.725,1.28305,0.0,0.0,0.0,0.0,70.0,3.45,-1.0,-0.5,75.5,1026.745,16.0,82.5,23.0,75.0,10.0,0.0,0.0,0.0,3066481.875,4099736.375,28.62,12.19,-0.7071067811865477,0.7071067811865474,0.7818314824680298,0.6234898018587336,-2.4492935982947064e-16,1.0,69.93,84.8,112.27,77.59885416666667,10.103968198596364,63.895
2025-12-23 22:00:00+00:00,63.895,23.0,1.0,12.0,False,False,True,True,False,13132.967,10435.77478125,3.9902500000000005,-16.253333333333334,0.0,1719.880835,978.02975,0.0,76.485,100.7725,1071.415,0.0,631.7075,0.0,1719.85,-978.0,24.27499999999999,-1071.4,-631.7,-203.45,12.47,13.9525,14.4925,14.5475,85.25,85.75,85.75,85.75,16.375,5.8,1028.375,1.2843,0.0,0.0,0.0,0.0,98.75,3.0999999999999996,-2.0,-1.2000000000000002,73.5,1027.55,16.0,68.5,23.5,70.0,10.0,0.0,0.0,0.0,3428254.25,4500461.25,28.62,12.19,-0.5000000000000004,0.8660254037844384,0.7818314824680298,0.6234898018587336,-2.4492935982947064e-16,1.0,71.41,78.2875,101.03,76.99916666666667,10.481379702644984,58.667500000000004
2025-12-23 23:00:00+00:00,58.667500000000004,0.0,2.0,12.0,False,False,True,True,False,12614.496000000001,10051.616750000001,7.627833333333333,101.97,96.3741675,1469.2691625,748.86475,0.0,165.54000000000002,0.0,1037.0925,0.0,544.06,0.0,1372.9,-748.9,-331.1,-1037.05,-544.05,-561.025,12.05,13.364999999999998,13.895,13.907499999999999,85.5,85.75,85.75,85.75,16.275,5.475,1029.025,1.286625,0.0,0.0,0.0,0.0,75.75,2.5,-2.5,-1.75,73.5,1028.125,16.0,41.0,23.5,70.0,2.5,0.0,0.0,0.0,3790026.625,4901186.125,28.62,12.19,-0.25881904510252157,0.9659258262890681,0.7818314824680298,0.6234898018587336,-2.4492935982947064e-16,1.0,63.895,79.6275,87.35,76.12583333333333,11.107383307929862,53.120000000000005
2025-12-24 00:00:00+00:00,53.120000000000005,1.0,2.0,12.0,False,False,True,True,False,12276.57625,9979.899000000001,4.444,14.673333333333334,458.7283275,960.80975,348.0405,0.0,359.225,0.0,848.4225,0.0,41.9375,5.617500000000001,502.1,-348.0,-359.225,-848.4,-36.325,-828.9000000000001,12.31,13.7175,14.2625,14.29,86.25,86.0,86.0,86.0,16.049999999999997,5.125,1029.575,1.2889249999999999,0.0,0.0,0.0,0.0,56.75,1.7,-3.0,-2.3,75.0,1028.5900000000001,16.0,22.0,22.5,70.0,0.0,0.0,0.0,0.0,4151799.0,5301911.0,28.44,23.87,0.0,1.0,0.9749279121818236,-0.22252093395631434,-2.4492935982947064e-16,1.0,58.667500000000004,74.21000000000001,87.785,75.24708333333332,12.059032846311064,52.105000000000004
2025-12-24 01:00:00+00:00,52.105000000000004,2.0,2.0,12.0,False,False,True,True,False,12068.7515,9891.46075,4.765083333333333,16.991666666666667,112.14666749999999,1093.7525,566.7,0.0,160.04250000000002,0.0,764.775,0.0,550.0225,0.0,981.6,-566.7,-160.05,-764.775,-550.025,-634.925,12.28,13.6725,14.2075,14.2975,86.75,86.5,86.5,86.5,16.225,5.25,1030.05,1.28895,0.0,0.0,0.0,0.0,90.5,1.4500000000000002,-3.5,-2.6,75.0,1029.25,16.0,22.0,22.5,70.0,0.0,0.0,0.0,0.0,4156196.0,5197088.0,28.44,23.87,0.25881904510252074,0.9659258262890683,0.9749279121818236,-0.22252093395631434,-2.4492935982947064e-16,1.0,53.120000000000005,63.91,85.0,74.75520833333333,12.761842345970624,50.15
2025-12-24 02:00:00+00:00,50.15,3.0,2.0,12.0,False,False,True,True,False,11994.351999999999,9905.304250000001,2.6378333333333335,-4.913333333333333,298.0666675,1101.3225,629.491,0.0,226.46249999999998,0.0,336.6875,0.0,667.85,0.0,803.275,-629.5,-226.45,-336.70000000000005,-667.85,-585.125,12.1325,13.48,14.0325,14.0575,85.5,85.5,85.5,85.5,15.825,5.2749999999999995,1030.9,1.2898749999999999,0.0,0.0,0.0,0.0,21.5,1.2999999999999998,-4.5,-3.0,73.0,1030.0,16.0,17.0,24.0,70.0,0.0,0.0,0.0,0.0,4155428.0,5307145.0,28.44,23.87,0.49999999999999994,0.8660254037844387,0.9749279121818236,-0.22252093395631434,-2.4492935982947064e-16,1.0,52.105000000000004,59.652499999999996,82.495,74.35927083333333,13.383065781686254,49.315
2025-12-24 03:00:00+00:00,49.315,4.0,2.0,12.0,False,False,True,True,False,11995.2395,9898.404,6.762833333333333,111.67,0.0,1304.458325,701.537,0.0,275.1075,0.0,814.3299999999999,0.0,635.9925000000001,0.0,1304.4499999999998,-701.5,-275.125,-814.3,-636.0,-596.35,12.05,13.425,13.952499999999999,14.0,83.25,83.75,83.75,84.0,16.025,5.175,1031.3,1.29085,0.0,0.0,0.0,0.0,2.0,1.1,-4.5,-2.9,75.0,1030.345,16.0,12.5,23.5,67.5,0.0,0.0,0.0,0.0,4122401.0,5177170.0,28.44,23.87,0.7071067811865475,0.7071067811865476,0.9749279121818236,-0.22252093395631434,-2.4492935982947064e-16,1.0,50.15,58.2375,83.7,73.9875,13.961803834188148,49.485
2025-12-24 04:00:00+00:00,49.485,5.0,2.0,12.0,False,False,True,True,False,12262.580750000001,10198.1875,5.313166666666666,71.66000000000001,47.84333,1108.3683325,849.17375,0.0,355.33,0.0,352.78,0.0,240.78,0.0,1060.525,-849.2,-355.3,-352.775,-240.8,-100.65,12.1325,13.5025,14.067499999999999,14.055,84.0,84.25,84.25,84.25,16.2,4.75,1031.85,1.29355,0.0,0.0,0.0,0.0,1.5,0.85,-4.5,-2.85,77.0,1030.72,16.0,18.5,25.0,67.5,0.0,0.0,0.0,0.0,3984839.0,4988994.0,28.44,23.87,0.8660254037844386,0.5000000000000001,0.9749279121818236,-0.22252093395631434,-2.4492935982947064e-16,1.0,49.315,58.605,87.605,73.6075,14.511945341982878,52.9975
2025-12-24 05:00:00+00:00,52.9975,6.0,2.0,12.0,False,False,True,True,False,13160.815,10756.179250000001,4.121666666666667,3.6166666666666667,0.0,1541.12425,1237.94475,0.0,234.32999999999998,0.0,104.705,0.0,102.2775,16.19,1541.125,-1237.9,-234.325,-104.7,-86.075,806.5,12.375,13.79,14.34,14.397499999999999,82.0,82.75,82.75,83.0,16.325,4.75,1032.55,1.294375,0.0,0.0,0.0,0.0,55.25,0.75,-5.0,-2.8,77.0,1031.47,16.0,29.5,25.0,67.5,0.0,0.0,0.0,0.0,3966457.0,4858858.0,28.44,23.87,0.9659258262890683,0.25881904510252074,0.9749279121818236,-0.22252093395631434,-2.4492935982947064e-16,1.0,49.485,68.36,91.2,72.96739583333333,15.081118440374153,66.495
2025-12-24 06:00:00+00:00,66.495,7.0,2.0,12.0,False,False,True,True,False,14422.1675,11507.90925,2.5661666666666667,-30.276666666666664,0.0,2350.8123324999997,1132.02325,0.0,54.945,204.09500000000003,547.945,0.0,100.57749999999999,75.7725,2350.8,-1132.0,149.15,-547.95,-24.799999999999994,1644.2,12.72,14.1275,14.692499999999999,14.7175,79.0,79.25,79.0,79.25,16.875,4.825,1033.1,1.2947250000000001,0.0,0.0,0.0,0.0,54.75,0.75,-4.5,-2.55,79.0,1032.225,16.0,45.0,25.0,65.0,2.5,0.0,0.0,0.0,4019301.0,5118434.0,28.44,23.87,1.0,6.123233995736766e-17,0.9749279121818236,-0.22252093395631434,-2.4492935982947064e-16,1.0,52.9975,80.3475,106.3925,72.39020833333333,15.05143868460593,81.0
2025-12-24 07:00:00+00:00,81.0,8.0,2.0,12.0,False,False,True,True,False,15411.64475,12370.69125,6.439333333333334,59.22833333333333,0.0,2662.2570075,776.03125,0.0,0.0,576.5425,778.3375,0.0,157.0775,1.6075,2662.25,-776.0,576.55,-778.35,-155.45,2111.0,12.9175,14.365,14.92,14.9575,76.25,76.75,76.75,77.25,16.9,4.9,1033.75,1.2952249999999998,0.0,0.0,0.0,0.0,40.5,1.15,-4.5,-2.35,78.0,1032.85,16.0,42.0,26.0,62.5,2.5,0.0,0.0,0.0,4061942.0,5114971.0,28.44,23.87,0.9659258262890683,-0.25881904510252063,0.9749279121818236,-0.22252093395631434,-2.4492935982947064e-16,1.0,66.495,88.0,131.4925,72.09854166666666,14.801549271082331,82.47
2025-12-24 08:00:00+00:00,82.47,9.0,2.0,12.0,False,False,True,True,False,15838.033,12405.134750000001,6.318,124.09166666666667,0.0,2807.0091549999997,520.6025,0.0,0.0,585.3775,1061.9725,0.0,356.4525,0.0,2807.0,-520.6,585.375,-1061.975,-356.47499999999997,1843.825,12.7875,14.2,14.77,14.84,76.5,77.5,77.25,77.75,16.924999999999997,4.95,1034.625,1.296075,0.25,0.0,0.25,0.0,71.75,1.3,-4.5,-2.75,75.0,1033.65,16.0,35.0,27.5,65.0,2.5,0.0,0.0,658571.0,4064385.0,4853389.0,28.44,23.87,0.8660254037844387,-0.49999999999999983,0.9749279121818236,-0.22252093395631434,-2.4492935982947064e-16,1.0,81.0,92.37,123.94500000000001,71.68604166666667,14.342891246277324,74.43
2025-12-24 09:00:00+00:00,74.43,10.0,2.0,12.0,False,False,True,True,False,15687.276249999999,11150.205249999999,3.065,-11.016666666666667,0.0,1998.2216725,1176.63875,0.0,24.865,267.7475,1062.2825,0.0,258.2975,7.9075,1998.1999999999998,-1176.6,242.875,-1062.275,-250.40000000000003,634.2750000000001,12.425,13.817499999999999,14.3775,14.432500000000001,75.5,75.75,75.5,76.0,16.95,4.699999999999999,1035.375,1.298175,34.25,8.15,26.1,82.5,12.25,1.3,-4.5,-3.2,72.0,1034.5,16.0,39.0,27.5,67.5,2.5,0.0,0.0,4589687.0,4082002.0,4971681.0,28.44,23.87,0.7071067811865476,-0.7071067811865475,0.9749279121818236,-0.22252093395631434,-2.4492935982947064e-16,1.0,82.47,89.9025,120.5,71.04135416666666,13.826944709106197,62.85
2025-12-24 10:00:00+00:00,62.85,11.0,2.0,12.0,False,False,True,True,False,15260.22325,9701.42775,2.4466666666666668,-45.37833333333333,133.2766675,1183.5585025,1319.6015,0.0,83.5525,0.0,1062.64,0.0,346.0775,0.0,1050.25,-1319.6,-111.43333333333334,-1062.65,-346.05,-771.875,12.5825,13.995,14.585,14.677499999999998,75.0,75.25,75.25,75.25,16.700000000000003,4.8,1035.775,1.2982,125.75,58.45,67.3,361.625,52.25,1.65,-4.0,-3.5500000000000003,68.5,1034.85,16.0,38.5,29.0,70.0,0.0,0.0,0.0,7699132.0,4117858.0,5638064.0,28.44,23.87,0.49999999999999994,-0.8660254037844387,0.9749279121818236,-0.22252093395631434,-2.4492935982947064e-16,1.0,74.43,82.5,114.0225,70.22260416666667,13.70012770646545,61.2425
2025-12-24 11:00:00+00:00,61.2425,12.0,2.0,12.0,False,False,True,True,False,14940.8735,8774.419750000001,2.033333333333333,-41.056666666666665,594.179165,1110.735,1257.68825,0.0,270.7125,0.0,1066.38,0.0,695.165,0.0,516.55,-1257.7,-270.7,-1066.375,-695.15,-1830.125,12.5,13.9125,14.482499999999998,14.555,71.75,71.5,71.5,71.75,16.5,4.7749999999999995,1035.675,1.2982,168.0,81.375,86.625,368.95,40.75,2.0,-3.5,-4.050000000000001,64.5,1034.635,16.0,41.5,29.0,67.5,2.5,0.0,0.0,8862164.0,4101631.0,6083345.0,28.44,23.87,0.258819045102521,-0.9659258262890682,0.9749279121818236,-0.22252093395631434,-2.4492935982947064e-16,1.0,62.85,81.4875,108.2125,69.3790625,13.599260486058242,60.6425
2025-12-24 12:00:00+00:00,60.6425,13.0,2.0,12.0,False,False,True,True,False,14921.51025,8854.794,-0.022000000000000006,-78.765,562.17665,1230.2125,713.48025,0.0,356.78,0.0,1066.4975,0.0,694.54,0.0,668.025,-713.5,-356.77500000000003,-1066.5,-694.55,-1628.125,12.1,13.3775,13.915,13.98,70.75,70.25,70.25,70.25,16.225,4.8,1035.275,1.2976,186.0,88.45,97.55,361.775,40.0,2.3,-3.0,-4.1,63.0,1034.1950000000002,16.0,36.5,27.5,65.0,2.5,0.0,0.0,8870222.0,4102791.0,6472971.0,28.44,23.87,1.2246467991473532e-16,-1.0,0.9749279121818236,-0.22252093395631434,-2.4492935982947064e-16,1.0,61.2425,79.8125,116.92750000000001,68.5803125,13.522567677141877,65.825
2025-12-24 13:00:00+00:00,65.825,14.0,2.0,12.0,False,False,True,True,False,15106.4305,9324.266,6.968333333333334,81.07166666666667,334.761675,1204.3025,563.3455,0.0,311.615,0.0,1066.71,0.0,629.2125,0.0,869.55,-563.3,-311.625,-1066.7,-629.2,-1278.85,11.95,13.2325,13.74,13.8225,68.75,68.75,68.5,68.5,15.75,4.8,1035.05,1.2973,179.0,93.1,85.9,404.525,28.75,2.3,-3.0,-3.8499999999999996,64.5,1033.92,16.0,27.5,26.0,60.0,2.5,0.0,0.0,7524912.0,4068601.0,6588461.0,28.44,23.87,-0.2588190451025208,-0.9659258262890683,0.9749279121818236,-0.22252093395631434,-2.4492935982947064e-16,1.0,60.6425,79.85249999999999,122.95500000000001,67.99583333333334,13.315742556044041,75.8125
2025-12-24 14:00:00+00:00,75.8125,15.0,2.0,12.0,False,False,True,True,False,15460.088749999999,10869.92875,6.3985,74.09666666666666,0.0,1804.30916,130.08925,0.0,16.0925,294.84749999999997,1067.5875,0.0,619.01,0.0,1804.3,-130.1,278.75,-1067.6,-619.0,363.95,12.055,13.375,13.905000000000001,13.997499999999999,65.0,65.25,65.25,65.25,15.774999999999999,5.05,1035.075,1.296175,130.5,63.375,67.125,352.625,32.5,2.1500000000000004,-3.5,-4.0,64.0,1033.87,16.0,9.0,25.5,52.5,0.0,0.0,0.0,5158753.0,4073044.0,6413555.0,28.44,23.87,-0.4999999999999998,-0.8660254037844388,0.9749279121818236,-0.22252093395631434,-2.4492935982947064e-16,1.0,65.825,82.48750000000001,121.2775,67.71770833333333,13.067288043145675,86.1625
2025-12-24 15:00:00+00:00,86.1625,16.0,2.0,12.0,False,False,True,True,False,15853.27375,12260.739,4.462999999999999,13.725,0.0,2660.6816550000003,162.61625,0.0,0.0,587.2574999999999,1078.9125,0.0,323.44,6.42,2660.675,-162.6,587.225,-1078.9,-317.025,1811.35,12.335,13.7075,14.247499999999999,14.3075,61.75,62.0,62.0,62.0,15.85,5.2,1035.1,1.2955,58.0,21.725,36.275,196.9,36.5,1.9000000000000001,-3.5,-4.3,64.0,1033.92,16.0,2.5,22.5,52.5,0.0,0.0,0.0,447105.0,4065128.0,5690501.0,28.44,23.87,-0.7071067811865471,-0.7071067811865479,0.9749279121818236,-0.22252093395631434,-2.4492935982947064e-16,1.0,75.8125,89.0,123.42999999999999,67.59947916666667,12.877822716727458,89.1225
2025-12-24 16:00:00+00:00,89.1225,17.0,2.0,12.0,False,False,True,True,False,16365.701,11798.167,3.0758333333333336,20.416666666666668,0.0,2767.4366725,521.38575,0.0,0.0,614.9175,1072.965,0.0,131.64,83.3425,2767.45,-521.4,614.9,-1072.975,-48.27499999999999,2130.75,12.8725,14.3875,14.95,15.02,61.25,61.25,61.25,61.5,16.7,5.275,1035.125,1.295175,3.75,0.75,3.0,11.85,33.0,1.3,-4.0,-3.3,71.5,1033.835,16.0,2.5,24.0,52.5,0.0,0.0,0.0,0.0,1339712.0,1748510.0,28.44,23.87,-0.8660254037844384,-0.5000000000000004,0.9749279121818236,-0.22252093395631434,-2.4492935982947064e-16,1.0,86.1625,89.9,116.455,67.56708333333333,12.820132470375361,78.9075
2025-12-24 17:00:00+00:00,78.9075,18.0,2.0,12.0,False,False,True,True,False,15770.668,11335.595,1.85,-59.751666666666665,0.0,2224.275835,960.156,0.0,0.0,608.9975,1071.3274999999999,0.0,0.0,259.38,2224.275,-960.2,609.0,-1071.3,259.4,1781.3,13.215,14.772499999999999,15.375,15.440000000000001,61.0,61.5,61.75,61.75,17.15,5.175,1035.0749999999998,1.295625,0.0,0.0,0.0,0.0,20.0,0.75,-5.0,-3.75,71.5,1033.9,16.0,0.0,25.0,52.5,0.0,0.0,0.0,0.0,1689947.625,2310374.75,28.44,23.87,-0.9659258262890683,-0.25881904510252063,0.9749279121818236,-0.22252093395631434,-2.4492935982947064e-16,1.0,89.1225,83.9575,102.0625,67.35666666666667,12.57858775568775,71.77250000000001
2025-12-24 18:00:00+00:00,71.77250000000001,19.0,2.0,12.0,False,False,True,True,False,15324.82575,10873.023,2.2798333333333334,-3.246666666666667,0.0,1698.8275025,1135.25125,0.0,0.0,472.9525,1070.1125,0.0,0.0,339.815,1698.8249999999998,-1135.3,472.95,-1070.1,339.825,1157.625,13.405,15.0825,15.6625,15.745000000000001,62.25,62.75,62.75,62.75,17.35,5.2,1035.15,1.295575,0.0,0.0,0.0,0.0,19.75,0.5,-5.0,-3.95,72.5,1033.995,16.0,0.0,26.5,57.5,0.0,0.0,0.0,0.0,2040183.25,2872239.5,28.44,23.87,-1.0,-1.8369701987210297e-16,0.9749279121818236,-0.22252093395631434,-2.4492935982947064e-16,1.0,78.9075,82.52,89.1725,66.90885416666667,12.200926639327205,68.1575
2025-12-24 19:00:00+00:00,68.1575,20.0,2.0,12.0,False,False,True,True,False,14976.92425,10410.451000000001,3.496166666666667,12.921666666666665,0.0,1427.2658325,953.49375,0.0,0.0,407.305,1068.945,0.0,142.405,18.045,1427.25,-953.5,407.325,-1068.975,-124.35,402.9,13.7,15.42,16.02,16.14,66.25,66.25,66.25,66.5,17.825,5.125,1035.275,1.2961,0.0,0.0,0.0,0.0,21.25,0.20000000000000007,-5.5,-4.15,73.0,1034.08,16.0,0.0,26.5,60.0,0.0,0.0,0.0,0.0,2390418.875,3434104.25,28.44,23.87,-0.9659258262890684,0.2588190451025203,0.9749279121818236,-0.22252093395631434,-2.4492935982947064e-16,1.0,71.77250000000001,78.005,84.9,66.49854166666667,11.975035919812452,65.1
2025-12-24 20:00:00+00:00,65.1,21.0,2.0,12.0,False,False,True,True,False,14480.63475,9947.879,2.8766666666666665,50.02333333333333,74.23,1246.4491675,453.09075,0.0,0.0,139.0275,1067.835,0.0,644.0699999999999,0.0,1172.225,-453.1,139.0,-1067.8249999999998,-644.075,-513.925,13.41,15.120000000000001,15.71,15.834999999999999,69.25,69.25,69.25,69.25,17.825,4.925,1035.25,1.296975,0.0,0.0,0.0,0.0,0.0,-0.15000000000000002,-6.5,-4.8,71.0,1034.12,16.0,0.0,26.5,62.5,0.0,0.0,0.0,0.0,2740654.5,3995969.0,28.44,23.87,-0.8660254037844386,0.5000000000000001,0.9749279121818236,-0.22252093395631434,-2.4492935982947064e-16,1.0,68.1575,69.93,88.855,66.29729166666667,11.955430158752065,67.2
2025-12-24 21:00:00+00:00,67.2,22.0,2.0,12.0,False,False,True,True,False,13611.6845,9485.307,4.948333333333333,163.32833333333335,347.83167,940.08075,498.0705,0.0,0.0,161.42000000000002,1067.2575,0.0,575.1949999999999,0.0,592.25,-498.1,215.23333333333335,-1067.25,-575.175,-1013.3000000000001,13.325,14.982499999999998,15.6025,15.7775,69.0,69.5,69.5,69.25,17.700000000000003,4.775,1035.175,1.297575,0.0,0.0,0.0,0.0,0.0,-0.29999999999999993,-6.5,-5.5,68.0,1034.29,16.0,0.0,27.5,60.0,0.0,0.0,0.0,0.0,3090890.125,4557833.75,28.44,23.87,-0.7071067811865477,0.7071067811865474,0.9749279121818236,-0.22252093395631434,-2.4492935982947064e-16,1.0,65.1,71.41,80.7425,66.121875,11.907943509025044,62.0675
2025-12-24 22:00:00+00:00,62.0675,23.0,2.0,12.0,False,False,True,True,False,12881.43325,9022.735,3.6991666666666663,-8.681666666666667,285.21916,950.183,378.406,0.0,76.41,0.0,1065.4375,0.0,686.13,0.0,664.95,-378.4,-152.85,-1065.4250000000002,-686.125,-1257.625,13.685,15.445,16.052500000000002,16.1725,70.0,70.25,70.25,70.5,17.9,4.65,1035.1,1.29805,0.0,0.0,0.0,0.0,0.0,-0.8,-7.5,-6.45,66.0,1034.31,16.0,0.0,28.5,62.5,0.0,0.0,0.0,0.0,3441125.75,5119698.5,28.44,23.87,-0.5000000000000004,0.8660254037844384,0.9749279121818236,-0.22252093395631434,-2.4492935982947064e-16,1.0,67.2,63.895,76.6025,66.04572916666667,11.92862752408021,58.1925
2025-12-24 23:00:00+00:00,58.1925,0.0,3.0,12.0,False,True,False,True,False,12628.12775,8560.163,7.0649999999999995,203.14833333333334,777.0499875,1054.16075,445.224,0.0,138.065,0.0,1053.7775000000001,0.0,672.29,0.0,277.125,-445.2,-138.05,-1053.775,-672.3,-1698.3,13.6275,15.425,16.0425,16.2975,70.25,70.25,70.25,70.75,17.95,4.574999999999999,1034.725,1.297925,0.0,0.0,0.0,0.0,0.0,-1.35,-8.0,-7.300000000000001,64.0,1034.245,16.0,0.0,28.5,62.5,0.0,0.0,0.0,0.0,3791361.375,5681563.25,28.44,23.87,-0.25881904510252157,0.9659258262890681,0.9749279121818236,-0.22252093395631434,-2.4492935982947064e-16,1.0,62.0675,58.667500000000004,71.6975,66.0259375,11.94178833314974,52.49
2025-12-25 00:00:00+00:00,52.49,1.0,3.0,12.0,False,True,False,True,False,12170.764,9114.69625,7.585,177.45833333333334,1282.6874925,1139.0375,398.85275,0.0,204.5075,0.0,1062.05,0.0,615.585,0.0,-143.625,-398.9,-204.525,-1062.05,-615.6,-2125.525,13.7725,15.7325,16.4,16.6675,68.75,69.0,69.0,69.75,18.175,4.55,1034.15,1.29735,0.0,0.0,0.0,0.0,0.25,-1.9500000000000002,-8.5,-8.1,63.0,1033.865,16.0,0.0,26.5,65.0,0.0,0.0,0.0,0.0,4141597.0,6243428.0,28.44,23.87,0.0,1.0,0.43388373911755823,-0.900968867902419,-2.4492935982947064e-16,1.0,58.1925,53.120000000000005,64.8575,65.99968750000001,11.972045231190211,52.4225
2025-12-25 01:00:00+00:00,52.4225,2.0,3.0,12.0,False,True,False,True,False,11941.72525,7790.4400000000005,6.409166666666667,86.325,1699.0783350000002,983.9115,34.31025,0.0,208.20499999999998,0.0,1048.9575,0.0,554.115,0.0,-715.175,-34.3,-208.2,-1048.975,-554.15,-2535.0,14.184999999999999,16.095,16.740000000000002,16.9575,70.75,71.0,71.0,71.5,18.475,4.725,1034.0,1.2963500000000001,0.0,0.0,0.0,0.0,0.5,-2.25,-9.0,-8.55,62.5,1033.71,16.0,0.0,26.5,65.0,0.0,0.0,0.0,0.0,4138087.0,6062281.0,28.44,23.87,0.25881904510252074,0.9659258262890683,0.43388373911755823,-0.900968867902419,-2.4492935982947064e-16,1.0,52.49,52.105000000000004,54.575,66.01291666666667,11.956188902811439,49.505
2025-12-25 02:00:00+00:00,49.505,3.0,3.0,12.0,False,True,False,True,False,11822.8405,8210.290500000001,4.7375,9.983333333333333,1966.9024875,948.22225,28.79375,4.0575,95.58500000000001,0.0,742.5125,0.0,583.7275,0.0,-1018.675,-24.7,-95.6,-742.525,-583.725,-2446.7,13.7325,15.465,16.075,16.2175,71.5,72.0,72.0,72.25,17.825,4.075,1034.05,1.29945,0.0,0.0,0.0,0.0,0.0,-2.55,-9.0,-8.75,63.5,1033.665,16.0,0.0,26.5,62.5,0.0,0.0,0.0,0.0,4101920.0,5981388.0,28.44,23.87,0.49999999999999994,0.8660254037844387,0.43388373911755823,-0.900968867902419,-2.4492935982947064e-16,1.0,52.4225,50.15,42.5375,65.98604166666667,11.99406062066149,48.0525
2025-12-25 03:00:00+00:00,48.0525,4.0,3.0,12.0,False,True,False,True,False,11887.52375,8363.5725,6.1,36.05333333333333,2135.9510375,925.4845,98.9415,0.0,0.0,0.0,576.7825,0.0,650.7,0.0,-1210.475,-98.9,-95.1,-576.775,-650.7,-2462.7,13.5375,15.2475,15.879999999999999,16.075,72.25,72.25,72.25,72.5,17.75,4.0,1033.825,1.299525,0.0,0.0,0.0,0.0,0.0,-2.9,-10.0,-9.0,63.0,1033.495,16.0,0.0,26.5,62.5,0.0,0.0,0.0,0.0,4094846.0,6075892.0,28.44,23.87,0.7071067811865475,0.7071067811865476,0.43388373911755823,-0.900968867902419,-2.4492935982947064e-16,1.0,49.505,49.315,36.845,65.9334375,12.072865996786344,46.8925
2025-12-25 04:00:00+00:00,46.8925,5.0,3.0,12.0,False,True,False,True,False,12130.24525,8801.168,5.325333333333333,16.111666666666668,2125.6324875,861.053,83.72075,0.0,0.0,0.0,462.19,0.0,447.71500000000003,0.0,-1264.575,-83.7,-94.6,-462.20000000000005,-447.7,-2195.425,13.845,15.6225,16.2425,16.427500000000002,70.25,70.75,70.75,70.75,18.0,4.125,1033.8,1.298925,0.0,0.0,0.0,0.0,0.0,-3.1500000000000004,-10.0,-9.25,63.0,1033.21,16.0,0.0,26.5,60.0,0.0,0.0,0.0,0.0,4110236.0,5906943.0,28.44,23.87,0.8660254037844386,0.5000000000000001,0.43388373911755823,-0.900968867902419,-2.4492935982947064e-16,1.0,48.0525,49.485,44.47,65.82541666666667,12.236919028858603,45.0
2025-12-25 05:00:00+00:00,45.0,6.0,3.0,12.0,False,True,False,True,False,13193.36275,8783.7305,5.3101666666666665,17.305,1415.4216825,1108.915,660.64525,0.0,23.535,0.0,466.38,0.0,543.6175,0.0,-306.5,-660.6,-94.1,-466.375,-543.575,-1505.2,13.7,15.434999999999999,16.04,16.2075,73.5,73.5,73.5,74.25,17.725,3.9749999999999996,1033.875,1.299725,0.0,0.0,0.0,0.0,0.0,-3.1500000000000004,-10.0,-9.350000000000001,62.5,1033.335,16.0,0.0,26.5,60.0,0.0,0.0,0.0,0.0,4105669.0,5920604.0,28.44,23.87,0.9659258262890683,0.25881904510252074,0.43388373911755823,-0.900968867902419,-2.4492935982947064e-16,1.0,46.8925,52.9975,57.9925,65.49218750000001,12.701502549606648,50.85
2025-12-25 06:00:00+00:00,50.85,7.0,3.0,12.0,False,True,False,True,False,14730.124,9175.08925,5.511833333333334,76.53999999999999,1004.7133375,1121.6825,783.97275,0.0,67.4675,0.0,438.1725,0.0,400.115,0.0,116.94999999999999,-784.0,-134.95,-438.175,-400.125,-984.775,13.4625,15.225,15.825,16.025,74.75,75.25,75.25,76.0,17.6,3.825,1033.7,1.3001999999999998,0.0,0.0,0.0,0.0,0.0,-3.25,-10.0,-9.6,61.5,1033.5749999999998,16.0,0.0,26.5,62.5,0.0,0.0,0.0,0.0,4049872.0,5960981.0,28.44,23.87,1.0,6.123233995736766e-17,0.43388373911755823,-0.900968867902419,-2.4492935982947064e-16,1.0,45.0,66.495,79.35,64.8403125,13.044634544027256,60.652499999999996
2025-12-25 07:00:00+00:00,60.652499999999996,8.0,3.0,12.0,False,True,False,True,False,15801.814,9842.36025,8.433333333333334,235.15833333333333,799.6383275000001,970.2435,985.297,0.0,0.0,0.0,227.3375,0.0,64.95,3.8175,170.6,-985.3,-88.52499999999999,-227.325,-61.125,-364.17499999999995,13.3125,15.0225,15.6175,15.765,73.25,73.75,73.75,74.5,17.475,4.0,1033.825,1.299525,0.0,0.0,0.0,0.0,0.0,-3.2,-10.0,-9.65,61.5,1033.5349999999999,16.0,0.0,25.5,65.0,0.0,0.0,0.0,0.0,4103645.0,5776637.0,28.44,23.87,0.9659258262890683,-0.25881904510252063,0.43388373911755823,-0.900968867902419,-2.4492935982947064e-16,1.0,50.85,81.0,88.3725,63.9925,12.602430213360018,63.745
2025-12-25 08:00:00+00:00,63.745,9.0,3.0,12.0,False,True,False,True,False,16182.549500000001,9797.57675,9.448333333333332,267.95,667.454165,1065.7424999999998,520.16425,0.0,10.53,0.0,1000.1625,0.0,550.98,0.0,398.275,-520.2,-42.1,-1000.15,-550.975,-1293.45,13.26,14.899999999999999,15.5125,15.665,74.0,74.75,74.75,75.75,17.45,3.75,1033.8,1.300675,0.25,0.0,0.25,0.0,0.0,-3.0,-10.0,-9.8,60.0,1033.635,16.0,0.0,24.0,67.5,0.0,0.0,0.0,731650.0,4128827.0,5852879.0,28.44,23.87,0.8660254037844387,-0.49999999999999983,0.43388373911755823,-0.900968867902419,-2.4492935982947064e-16,1.0,60.652499999999996,82.47,91.61500000000001,63.212291666666665,11.972654597326551,50.58
2025-12-25 09:00:00+00:00,50.58,10.0,3.0,12.0,False,True,False,True,False,16024.95025,8536.73725,5.9375,21.026666666666664,1388.030005,825.2515000000001,532.3185,0.0,345.18,0.0,1059.5925,0.0,634.1975,0.0,-562.7750000000001,-532.3,-345.175,-1059.6,-634.175,-2734.825,13.2025,14.795,15.405000000000001,15.5625,76.75,77.0,77.0,78.0,17.35,3.325,1033.925,1.3028,51.0,16.974999999999998,34.025,175.27499999999998,0.0,-2.95,-9.5,-9.65,60.0,1033.795,16.0,0.0,22.5,65.0,0.0,0.0,0.0,5075045.0,4143646.0,5920972.0,28.44,23.87,0.7071067811865476,-0.7071067811865475,0.43388373911755823,-0.900968867902419,-2.4492935982947064e-16,1.0,63.745,74.43,94.0,62.21854166666666,11.990865022026123,44.54
2025-12-25 10:00:00+00:00,44.54,11.0,3.0,12.0,False,True,False,True,False,15452.054250000001,7265.58,4.3021666666666665,-33.84,2274.5316475,533.866,856.39425,0.0,297.9975,0.0,1064.69,0.0,695.4575,0.0,-1740.65,-856.4,-298.0,-1064.675,-695.45,-4012.8999999999996,13.075,14.59,15.175,15.31,71.5,71.75,71.75,72.75,17.125,3.5,1033.925,1.302025,144.25,68.2,76.05,423.375,0.0,-2.35,-8.5,-9.35,59.5,1033.75,16.0,0.0,22.5,62.5,0.0,0.0,0.0,8381240.0,4116406.0,6071354.0,28.44,23.87,0.49999999999999994,-0.8660254037844387,0.43388373911755823,-0.900968867902419,-2.4492935982947064e-16,1.0,50.58,62.85,94.945,61.455625,12.51976264382072,44.9675
2025-12-25 11:00:00+00:00,44.9675,12.0,3.0,12.0,False,True,False,True,False,15119.793749999999,6562.87225,4.432166666666666,-19.1,2794.84668,649.11075,756.0665,0.0,296.23,0.0,1081.255,0.0,682.22,0.0,-2145.75,-756.1,-296.25,-1081.25,-682.225,-4394.45,12.602500000000001,14.035,14.592500000000001,14.695,71.75,71.75,71.75,72.5,16.25,3.3,1033.575,1.302475,209.25,112.3,96.95,506.05,0.0,-1.85,-8.0,-9.3,57.0,1033.37,16.0,0.0,23.0,60.0,0.0,0.5,0.0,9614700.0,4112584.0,6126032.0,28.44,23.87,0.258819045102521,-0.9659258262890682,0.43388373911755823,-0.900968867902419,-2.4492935982947064e-16,1.0,44.54,61.2425,86.28,60.777499999999996,12.96466579743305,44.19
2025-12-25 12:00:00+00:00,44.19,13.0,3.0,12.0,False,True,False,True,False,14811.67525,7544.0199999999995,6.19625,74.50666666666666,2472.63667,594.9200000000001,674.49125,0.0,209.9525,0.0,1079.0025,0.0,606.255,0.0,-1877.7,-674.5,-209.95,-1079.025,-606.25,-3941.55,12.24,13.41,13.9175,13.9125,73.5,73.5,73.5,74.25,15.95,3.175,1033.025,1.302375,238.75,134.1,104.65,544.225,0.0,-1.2000000000000002,-7.0,-9.15,55.0,1032.74,16.0,0.0,23.0,57.5,0.0,0.5,0.0,9427247.0,4125972.0,6168173.0,28.44,23.87,1.2246467991473532e-16,-1.0,0.43388373911755823,-0.900968867902419,-2.4492935982947064e-16,1.0,44.9675,60.6425,87.62,60.09197916666667,13.399784654725803,61.6475
2025-12-25 13:00:00+00:00,61.6475,14.0,3.0,12.0,False,True,False,True,False,14935.0045,8385.18,9.068333333333333,145.085,2228.6949825,694.7825,747.0235,0.0,40.42,101.81,1052.0225,0.0,668.905,0.0,-1533.925,-747.0,61.375,-1052.05,-668.9,-3380.2,12.2075,13.469999999999999,14.015,14.05,71.25,71.25,71.25,71.75,15.925,3.675,1032.4,1.29925,221.25,121.125,100.125,520.775,0.0,-0.9500000000000001,-7.0,-9.149999999999999,54.0,1031.945,16.0,0.0,21.5,57.5,0.0,0.0,0.0,7445607.0,4116513.0,6165477.0,28.44,23.87,-0.2588190451025208,-0.9659258262890683,0.43388373911755823,-0.900968867902419,-2.4492935982947064e-16,1.0,44.19,65.825,93.185,59.91791666666666,13.349112058621087,83.0025
2025-12-25 14:00:00+00:00,83.0025,15.0,3.0,12.0,False,True,False,True,False,15515.305,9922.496500000001,9.548333333333334,160.47666666666666,2486.9225,642.4585,939.64375,0.0,0.0,619.0274999999999,756.9575,0.0,641.2275,0.0,-1844.475,-939.6,619.025,-756.975,-641.25,-2858.525,11.899999999999999,13.174999999999999,13.7,13.725,77.0,77.25,77.25,77.75,15.925,4.0,1032.075,1.29735,162.5,79.825,82.675,439.35,0.0,-0.8500000000000001,-6.5,-8.8,55.5,1031.6399999999999,16.0,0.0,21.0,52.5,0.0,0.0,0.0,5242178.0,4099934.0,5838419.0,28.44,23.87,-0.4999999999999998,-0.8660254037844388,0.43388373911755823,-0.900968867902419,-2.4492935982947064e-16,1.0,61.6475,75.8125,98.445,60.2175,13.794577443612612,88.845
2025-12-25 15:00:00+00:00,88.845,16.0,3.0,12.0,False,True,False,True,False,16456.269,11117.821666666665,7.229166666666667,20.373333333333335,2245.0791600000002,873.075,1543.21775,0.0,0.0,622.55,519.435,0.0,456.975,0.0,-1372.0,-1543.2,622.525,-519.425,-456.975,-2111.7,12.0325,13.375,13.8875,13.98,73.75,74.0,74.0,74.75,15.6,4.1,1031.825,1.296525,76.0,28.65,47.35,258.975,0.0,-0.8,-7.0,-9.35,53.0,1031.4099999999999,16.0,0.0,25.0,62.5,0.0,0.0,0.0,383493.0,4082319.0,5327927.0,28.44,23.87,-0.7071067811865471,-0.7071067811865479,0.43388373911755823,-0.900968867902419,-2.4492935982947064e-16,1.0,83.0025,86.1625,94.5275,60.32927083333334,14.022915009694385,93.745
2025-12-25 16:00:00+00:00,93.745,17.0,3.0,12.0,False,True,False,True,False,16794.155,11055.293864583331,6.464333333333333,-2.1166666666666667,2445.7324925000003,834.2205,2115.21375,0.0,0.0,622.67,0.0,208.69,355.31,48.9725,-1611.5,-2115.2,622.65,208.7,-306.32500000000005,-1615.275,11.91,13.24,13.760000000000002,13.84,76.5,77.25,77.25,77.75,15.65,4.15,1031.525,1.295925,5.75,0.3,5.45,4.975,0.0,-1.3,-7.0,-7.699999999999999,62.0,1030.8,16.0,0.0,21.5,70.0,0.0,0.0,0.0,0.0,1192822.0,1641458.0,28.44,23.87,-0.8660254037844384,-0.5000000000000004,0.43388373911755823,-0.900968867902419,-2.4492935982947064e-16,1.0,88.845,89.1225,91.315,60.521875,14.460500834168913,94.265
2025-12-25 17:00:00+00:00,94.265,18.0,3.0,12.0,False,True,False,True,False,16268.63125,10992.766062499999,7.3950000000000005,26.19333333333333,3303.39498,714.29025,1874.918,0.0,0.0,622.18,0.0,100.5375,179.66250000000002,0.7125,-2589.125,-1874.9,622.2,100.525,-178.925,-2514.1,11.9625,13.29,13.8125,13.8875,80.75,81.0,81.0,82.0,15.45,4.1,1031.5,1.296125,0.0,0.0,0.0,0.0,0.0,-1.65,-7.5,-8.05,62.5,1030.8,16.0,0.0,21.5,72.5,0.0,0.0,0.0,0.0,1406529.25,1809606.875,28.44,23.87,-0.9659258262890683,-0.25881904510252063,0.43388373911755823,-0.900968867902419,-2.4492935982947064e-16,1.0,93.745,78.9075,82.0525,61.16177083333334,15.604040751049602,92.1375
2025-12-25 18:00:00+00:00,92.1375,19.0,3.0,12.0,False,True,False,True,False,15694.85975,10930.238260416665,7.539333333333333,16.448333333333334,4006.890835,367.82050000000004,1786.07725,0.0,0.0,622.305,0.0,92.17,0.0,262.465,-3639.075,-1786.1,622.3,92.175,262.45,-3108.65,12.0775,13.4,13.93,14.0275,82.25,83.0,83.0,83.75,15.7,4.05,1031.575,1.29645,0.0,0.0,0.0,0.0,0.0,-1.7999999999999998,-7.5,-8.35,62.0,1030.885,16.0,0.0,21.0,72.5,0.0,0.0,0.0,0.0,1620236.5,1977755.75,28.44,23.87,-1.0,-1.8369701987210297e-16,0.43388373911755823,-0.900968867902419,-2.4492935982947064e-16,1.0,94.265,71.77250000000001,81.5,62.0103125,16.719953832116225,91.19
2025-12-25 19:00:00+00:00,91.19,20.0,3.0,12.0,False,True,False,True,False,15313.575,10867.710458333331,6.572500000000001,14.043333333333333,3370.1358425,195.95850000000002,2232.76275,0.0,0.0,622.4875,96.60499999999999,0.0,0.0,369.51,-3174.175,-2232.8,622.475,-96.6,369.5,-2836.975,11.58,12.82,13.3225,13.3625,84.25,84.75,84.75,85.25,15.5,3.7750000000000004,1031.775,1.298025,0.0,0.0,0.0,0.0,0.0,-2.05,-8.0,-8.25,62.5,1031.23,16.0,0.0,21.5,70.0,0.0,0.0,0.0,0.0,1833943.75,2145904.625,28.44,23.87,-0.9659258262890684,0.2588190451025203,0.43388373911755823,-0.900968867902419,-2.4492935982947064e-16,1.0,92.1375,68.1575,72.32,62.97,17.719272162768462,91.9525
2025-12-25 20:00:00+00:00,91.9525,21.0,3.0,12.0,False,True,False,True,False,14758.96,10805.18265625,6.726,8.96,2854.2533325,507.63225,2408.6655,0.0,0.0,622.4275,0.0,205.8,462.75250000000005,5.67,-2346.625,-2408.7,622.425,205.8,-457.1,-2577.65,11.21,12.379999999999999,12.8425,12.9225,84.75,85.0,85.0,86.0,14.925,3.675,1031.825,1.298525,0.0,0.0,0.0,0.0,0.5,-2.0999999999999996,-7.5,-8.65,61.5,1031.19,16.0,0.0,21.0,72.5,0.0,0.0,0.0,0.0,2047651.0,2314053.5,28.44,23.87,-0.8660254037844386,0.5000000000000001,0.43388373911755823,-0.900968867902419,-2.4492935982947064e-16,1.0,91.19,65.1,53.295,64.08885416666668,18.681279064579016,95.0475
2025-12-25 21:00:00+00:00,95.0475,22.0,3.0,12.0,False,True,False,True,False,13985.26975,10742.654854166665,8.508666666666667,41.266666666666666,2834.6791749999998,535.9427499999999,2338.19275,0.0,0.0,622.365,0.0,323.5675,473.25,0.0,-2298.725,-2338.2,622.375,323.57500000000005,-473.225,-2410.6,10.9525,12.055,12.5275,12.5925,87.75,88.0,88.0,88.25,14.45,3.6500000000000004,1032.0749999999998,1.298975,0.0,0.0,0.0,0.0,0.0,-2.05,-7.5,-8.65,61.0,1031.475,16.0,0.0,20.5,72.5,0.0,0.0,0.0,0.0,2261358.25,2482202.375,28.44,23.87,-0.7071067811865477,0.7071067811865474,0.43388373911755823,-0.900968867902419,-2.4492935982947064e-16,1.0,91.9525,67.2,49.07,65.24916666666667,19.71891723958114,90.9825
2025-12-25 22:00:00+00:00,90.9825,23.0,3.0,12.0,False,True,False,True,False,13234.438,10680.127052083333,8.162833333333333,57.72666666666667,3034.3400149999998,503.96824999999995,1732.77625,0.0,0.0,622.3025,0.0,122.6825,425.6925,0.0,-2530.4,-1732.8,622.325,122.675,-425.70000000000005,-2644.275,10.45,11.3675,11.815,11.870000000000001,87.75,88.0,88.0,88.25,14.1,3.425,1032.2,1.30015,0.0,0.0,0.0,0.0,0.0,-2.2,-8.0,-8.9,61.0,1031.55,16.0,0.0,18.5,72.5,0.0,0.0,0.0,0.0,2475065.5,2650351.25,28.44,23.87,-0.5000000000000004,0.8660254037844384,0.43388373911755823,-0.900968867902419,-2.4492935982947064e-16,1.0,95.0475,62.0675,17.837500000000002,66.45395833333333,20.388046288853932,97.1
2025-12-25 23:00:00+00:00,97.1,0.0,4.0,12.0,False,True,False,True,False,12828.508249999999,10617.59925,5.126083333333333,-13.316666666666666,2263.780825,588.315,2087.91475,0.0,0.0,622.18,0.98,0.0,622.8625,0.0,-1675.475,-2087.9,622.2,-1.0,-622.85,-2199.1,9.8575,10.5925,10.985,10.9375,85.5,85.75,85.75,86.0,12.725,3.25,1031.975,1.3007,0.0,0.0,0.0,0.0,0.75,-2.45,-8.0,-8.95,61.5,1031.35,16.0,0.0,18.5,72.5,0.0,0.0,0.0,0.0,2688772.75,2818500.125,28.44,23.87,-0.25881904510252157,0.9659258262890681,0.43388373911755823,-0.900968867902419,-2.4492935982947064e-16,1.0,90.9825,58.1925,7.585,68.07510416666666,21.231968685973456,91.0525
2025-12-26 00:00:00+00:00,91.0525,1.0,4.0,12.0,False,True,False,True,False,12377.929,10646.21575,5.2484166666666665,3.3899999999999997,1779.3475,615.2025,2159.734,0.0,0.0,622.5474999999999,259.2325,0.0,447.28499999999997,0.0,-1164.125,-2159.7,622.55,-259.225,-447.275,-1788.025,9.27,9.985,10.365,10.3775,87.75,88.0,88.0,88.5,12.25,3.325,1031.625,1.2999,0.0,0.0,0.0,0.0,0.0,-2.75,-8.0,-9.3,61.5,1031.1399999999999,16.0,0.0,16.5,75.0,0.0,0.0,0.0,0.0,2902480.0,2986649.0,28.44,23.87,0.0,1.0,-0.433883739117558,-0.9009688679024191,-2.4492935982947064e-16,1.0,97.1,52.49,4.41,69.681875,21.459186251868765,85.7025
2025-12-26 01:00:00+00:00,85.7025,2.0,4.0,12.0,False,True,False,True,False,11999.47075,10552.58225,5.259333333333333,-42.25666666666667,1527.0658375,649.77775,1753.11175,0.0,0.0,618.4300000000001,288.985,0.0,603.665,0.0,-877.3,-1753.1,618.425,-288.975,-603.675,-1589.8,8.8925,9.64,10.0075,10.025,86.5,86.25,86.25,86.75,11.675,3.4,1031.5,1.299375,0.0,0.0,0.0,0.0,0.0,-2.9,-8.0,-9.1,62.5,1031.1399999999999,16.0,0.0,16.5,70.0,0.0,0.0,0.0,0.0,3008795.0,3015446.0,28.44,23.87,0.25881904510252074,0.9659258262890683,-0.433883739117558,-0.9009688679024191,-2.4492935982947064e-16,1.0,91.0525,52.4225,4.3225,71.06854166666666,21.370489250933815,82.6575
2025-12-26 02:00:00+00:00,82.6575,3.0,4.0,12.0,False,True,False,True,False,11894.56925,10379.24,5.030500000000001,6.755,1211.351665,709.5085,1991.8935,0.0,0.0,611.1,388.76,0.0,651.0475,0.0,-501.85,-1991.9,611.075,-388.775,-651.05,-1428.55,9.1075,9.8,10.175,10.21,85.0,85.0,84.75,85.75,11.725,3.45,1031.55,1.2992249999999999,0.0,0.0,0.0,0.0,0.0,-3.0,-8.5,-8.75,65.0,1031.37,16.0,0.0,17.5,70.0,0.0,0.0,0.0,0.0,3216765.0,2656799.0,28.44,23.87,0.49999999999999994,0.8660254037844387,-0.433883739117558,-0.9009688679024191,-2.4492935982947064e-16,1.0,85.7025,49.505,2.5575,72.44989583333334,20.984022836216464,81.0
2025-12-26 03:00:00+00:00,81.0,4.0,4.0,12.0,False,True,False,True,False,11989.229500000001,10391.3315,6.262166666666667,23.959999999999997,1146.573585,752.9322500000001,2189.23775,0.0,0.0,605.405,431.0375,0.0,693.745,0.0,-393.625,-2189.2,605.4,-431.05,-693.75,-1460.3249999999998,9.0,9.7425,10.1475,10.205,83.75,84.0,83.75,84.5,11.675,3.675,1031.2,1.29775,0.0,0.0,0.0,0.0,0.0,-3.1,-8.5,-8.45,66.5,1031.135,16.0,0.0,17.5,70.0,0.0,0.0,0.0,0.0,3430575.0,2388730.0,28.44,23.87,0.7071067811865475,0.7071067811865476,-0.433883739117558,-0.9009688679024191,-2.4492935982947064e-16,1.0,82.6575,48.0525,2.86,73.82270833333334,20.38777612129642,81.505
2025-12-26 04:00:00+00:00,81.505,5.0,4.0,12.0,False,True,False,True,False,12273.93425,10580.027750000001,3.617166666666667,-17.361666666666668,1477.6824875,640.7235000000001,2323.3125,0.0,0.0,621.5799999999999,0.0,134.55,690.9749999999999,0.0,-836.925,-2323.3,621.575,134.575,-691.0,-1352.625,8.8225,9.5,9.89,9.8825,79.0,78.75,78.75,79.25,11.350000000000001,3.65,1030.95,1.29755,0.0,0.0,0.0,0.0,0.25,-3.0,-8.5,-8.25,67.5,1030.72,16.0,0.0,18.5,65.0,0.0,0.0,0.0,0.0,3403277.0,2746704.0,28.44,23.87,0.8660254037844386,0.5000000000000001,-0.433883739117558,-0.9009688679024191,-2.4492935982947064e-16,1.0,81.0,46.8925,9.1825,75.26489583333333,19.60931047552762,84.7175
2025-12-26 05:00:00+00:00,84.7175,6.0,4.0,12.0,False,True,False,True,False,13305.3275,10725.61875,5.103,6.888333333333334,1091.962505,522.31925,2408.32825,0.0,0.0,614.21,1.2925,0.0,694.25,0.0,-569.65,-2408.3,614.2,-1.275,-694.275,-1253.025,9.085,9.7825,10.18,10.195,79.5,80.25,80.25,81.25,11.675,3.55,1031.125,1.29825,0.0,0.0,0.0,0.0,0.25,-2.75,-8.5,-7.949999999999999,68.0,1030.65,16.0,0.0,19.5,65.0,0.0,0.0,0.0,0.0,3493483.0,2918917.0,28.44,23.87,0.9659258262890683,0.25881904510252074,-0.433883739117558,-0.9009688679024191,-2.4492935982947064e-16,1.0,81.505,45.0,38.7875,76.91979166666665,18.593752806600786,92.7875
2025-12-26 06:00:00+00:00,92.7875,7.0,4.0,12.0,False,True,False,True,False,14608.440999999999,11126.421,6.633333333333334,28.323333333333334,1717.700015,386.902,1897.62525,0.0,0.0,622.0625,0.0,100.5,686.495,0.0,-1330.8,-1897.6,622.075,100.5,-686.5,-1769.15,9.38,10.195,10.58,10.61,80.0,80.75,80.75,81.5,12.075,3.75,1030.9,1.297025,0.0,0.0,0.0,0.0,0.25,-2.75,-8.5,-7.75,68.5,1030.835,16.0,0.0,19.5,67.5,0.0,0.0,0.0,0.0,3406547.0,2837762.0,28.44,23.87,1.0,6.123233995736766e-17,-0.433883739117558,-0.9009688679024191,-2.4492935982947064e-16,1.0,84.7175,50.85,75.2675,78.6671875,17.998314554431914,98.11500000000001
2025-12-26 07:00:00+00:00,98.11500000000001,8.0,4.0,12.0,False,True,False,True,False,15804.58,11686.5555,8.521666666666667,130.16833333333335,1314.247495,228.935,1979.92075,0.0,0.0,622.1225,0.0,364.6975,679.405,0.0,-1085.3,-1979.9,622.125,364.675,-679.425,-1272.9,9.157499999999999,9.785,10.15,10.1925,83.75,84.25,84.25,84.5,11.85,3.7,1031.325,1.297825,0.0,0.0,0.0,0.0,1.75,-2.55,-8.0,-7.449999999999999,69.5,1030.9650000000001,16.0,0.0,18.5,70.0,0.0,0.0,0.0,0.0,3153313.0,2804282.0,28.44,23.87,0.9659258262890683,-0.25881904510252063,-0.433883739117558,-0.9009688679024191,-2.4492935982947064e-16,1.0,92.7875,60.652499999999996,89.43,80.228125,17.992530262433057,96.2875
2025-12-26 08:00:00+00:00,96.2875,9.0,4.0,12.0,False,True,False,True,False,16184.778,11950.2285,7.201083333333333,21.56833333333333,1194.5318375,154.0075,2030.127,0.0,0.0,594.6225,0.0,387.71000000000004,541.0675,0.0,-1040.55,-2030.1,594.625,387.7,-541.0749999999999,-1106.8,8.532499999999999,9.067499999999999,9.4375,9.469999999999999,86.0,87.5,87.25,88.25,11.275,3.725,1031.575,1.298025,0.25,0.0,0.25,0.0,22.75,-2.0999999999999996,-7.5,-7.25,68.5,1031.4,16.0,0.0,18.5,70.0,0.0,0.0,0.0,572628.0,3131042.0,2044656.0,28.44,23.87,0.8660254037844387,-0.49999999999999983,-0.433883739117558,-0.9009688679024191,-2.4492935982947064e-16,1.0,98.11500000000001,63.745,89.38499999999999,81.5840625,17.922418388051405,89.25
2025-12-26 09:00:00+00:00,89.25,10.0,4.0,12.0,False,True,False,True,False,16042.33225,10906.67175,5.0030833333333335,-203.175,1754.47659,0.0,2348.1095,0.0,0.0,622.3025,628.9025,0.0,186.745,0.0,-1754.475,-2348.1,622.325,-628.9,-186.725,-2534.875,8.775,9.4,9.765,9.81,86.0,86.5,86.5,87.5,11.375,3.9749999999999996,1032.025,1.297425,45.5,13.3,32.2,136.95,7.0,-1.55,-7.0,-6.9,67.5,1031.835,16.0,0.0,17.5,67.5,0.0,0.0,0.0,4377238.0,2675446.0,2229468.0,28.44,23.87,0.7071067811865476,-0.7071067811865475,-0.433883739117558,-0.9009688679024191,-2.4492935982947064e-16,1.0,96.2875,50.58,89.4125,83.1953125,16.711241372600657,84.9925
2025-12-26 10:00:00+00:00,84.9925,11.0,4.0,12.0,False,True,False,True,False,15854.41175,9619.805,4.853416666666667,10.126666666666665,2922.77025,0.0,2801.1095,0.0,0.0,622.3625,945.2775,0.0,0.0,74.075,-2922.7749999999996,-2801.1,622.375,-945.275,74.075,-3871.9,8.9,9.575,9.962499999999999,10.1075,84.0,84.5,84.5,86.5,11.45,4.125,1032.6,1.297425,129.75,56.9,72.85,352.825,8.5,-0.45,-5.5,-6.300000000000001,65.0,1032.0,16.0,1.0,16.5,67.5,0.0,0.0,0.0,7968103.0,2276349.0,2655349.0,28.44,23.87,0.49999999999999994,-0.8660254037844387,-0.433883739117558,-0.9009688679024191,-2.4492935982947064e-16,1.0,89.25,44.54,87.49000000000001,84.88083333333334,14.542175089737594,82.3125
2025-12-26 11:00:00+00:00,82.3125,12.0,4.0,12.0,False,True,False,True,False,15720.722,8812.56525,4.133166666666667,-42.01833333333333,3333.5878175,0.0,2613.95075,0.0,0.0,621.8225,1004.8299999999999,0.0,0.21,12.1,-3333.575,-2614.0,621.85,-1004.85,11.875,-4358.175,8.71,9.5775,9.9575,10.1375,85.25,84.75,84.75,85.5,11.675,4.475,1032.6000000000001,1.295775,196.25,101.7,94.55,456.625,18.25,0.5,-4.0,-6.0,62.0,1031.935,16.0,2.5,16.0,70.0,0.0,0.5,0.0,9479113.0,2554046.0,2733118.0,28.44,23.87,0.258819045102521,-0.9659258262890682,-0.433883739117558,-0.9009688679024191,-2.4492935982947064e-16,1.0,84.9925,44.9675,84.19,86.436875,11.830934907607624,82.7525
2025-12-26 12:00:00+00:00,82.7525,13.0,4.0,12.0,False,True,False,True,False,15642.358250000001,8769.44825,6.317416666666667,3.998333333333333,3364.9259924999997,0.0,2350.5845,0.0,0.0,620.9775,621.585,0.0,470.02,3.32,-3364.925,-2350.6,620.975,-621.575,-466.725,-4419.875,8.175,8.665,9.0275,9.0875,91.25,91.75,91.75,92.25,10.425,4.25,1032.55,1.296775,223.0,121.05,101.95,488.425,3.5,1.5,-2.5,-5.3,61.5,1031.71,16.0,2.5,15.0,70.0,0.0,0.5,0.0,9386019.0,2792642.0,2964165.0,28.44,23.87,1.2246467991473532e-16,-1.0,-0.433883739117558,-0.9009688679024191,-2.4492935982947064e-16,1.0,82.3125,44.19,86.07,88.04364583333334,7.763203478561703,90.6475
2025-12-26 13:00:00+00:00,90.6475,14.0,4.0,12.0,False,True,False,True,False,15736.2515,9737.38925,4.598249999999999,-82.52166666666668,2836.8746675,0.0,1852.8395,0.0,0.0,622.545,315.14,0.0,646.285,0.0,-2836.875,-1852.8,622.5500000000001,-315.125,-646.3,-3638.975,8.575,9.2225,9.61,9.585,84.0,84.0,83.75,84.75,11.0,4.825,1032.425,1.2939,210.75,112.625,98.125,482.75,3.5,1.9,-2.0,-4.9,61.0,1031.6,16.0,7.5,14.5,67.5,0.0,0.0,0.0,7827105.0,2674803.0,2631928.0,28.44,23.87,-0.2588190451025208,-0.9659258262890683,-0.433883739117558,-0.9009688679024191,-2.4492935982947064e-16,1.0,82.7525,61.6475,90.83500000000001,89.25197916666667,5.361417823266498,105.2775
2025-12-26 14:00:00+00:00,105.2775,15.0,4.0,12.0,False,True,False,True,False,16148.8015,11391.450499999999,6.075916666666667,13.858333333333333,2420.57642,0.0,1257.5725,0.0,0.0,622.79,0.0,331.0575,694.7625,0.0,-2420.575,-1257.6,622.775,331.04999999999995,-694.75,-2475.875,9.125,10.0025,10.432500000000001,10.475,82.0,82.5,82.5,84.25,11.95,5.15,1032.6,1.292625,157.25,75.55,81.7,413.6,4.75,1.9000000000000001,-2.5,-4.85,61.5,1031.85,16.0,7.5,16.0,65.0,0.0,0.0,0.0,5146457.0,2466120.0,2194586.0,28.44,23.87,-0.4999999999999998,-0.8660254037844388,-0.433883739117558,-0.9009688679024191,-2.4492935982947064e-16,1.0,90.6475,83.0025,94.56,90.18010416666665,6.108503582817318,112.35
2025-12-26 15:00:00+00:00,112.35,16.0,4.0,12.0,False,True,False,True,False,16594.680999999997,12508.858333333332,7.0793333333333335,34.931666666666665,1897.0221725000001,0.0,1172.7975,0.0,0.0,618.135,0.0,149.91,697.31,0.0,-1897.0,-1172.8,618.125,149.925,-697.3,-2119.5,8.6275,9.415,9.8,9.93,84.75,85.25,85.25,86.25,11.75,5.175,1032.775,1.292725,73.75,26.675,47.075,239.925,0.0,1.5,-3.0,-5.15,61.5,1032.1799999999998,16.0,8.5,16.0,67.5,0.0,0.0,0.0,433426.0,2730236.0,1869165.0,28.44,23.87,-0.7071067811865471,-0.7071067811865479,-0.433883739117558,-0.9009688679024191,-2.4492935982947064e-16,1.0,105.2775,88.845,96.2175,91.15947916666669,7.589808204140604,116.59
2025-12-26 16:00:00+00:00,116.59,17.0,4.0,12.0,False,True,False,True,False,16909.347999999998,12332.599166666665,5.966166666666667,6.855,1849.4027475,0.0,1123.4755,0.0,0.0,622.425,105.04249999999999,0.0,692.9425,0.0,-1849.425,-1123.5,622.425,-105.05,-692.95,-2305.825,8.5875,9.405000000000001,9.782499999999999,9.870000000000001,85.25,85.5,85.5,86.25,11.2,5.35,1033.125,1.2923499999999999,6.0,0.325,5.675,5.075,20.5,0.8500000000000001,-3.5,-3.5,72.5,1032.7350000000001,16.0,12.5,16.0,65.0,10.0,0.0,0.0,0.0,712394.0,602970.0,28.44,23.87,-0.8660254037844384,-0.5000000000000004,-0.433883739117558,-0.9009688679024191,-2.4492935982947064e-16,1.0,112.35,93.745,104.07,92.11135416666666,9.191679187886809,114.41749999999999
2025-12-26 17:00:00+00:00,114.41749999999999,18.0,4.0,12.0,False,True,False,True,False,16294.762999999999,12156.339999999998,9.116666666666667,108.82,2115.5166775,0.0,1487.7895,0.0,0.0,621.8199999999999,104.8675,0.0,697.41,0.0,-2115.5249999999996,-1487.8,621.825,-104.85,-697.425,-2667.9249999999997,8.38,9.1475,9.525,9.6125,86.0,86.5,86.5,87.25,11.25,5.4,1033.45,1.292525,0.0,0.0,0.0,0.0,27.0,0.35,-4.0,-3.95,73.5,1033.2350000000001,16.0,10.0,16.0,67.5,0.0,0.0,0.0,0.0,1004206.75,678165.375,28.44,23.87,-0.9659258262890683,-0.25881904510252063,-0.433883739117558,-0.9009688679024191,-2.4492935982947064e-16,1.0,116.59,94.265,105.20750000000001,92.95104166666665,10.255866558597567,113.76249999999999
2025-12-26 18:00:00+00:00,113.76249999999999,19.0,4.0,12.0,False,True,False,True,False,15787.4005,11980.080833333332,8.14575,50.02833333333333,2537.046235,0.0,1259.7055,0.0,0.0,615.465,96.55,0.0,684.39,0.0,-2537.05,-1259.7,615.5,-96.55,-684.4,-3017.45,8.657499999999999,9.445,9.86,9.9875,85.5,86.0,86.0,87.25,11.125,5.425,1033.875,1.2929249999999999,0.0,0.0,0.0,0.0,50.25,0.0,-5.0,-4.35,73.0,1033.59,16.0,5.0,16.0,65.0,0.0,0.0,0.0,0.0,1296019.5,753360.75,28.44,23.87,-1.0,-1.8369701987210297e-16,-0.433883739117558,-0.9009688679024191,-2.4492935982947064e-16,1.0,114.41749999999999,92.1375,102.9725,93.85208333333334,11.09675686235962,110.695
2025-12-26 19:00:00+00:00,110.695,20.0,4.0,12.0,False,True,False,True,False,15264.59525,11803.821666666667,5.859166666666667,14.753333333333334,2826.5648175,0.0,724.66575,0.0,0.0,622.6675,1.1375,0.0,689.3575,0.0,-2826.5750000000003,-724.7,622.675,-1.125,-689.35,-3075.575,8.27,9.0625,9.4375,9.605,82.5,83.5,83.5,85.0,11.0,5.55,1034.225,1.2928,0.0,0.0,0.0,0.0,51.0,-0.3,-5.0,-4.9,72.0,1033.96,16.0,0.0,15.0,67.5,7.5,0.0,5.0,0.0,1587832.25,828556.125,28.44,23.87,-0.9659258262890684,0.2588190451025203,-0.433883739117558,-0.9009688679024191,-2.4492935982947064e-16,1.0,113.76249999999999,91.19,99.8675,94.66479166666666,11.596325456158581,108.66499999999999
2025-12-26 20:00:00+00:00,108.66499999999999,21.0,4.0,12.0,False,True,False,True,False,14691.914,11627.5625,8.523166666666667,65.2,2963.045845,0.0,944.9235,0.0,0.0,622.6075,0.8674999999999999,0.0,514.5875,0.0,-2963.05,-944.9,622.6,-0.8500000000000001,-514.575,-3092.1,8.205,9.0075,9.4025,9.765,80.25,80.75,80.75,84.0,10.7,5.625,1034.475,1.292775,0.0,0.0,0.0,0.0,55.0,-0.4,-5.0,-5.65,68.0,1034.3249999999998,16.0,0.0,15.0,67.5,0.0,0.0,0.0,0.0,1879645.0,903751.5,28.44,23.87,-0.8660254037844386,0.5000000000000001,-0.433883739117558,-0.9009688679024191,-2.4492935982947064e-16,1.0,110.695,91.9525,95.0,95.36114583333334,11.92354459670252,106.2575
2025-12-26 21:00:00+00:00,106.2575,22.0,4.0,12.0,False,True,False,True,False,13932.692,11451.303333333333,7.701083333333333,39.69833333333334,3182.71016,0.0,1349.7765,0.0,0.0,622.5475,96.2875,0.0,302.2075,0.0,-3182.675,-1349.8,622.55,-96.275,-302.2,-3296.1,8.1,8.885,9.252500000000001,9.6725,81.25,81.75,81.5,84.75,10.675,5.7,1034.725,1.292725,0.0,0.0,0.0,0.0,41.0,-0.39999999999999997,-5.0,-6.6,63.0,1034.6,16.0,0.0,15.0,67.5,0.0,0.0,0.0,0.0,2171457.75,978946.875,28.44,23.87,-0.7071067811865477,0.7071067811865474,-0.433883739117558,-0.9009688679024191,-2.4492935982947064e-16,1.0,108.66499999999999,95.0475,93.7225,95.82822916666667,12.128527668789705,98.1425
2025-12-26 22:00:00+00:00,98.1425,23.0,4.0,12.0,False,True,False,True,False,13214.275249999999,11275.044166666667,6.732166666666668,16.216666666666665,2890.1119925,0.0,1749.54375,0.0,0.0,622.3025,1.175,0.0,484.9325,1.4875,-2890.1,-1749.5,622.325,-1.175,-483.45,-3189.7999999999997,7.84,8.585,8.9375,9.54,77.5,78.75,78.5,83.0,10.325,5.65,1034.875,1.29315,0.0,0.0,0.0,0.0,17.5,-0.55,-5.0,-7.95,57.5,1034.65,16.0,0.0,15.0,67.5,0.0,0.0,0.0,0.0,2463270.5,1054142.25,28.44,23.87,-0.5000000000000004,0.8660254037844384,-0.433883739117558,-0.9009688679024191,-2.4492935982947064e-16,1.0,106.2575,90.9825,90.045,96.12656249999999,12.092156836698825,95.97749999999999
2025-12-26 23:00:00+00:00,95.97749999999999,0.0,5.0,12.0,True,False,False,True,False,12562.2075,11098.785,6.068250000000001,26.148333333333333,2100.3527475,9.234,2057.31025,0.0,0.0,622.8499999999999,0.0,199.4675,684.445,0.0,-2091.1,-2057.3,622.85,199.45,-684.45,-2467.55,7.572500000000001,8.3275,8.6725,9.15,73.5,73.75,73.75,77.25,9.925,5.85,1035.025,1.292375,0.0,0.0,0.0,0.0,98.75,-0.7,-5.5,-9.0,54.0,1034.865,16.0,0.0,16.0,65.0,0.0,0.0,0.0,0.0,2755083.25,1129337.625,28.44,23.87,-0.25881904510252157,0.9659258262890681,-0.433883739117558,-0.9009688679024191,-2.4492935982947064e-16,1.0,98.1425,97.1,83.8475,96.07979166666667,12.090398722087906,91.16
2025-12-27 00:00:00+00:00,91.16,1.0,5.0,12.0,True,False,False,True,False,12092.62425,11004.74725,4.384916666666667,-72.54666666666667,1877.0587424999999,9.412749999999999,1801.7265,0.0,0.0,622.8499999999999,198.385,0.0,373.6175,28.6025,-1867.65,-1801.7,622.85,-198.375,-345.025,-2238.625,7.645,8.38,8.73,9.3475,67.0,67.25,67.25,70.5,9.75,5.675,1034.875,1.293,0.0,0.0,0.0,0.0,68.5,-0.75,-5.5,-10.100000000000001,49.0,1034.9,16.0,0.0,16.0,60.0,0.0,0.0,0.0,0.0,3046896.0,1204533.0,28.44,23.87,0.0,1.0,-0.9749279121818236,-0.2225209339563146,-2.4492935982947064e-16,1.0,95.97749999999999,91.0525,83.1625,96.08427083333332,12.088475028774024,84.0325
2025-12-27 01:00:00+00:00,84.0325,2.0,5.0,12.0,True,False,False,True,False,11869.35175,10850.827,5.089833333333333,13.906666666666666,1440.095835,244.45675,1667.4995,0.0,0.0,622.3025,549.3925,0.0,104.7825,30.267500000000002,-1195.65,-1667.5,622.325,-549.4,-74.55,-1614.125,7.5575,8.370000000000001,8.7425,9.3875,58.0,59.0,58.75,62.0,9.525,6.075,1034.85,1.291125,0.0,0.0,0.0,0.0,56.75,-0.75,-5.5,-10.75,46.5,1034.8600000000001,16.0,0.0,16.0,60.0,0.0,0.0,0.0,0.0,3144193.0,1074991.0,28.44,23.87,0.25881904510252074,0.9659258262890683,-0.9749279121818236,-0.2225209339563146,-2.4492935982947064e-16,1.0,91.16,85.7025,83.82,96.0146875,12.155453359109895,80.87
2025-12-27 02:00:00+00:00,80.87,3.0,5.0,12.0,True,False,False,True,False,11871.03175,10548.42,6.6754999999999995,39.781666666666666,2340.1683375,1501.5625,1307.33625,0.0,0.0,622.425,747.605,0.0,3.285,150.7625,-838.6,-1307.3,622.425,-747.625,147.5,-1143.15,7.734999999999999,8.5175,8.865,9.565,54.5,55.0,55.0,59.0,9.75,6.25,1034.825,1.290325,0.0,0.0,0.0,0.0,78.0,-0.85,-5.5,-11.15,46.0,1034.7350000000001,16.0,2.5,15.0,60.0,0.0,0.0,0.0,0.0,2825810.0,1109296.0,28.44,23.87,0.49999999999999994,0.8660254037844387,-0.9749279121818236,-0.2225209339563146,-2.4492935982947064e-16,1.0,84.0325,82.6575,84.5225,95.94020833333333,12.245993198235851,81.6225
2025-12-27 03:00:00+00:00,81.6225,4.0,5.0,12.0,True,False,False,True,False,11871.538,10626.04575,5.093166666666667,80.25166666666668,2963.873575,1427.8225,1196.0455,0.0,0.0,622.425,326.2575,0.0,0.0,567.8475,-1536.05,-1196.0,622.425,-326.25,567.85,-971.025,7.705,8.467500000000001,8.8275,9.24,140.5,141.0,141.0,144.5,9.875,6.175,1034.675,1.290475,0.0,0.0,0.0,0.0,60.5,-1.1,-5.5,-11.350000000000001,45.5,1034.4499999999998,16.0,1.5,13.5,52.5,0.0,0.0,0.0,0.0,2638156.0,1168186.0,28.44,23.87,0.7071067811865475,0.7071067811865476,-0.9749279121818236,-0.2225209339563146,-2.4492935982947064e-16,1.0,80.87,81.0,84.4875,95.96614583333333,12.213589788926212,80.9725
2025-12-27 04:00:00+00:00,80.9725,5.0,5.0,12.0,True,False,False,True,False,11949.985,10835.155999999999,4.8620833333333335,10.588333333333333,3023.7150125,1568.04,1480.90175,0.0,0.0,622.4275,0.0,278.765,0.0,545.7075,-1455.675,-1480.9,622.4,278.775,545.725,-379.025,8.3525,9.182500000000001,9.56,9.6875,141.75,141.75,141.75,143.0,10.4,6.25,1034.575,1.290025,0.0,0.0,0.0,0.0,99.75,-1.05,-5.5,-11.0,48.0,1034.225,16.0,2.5,13.5,47.5,0.0,0.0,0.0,0.0,2688392.0,1002329.0,28.44,23.87,0.8660254037844386,0.5000000000000001,-0.9749279121818236,-0.2225209339563146,-2.4492935982947064e-16,1.0,81.6225,81.505,85.9075,95.94395833333333,12.241454337722422,85.035
2025-12-27 05:00:00+00:00,85.035,6.0,5.0,12.0,True,False,False,True,False,12246.627250000001,11280.7385,3.771916666666667,-107.14833333333333,2948.7550025,896.1904999999999,1477.35875,0.0,0.0,622.365,0.0,967.325,0.0,697.77,-2052.575,-1477.4,622.375,967.325,697.725,-134.42499999999995,8.5775,9.4575,9.8375,9.9875,140.5,139.75,139.75,140.0,10.7,6.25,1034.525,1.289925,0.0,0.0,0.0,0.0,96.75,-1.0,-6.0,-9.8,52.5,1034.5,16.0,5.0,14.5,47.5,0.0,0.0,0.0,0.0,2811290.0,1080082.0,28.44,23.87,0.9659258262890683,0.25881904510252074,-0.9749279121818236,-0.2225209339563146,-2.4492935982947064e-16,1.0,80.9725,84.7175,91.2575,95.95718749999999,12.228959755088859,95.2575
2025-12-27 06:00:00+00:00,95.2575,7.0,5.0,12.0,True,False,False,True,False,12806.0865,11734.44875,4.258,-19.513333333333332,2738.890835,691.23075,1455.9415,0.0,0.0,622.1225,0.0,1027.96,0.0,672.9175,-2047.65,-1455.9,622.1,1027.95,672.9,-88.65000000000002,9.2325,10.1725,10.5825,10.64,133.0,131.25,131.25,131.25,11.8,5.925,1034.475,1.2914,0.0,0.0,0.0,0.0,92.5,-0.9,-5.5,-8.2,61.0,1034.4,16.0,18.5,15.5,47.5,0.0,0.0,0.0,0.0,2759319.0,783937.0,28.44,23.87,1.0,6.123233995736766e-17,-0.9749279121818236,-0.2225209339563146,-2.4492935982947064e-16,1.0,85.035,92.7875,99.0875,96.06010416666665,12.211505521771247,99.8725
2025-12-27 07:00:00+00:00,99.8725,8.0,5.0,12.0,True,False,False,True,False,13496.8395,12536.506,3.3208333333333333,-149.73333333333332,2112.771675,1089.9525,2022.14425,0.0,0.0,622.3675,0.0,997.8774999999999,0.0,698.51,-1022.825,-2022.1,622.35,997.85,698.55,790.4,9.18,10.129999999999999,10.5475,10.7875,132.25,130.5,130.5,129.25,11.775,6.15,1034.875,1.290925,0.0,0.0,0.0,0.0,76.0,-0.45,-5.0,-6.0,69.0,1034.79,16.0,34.0,15.5,45.0,2.5,0.0,0.0,0.0,3004337.0,773376.0,28.44,23.87,0.9659258262890683,-0.25881904510252063,-0.9749279121818236,-0.2225209339563146,-2.4492935982947064e-16,1.0,95.2575,98.11500000000001,104.3625,96.13333333333334,12.229620151827199,92.9475
2025-12-27 08:00:00+00:00,92.9475,9.0,5.0,12.0,True,False,False,True,False,13943.437750000001,12825.54775,4.535333333333333,-3.4366666666666665,1121.6066725,1334.5149999999999,1971.87525,0.0,0.0,622.0,0.0,312.1825,0.0,699.85,212.89999999999998,-1971.9,622.0,312.175,699.9,1353.975,8.8275,9.8025,10.184999999999999,11.1275,44.5,42.0,42.0,37.0,11.575,7.025,1035.1,1.287125,0.25,0.0,0.25,0.0,99.0,0.19999999999999996,-4.5,-3.35,77.5,1035.3249999999998,15.0,49.0,16.0,45.0,2.5,0.0,0.0,347444.0,3066323.0,1032900.0,28.44,23.87,0.8660254037844387,-0.49999999999999983,-0.9749279121818236,-0.2225209339563146,-2.4492935982947064e-16,1.0,99.8725,96.2875,109.53,95.99416666666667,12.24678122456369,79.6325
2025-12-27 09:00:00+00:00,79.6325,10.0,5.0,12.0,True,False,False,True,False,13826.57775,12449.6775,4.494166666666667,-3.695,387.98166,1376.4625,1333.63825,0.0,0.0,622.185,954.91,0.0,0.0,699.85,988.475,-1333.6,622.175,-954.925,699.9,1022.2,9.2425,10.3825,10.86,12.2,126.75,126.0,126.25,124.0,11.875,7.325,1035.4,1.2861,24.25,3.325,20.925,32.7,100.0,1.05,-3.0,-1.2999999999999998,85.0,1035.525,15.0,67.5,13.5,52.5,7.5,0.0,0.0,1682131.0,2800645.0,1147438.0,28.44,23.87,0.7071067811865476,-0.7071067811865475,-0.9749279121818236,-0.2225209339563146,-2.4492935982947064e-16,1.0,92.9475,89.25,106.895,95.5934375,12.628453548575907,74.695
2025-12-27 10:00:00+00:00,74.695,11.0,5.0,12.0,True,False,False,True,False,13446.2975,12356.404750000002,4.9976666666666665,76.88833333333334,0.0,2291.103335,1412.0155,0.0,0.0,622.245,1079.2975,0.0,0.0,699.815,2291.125,-1412.0,622.25,-1079.325,699.8499999999999,2180.875,8.4825,9.4975,9.88,11.2275,124.75,124.0,124.0,123.75,11.1,7.075,1035.525,1.2874,60.75,12.350000000000001,48.400000000000006,72.575,100.0,2.45,-1.0,0.9,90.0,1035.55,15.0,75.0,11.5,60.0,10.0,0.0,0.0,2558772.0,2843521.0,1084427.0,28.44,23.87,0.49999999999999994,-0.8660254037844387,-0.9749279121818236,-0.2225209339563146,-2.4492935982947064e-16,1.0,79.6325,84.9925,104.0025,95.16437499999999,13.167708923273258,74.17
2025-12-27 11:00:00+00:00,74.17,12.0,5.0,12.0,True,False,False,True,False,13194.1305,12247.8295,5.07475,88.86,0.0,2482.2449925,1618.7155,0.0,0.0,621.94,1046.4825,0.0,0.0,700.0825,2482.25,-1618.7,621.95,-1046.475,700.1,2353.125,9.004999999999999,10.0475,10.4875,11.2075,120.75,119.75,119.75,120.0,11.625,7.375,1035.1,1.285475,100.25,29.1,71.15,126.525,99.75,3.15,1.0,1.5,89.0,1035.5749999999998,16.0,82.5,9.5,55.0,10.0,0.0,0.0,3160542.0,2622261.0,1001198.0,28.44,23.87,0.258819045102521,-0.9659258262890682,-0.9749279121818236,-0.2225209339563146,-2.4492935982947064e-16,1.0,74.695,82.3125,103.0975,94.82510416666666,13.61068540984034,81.3075
2025-12-27 12:00:00+00:00,81.3075,13.0,5.0,12.0,True,False,False,True,False,13050.1835,12367.481,4.248333333333333,-46.34666666666667,0.0,2560.39666,1883.47675,0.0,0.0,622.0025,1048.5425,0.0,0.0,700.38,2560.375,-1883.5,622.0,-1048.525,700.4,2363.375,8.182500000000001,9.22,9.594999999999999,10.997499999999999,123.25,121.0,121.0,120.75,10.825,7.775,1034.675,1.283125,136.25,44.325,91.92500000000001,183.825,80.25,4.1,2.0,2.4,89.0,1034.955,15.0,85.0,9.0,40.0,10.0,0.0,0.0,2849357.0,2661163.0,973546.0,28.44,23.87,1.2246467991473532e-16,-1.0,-0.9749279121818236,-0.2225209339563146,-2.4492935982947064e-16,1.0,74.17,82.7525,105.16,94.76489583333331,13.669480872573057,86.565
2025-12-27 13:00:00+00:00,86.565,14.0,5.0,12.0,True,False,False,True,False,13217.2665,12675.173499999999,6.745833333333334,135.43166666666667,0.0,2374.54333,1840.20975,0.0,0.0,622.0625,1005.1875,0.0,0.0,700.345,2374.525,-1840.2,622.05,-1005.1999999999999,700.35,2231.725,8.77,9.8225,10.2225,10.765,121.75,121.0,121.25,121.0,11.15,8.0,1034.4,1.281725,148.25,55.800000000000004,92.44999999999999,242.1,100.0,4.75,3.0,3.1999999999999997,89.5,1034.2649999999999,16.0,86.5,8.0,30.0,10.0,0.0,0.0,2096836.0,2807624.0,1264768.0,28.44,23.87,-0.2588190451025208,-0.9659258262890683,-0.9749279121818236,-0.2225209339563146,-2.4492935982947064e-16,1.0,81.3075,90.6475,108.985,94.59479166666665,13.748121075510307,90.91
2025-12-27 14:00:00+00:00,90.91,15.0,5.0,12.0,True,False,False,True,False,13746.79275,13151.5895,3.66975,-156.64833333333334,0.0,1737.89083,2270.095,0.0,0.0,598.575,844.105,0.0,0.0,637.0525,1737.875,-2270.1,598.55,-844.125,637.075,1561.875,8.72,9.9975,10.3925,11.06,117.0,116.75,116.75,117.5,11.575,8.15,1034.225,1.280825,58.0,9.0,49.0,48.55,100.0,5.25,3.0,3.8000000000000003,91.0,1034.135,16.0,85.0,10.5,20.0,10.0,0.0,0.0,908907.0,2913217.0,1318177.0,28.44,23.87,-0.4999999999999998,-0.8660254037844388,-0.9749279121818236,-0.2225209339563146,-2.4492935982947064e-16,1.0,86.565,105.2775,110.63,93.99614583333334,13.574441376511084,99.9
2025-12-27 15:00:00+00:00,99.9,16.0,5.0,12.0,True,False,False,True,False,14294.0415,13669.595666666666,4.0905000000000005,-140.1,464.5949975,1394.5275000000001,2937.64725,0.0,0.0,616.7925,0.98,0.0,0.0,215.7825,929.925,-2937.6,616.8,-1.0,215.8,1027.1,9.235,10.592500000000001,11.0125,11.5425,116.25,116.25,116.25,118.0,11.7,8.4,1034.025,1.27945,25.0,1.125,23.875,10.85,99.75,5.1,3.0,3.9000000000000004,92.0,1033.9,14.0,80.0,10.5,12.5,10.0,0.0,0.0,146094.0,3006302.0,1111947.0,28.44,23.87,-0.7071067811865471,-0.7071067811865479,-0.9749279121818236,-0.2225209339563146,-2.4492935982947064e-16,1.0,90.91,112.35,112.075,93.47739583333332,13.071107606655634,103.6925
2025-12-27 16:00:00+00:00,103.6925,17.0,5.0,12.0,True,False,False,True,False,14689.10775,13385.107239583333,4.158333333333333,-186.76666666666668,347.34749999999997,1536.065,2943.11275,0.0,0.0,622.1825,258.29499999999996,0.0,191.55,0.0,1188.7,-2943.1,622.175,-258.275,-191.55,625.3,9.524999999999999,11.08,11.5175,11.7825,27.25,28.25,28.25,28.75,12.125,8.625,1034.1,1.278475,2.25,0.0,2.25,0.0,100.0,5.25,3.75,3.8499999999999996,91.0,1033.6100000000001,15.0,76.5,9.5,12.5,10.0,0.0,0.0,0.0,797438.0,373608.0,28.44,23.87,-0.8660254037844384,-0.5000000000000004,-0.9749279121818236,-0.2225209339563146,-2.4492935982947064e-16,1.0,99.9,116.59,115.265,92.94,12.323296182610964,106.5225
2025-12-27 17:00:00+00:00,106.5225,18.0,5.0,12.0,True,False,False,True,False,14308.44075,13100.618812499999,5.1931666666666665,-45.55166666666666,742.5558375,1477.5975,2793.5435,0.0,0.0,622.73,374.84749999999997,0.0,312.0225,0.0,735.0250000000001,-2793.5,622.725,-374.85,-312.0,-27.474999999999994,8.845,10.370000000000001,10.7425,11.2625,30.0,30.5,30.5,31.0,12.2,8.55,1034.3,1.2791,0.0,0.0,0.0,0.0,100.0,5.1,3.0,3.85,92.0,1033.85,14.5,80.0,10.5,187.5,10.0,0.0,0.0,0.0,957715.5,378212.5,28.44,23.87,-0.9659258262890683,-0.25881904510252063,-0.9749279121818236,-0.2225209339563146,-2.4492935982947064e-16,1.0,103.6925,114.41749999999999,111.0225,92.61104166666667,11.820151614672573,104.0475
2025-12-27 18:00:00+00:00,104.0475,19.0,5.0,12.0,True,False,False,True,False,13914.78,12816.130385416665,5.818666666666667,26.805,952.1575,1506.6275,2953.7465,0.0,0.0,622.6675,404.1775,0.0,656.015,0.0,554.45,-2953.7,622.675,-404.175,-656.0,-621.5,9.7,11.18,11.5725,11.855,30.75,31.25,31.0,31.5,11.975,8.7,1034.25,1.27835,0.0,0.0,0.0,0.0,100.0,5.15,2.5,4.0,92.5,1033.85,13.5,63.0,11.5,10.0,7.5,0.0,0.0,0.0,1117993.0,382817.0,28.44,23.87,-1.0,-1.8369701987210297e-16,-0.9749279121818236,-0.2225209339563146,-2.4492935982947064e-16,1.0,106.5225,113.76249999999999,98.5175,92.20625,11.215175035948503,100.9125
2025-12-27 19:00:00+00:00,100.9125,20.0,5.0,12.0,True,False,False,True,False,13628.358,12531.641958333334,6.7011666666666665,38.905,1475.5525125,1088.45875,2903.43925,0.0,0.0,622.425,98.6775,0.0,146.94,0.0,-387.075,-2903.4,622.425,-98.675,-146.95,-736.15,9.657499999999999,11.0575,11.4875,11.75,30.75,31.0,31.0,31.25,12.425,8.65,1034.55,1.278975,0.0,0.0,0.0,0.0,100.0,4.449999999999999,1.5,3.5500000000000003,93.5,1034.1999999999998,12.5,68.5,11.5,12.5,7.5,0.0,0.0,0.0,1278270.5,387421.5,28.44,23.87,-0.9659258262890684,0.2588190451025203,-0.9749279121818236,-0.2225209339563146,-2.4492935982947064e-16,1.0,104.0475,110.695,92.1025,91.79864583333334,10.678953294538951,92.8
2025-12-27 20:00:00+00:00,92.8,21.0,5.0,12.0,True,False,False,True,False,13208.307,12247.15353125,5.305499999999999,0.6266666666666667,1645.34001,921.01475,2997.0785,0.0,0.0,622.2425,0.0,248.5875,3.7875,58.644999999999996,-724.325,-2997.1,622.25,248.575,54.85,-547.925,9.1425,10.3375,10.72,10.925,32.5,32.5,32.5,33.0,12.425,8.6,1034.65,1.279325,0.0,0.0,0.0,0.0,100.0,4.449999999999999,1.0,3.5,92.5,1034.2350000000001,13.5,87.5,13.5,12.5,10.0,0.0,0.0,0.0,1438548.0,392026.0,28.44,23.87,-0.8660254037844386,0.5000000000000001,-0.9749279121818236,-0.2225209339563146,-2.4492935982947064e-16,1.0,100.9125,108.66499999999999,88.7675,91.13760416666668,10.062764727254365,94.1125
2025-12-27 21:00:00+00:00,94.1125,22.0,5.0,12.0,True,False,False,True,False,12731.447250000001,11962.665104166666,6.80425,64.49499999999999,1813.0866575,840.15075,2655.311,0.0,0.0,622.4825,0.0,347.7375,0.0,362.245,-972.925,-2655.3,622.5,347.725,362.275,-304.27500000000003,8.7575,9.74,10.1125,10.2025,37.75,37.75,37.75,37.5,11.575,8.65,1034.7,1.279125,0.0,0.0,0.0,0.0,100.0,4.05,1.0,2.9000000000000004,92.0,1034.3049999999998,13.0,87.5,12.5,15.0,10.0,0.0,0.0,0.0,1598825.5,396630.5,28.44,23.87,-0.7071067811865477,0.7071067811865474,-0.9749279121818236,-0.2225209339563146,-2.4492935982947064e-16,1.0,92.8,106.2575,89.0925,90.63156249999999,9.562279290221051,89.89999999999999
2025-12-27 22:00:00+00:00,89.89999999999999,23.0,5.0,12.0,True,False,False,True,False,12287.67775,11678.176677083333,5.4840833333333325,18.336666666666666,529.38833,1294.705,2357.96925,0.0,0.0,622.4875,178.5725,0.0,0.0,163.435,765.3,-2358.0,622.475,-178.575,163.45,783.175,8.1375,8.975,9.325,9.395,39.75,39.5,39.5,39.75,11.275,8.475,1034.6,1.2798,0.0,0.0,0.0,0.0,99.25,3.3,0.5,2.3,93.0,1034.155,13.0,86.5,10.0,10.0,10.0,0.0,0.0,0.0,1759103.0,401235.0,28.44,23.87,-0.5000000000000004,0.8660254037844384,-0.9749279121818236,-0.2225209339563146,-2.4492935982947064e-16,1.0,94.1125,98.1425,86.69749999999999,90.288125,9.4278622182041,84.52
2025-12-27 23:00:00+00:00,84.52,0.0,6.0,12.0,True,False,False,True,False,11985.238000000001,11393.68825,3.9008333333333334,-21.641666666666666,1088.309175,1263.6875,1171.5675,0.0,0.0,622.79,399.79999999999995,0.0,0.0,568.8175,175.4,-1171.6,622.775,-399.8,568.825,674.3,8.195,8.99,9.325,9.3375,38.0,37.5,37.75,37.75,10.525,8.45,1033.925,1.2791,0.0,0.0,0.0,0.0,99.25,3.0,0.5,2.05,93.5,1033.81,13.0,74.0,10.5,10.0,10.0,0.0,0.0,0.0,1919380.5,405839.5,28.44,23.87,-0.25881904510252157,0.9659258262890681,-0.9749279121818236,-0.2225209339563146,-2.4492935982947064e-16,1.0,89.89999999999999,95.97749999999999,88.5725,89.81072916666666,9.417324445772472,83.4775
2025-12-28 00:00:00+00:00,83.4775,1.0,6.0,12.0,True,False,False,True,False,11786.842,11158.456,4.386666666666667,-0.24500000000000005,762.6633300000001,1049.1770000000001,1264.0875,0.0,0.0,622.73,712.165,0.0,0.0,605.21,286.475,-1264.1,622.725,-712.175,605.2,486.25000000000006,8.16,8.965,9.3025,9.28,38.5,38.25,38.25,38.0,10.575000000000001,8.375,1033.85,1.27935,0.0,0.0,0.0,0.0,82.0,2.75,0.0,1.75,92.5,1033.6,12.5,71.5,11.5,10.0,10.0,0.0,0.0,0.0,2079658.0,410444.0,28.44,23.87,0.0,1.0,-0.7818314824680299,0.6234898018587334,-2.4492935982947064e-16,1.0,84.52,91.16,84.5625,89.49062500000001,9.499675173222736,79.66
2025-12-28 01:00:00+00:00,79.66,2.0,6.0,12.0,True,False,False,True,False,11491.919249999999,10810.7915,3.7224999999999997,-62.71,618.361665,1027.29908,846.19475,0.0,0.0,622.6099999999999,1007.635,0.0,254.05,240.72750000000002,408.925,-846.2,622.625,-1007.625,-13.349999999999994,-200.975,8.285,9.0875,9.44,9.4525,37.5,37.5,37.5,37.25,10.7,8.375,1033.7,1.27915,0.0,0.0,0.0,0.0,74.5,2.55,-0.5,1.5,92.0,1033.475,13.5,71.0,11.5,17.5,7.5,0.0,0.0,0.0,2378790.0,576274.0,28.44,23.87,0.25881904510252074,0.9659258262890683,-0.7818314824680299,0.6234898018587334,-2.4492935982947064e-16,1.0,83.4775,84.0325,80.73,89.30843749999998,9.649648557818434,77.825
2025-12-28 02:00:00+00:00,77.825,3.0,6.0,12.0,True,False,False,True,False,11297.43,10831.047,5.476333333333333,15.819999999999999,57.43475,1576.1259125,1000.381,0.0,0.0,622.425,910.9375,0.0,644.3050000000001,0.0,1518.675,-1000.4,622.45,-910.925,-644.3,335.775,7.6925,8.34,8.67,8.675,41.25,41.5,41.25,40.5,9.975,8.2,1033.875,1.280125,0.0,0.0,0.0,0.0,53.25,2.2,-0.5,1.3,93.5,1033.65,13.0,44.5,11.5,30.0,2.5,0.0,0.0,0.0,2453547.0,451587.0,28.44,23.87,0.49999999999999994,0.8660254037844387,-0.7818314824680299,0.6234898018587334,-2.4492935982947064e-16,1.0,79.66,80.87,79.13499999999999,89.1815625,9.784498104602637,78.565
2025-12-28 03:00:00+00:00,78.565,4.0,6.0,12.0,True,False,False,True,False,11042.429,10941.658500000001,6.465,47.336666666666666,687.4975,2405.5261425,741.443,0.0,0.0,622.67,989.3100000000001,0.0,677.1475,0.0,1718.025,-741.4,622.65,-989.325,-677.15,488.875,7.265,7.9375,8.26,8.2975,43.0,43.25,43.0,43.25,9.55,8.05,1033.675,1.2806,0.0,0.0,0.0,0.0,64.0,1.6500000000000001,-1.0,0.8500000000000001,94.5,1033.525,11.0,28.0,9.5,42.5,0.0,0.0,0.0,0.0,1948830.0,233468.0,28.44,23.87,0.7071067811865475,0.7071067811865476,-0.7818314824680299,0.6234898018587334,-2.4492935982947064e-16,1.0,77.825,81.6225,79.1325,89.05416666666667,9.90634345153222,81.4875
2025-12-28 04:00:00+00:00,81.4875,5.0,6.0,12.0,True,False,False,True,False,10831.876250000001,11089.24375,6.868666666666667,130.67333333333332,647.619,2248.4133325000003,294.7835,0.0,0.0,622.1825,716.745,0.0,694.1075,0.0,1600.8,-294.8,622.175,-716.75,-694.1,738.425,6.62,7.1025,7.385,7.3725000000000005,47.5,48.0,48.25,47.75,8.524999999999999,7.975,1033.5,1.280725,0.0,0.0,0.0,0.0,51.75,0.95,-1.5,0.3999999999999999,95.0,1033.35,10.5,30.5,9.5,55.0,0.0,0.0,0.0,0.0,1372253.0,111325.0,28.44,23.87,0.8660254037844386,0.5000000000000001,-0.7818314824680299,0.6234898018587334,-2.4492935982947064e-16,1.0,78.565,80.9725,79.8775,89.075625,9.888618382030925,84.48
2025-12-28 05:00:00+00:00,84.48,6.0,6.0,12.0,True,False,False,True,False,10745.361499999999,11330.39,7.992333333333334,164.30833333333334,731.3995,1884.17499,421.2385,0.0,0.0,622.1825,0.0,221.54250000000002,657.63,0.0,1152.75,-421.2,622.2,221.575,-657.65,1233.55,6.225,6.640000000000001,6.9,6.8925,52.0,51.5,52.0,51.75,8.35,7.825,1033.225,1.281075,0.0,0.0,0.0,0.0,75.25,0.44999999999999996,-2.5,0.10000000000000009,96.5,1033.4,8.5,45.5,9.5,62.5,2.5,0.0,0.0,0.0,908901.0,66736.0,28.44,23.87,0.9659258262890683,0.25881904510252074,-0.7818314824680299,0.6234898018587334,-2.4492935982947064e-16,1.0,81.4875,85.035,81.9125,89.0525,9.899121777032894,89.275
2025-12-28 06:00:00+00:00,89.275,7.0,6.0,12.0,True,False,False,True,False,11133.39225,11638.859,7.694500000000001,145.73999999999998,608.77625,2340.821675,806.01,0.0,0.0,622.18,0.0,455.545,689.1524999999999,0.0,1732.0500000000002,-806.0,622.2,455.55,-689.15,1919.1,5.092499999999999,5.335,5.547499999999999,5.5,54.25,55.25,55.25,55.0,7.25,7.4,1033.225,1.283,0.0,0.0,0.0,0.0,99.75,0.09999999999999998,-3.0,-0.35,96.5,1033.4850000000001,9.5,54.0,10.5,75.0,5.0,0.0,0.0,0.0,865123.0,85206.0,28.44,23.87,1.0,6.123233995736766e-17,-0.7818314824680299,0.6234898018587334,-2.4492935982947064e-16,1.0,84.48,95.2575,86.7925,88.80322916666667,9.8110104374575,95.0
2025-12-28 07:00:00+00:00,95.0,8.0,6.0,12.0,True,False,False,True,False,11869.826000000001,12416.09625,7.890333333333333,63.63166666666667,619.3355,2497.0283325,875.62375,0.0,0.0,622.305,0.0,964.145,637.3425,0.0,1877.675,-875.6,622.3,964.125,-637.325,2607.8999999999996,4.72,4.87,5.0725,4.8325,57.75,58.5,58.5,57.0,6.375,7.0,1033.375,1.285025,0.0,0.0,0.0,0.0,81.0,0.35000000000000003,-3.0,-0.1499999999999999,95.0,1033.75,10.5,64.0,10.5,80.0,7.5,0.0,0.0,0.0,525745.0,62010.0,28.44,23.87,0.9659258262890683,-0.25881904510252063,-0.7818314824680299,0.6234898018587334,-2.4492935982947064e-16,1.0,89.275,99.8725,96.4075,88.60020833333334,9.62055834603677,94.42
2025-12-28 08:00:00+00:00,94.42,9.0,6.0,12.0,True,False,False,True,False,12537.759750000001,12612.958999999999,5.233583333333333,-89.67166666666667,611.36225,2994.6508075,845.85,0.0,0.0,622.4849999999999,0.0,631.36,505.4825,0.0,2383.3,-845.9,622.5,631.375,-505.475,2920.2,4.6,4.79,4.99,4.95,48.75,49.25,49.25,48.0,6.2250000000000005,6.925,1033.525,1.285575,0.25,0.0,0.25,0.0,77.25,0.5,-3.0,-0.45,92.5,1034.125,13.5,73.5,10.5,80.0,7.5,0.0,0.0,494790.0,395661.0,58752.0,28.44,23.87,0.8660254037844387,-0.49999999999999983,-0.7818314824680299,0.6234898018587334,-2.4492935982947064e-16,1.0,95.0,92.9475,100.7075,88.6615625,9.65412498603208,88.805
2025-12-28 09:00:00+00:00,88.805,10.0,6.0,12.0,True,False,False,True,False,12444.07775,11894.1635,2.4410000000000003,-320.22166666666664,448.765,3301.9698550000003,898.24725,0.0,0.0,622.2425,695.485,0.0,260.355,4.49,2853.225,-898.2,622.25,-695.475,-255.825,2299.55,4.425,4.550000000000001,4.734999999999999,4.827500000000001,134.5,134.5,134.5,134.5,6.15,6.9,1033.75,1.285975,28.5,5.725,22.775,56.5,75.5,0.8500000000000001,-2.5,-0.35000000000000003,91.5,1034.4,13.5,78.5,11.0,80.0,10.0,0.0,0.0,3666633.0,409413.0,86085.0,28.44,23.87,0.7071067811865476,-0.7071067811865475,-0.7818314824680299,0.6234898018587334,-2.4492935982947064e-16,1.0,94.42,79.6325,96.69,89.04374999999999,9.460765578223153,88.3675
2025-12-28 10:00:00+00:00,88.3675,11.0,6.0,12.0,True,False,False,True,False,12003.857250000001,10384.277750000001,4.099500000000001,-190.96,635.19225,2072.5500025,1088.51875,0.0,0.0,619.2175,1020.7775,0.0,0.0,135.085,1437.375,-1088.5,619.225,-1020.8,135.075,898.7750000000001,4.3625,4.525,4.725,5.1475,128.5,127.5,127.75,132.5,5.975,6.8,1033.65,1.2863,84.5,25.4,59.1,150.425,82.75,1.35,-1.5,-0.2,90.0,1034.415,14.5,77.5,9.5,82.5,10.0,0.0,0.0,6461711.0,492781.0,132234.0,28.44,23.87,0.49999999999999994,-0.8660254037844387,-0.7818314824680299,0.6234898018587334,-2.4492935982947064e-16,1.0,88.805,74.695,95.4375,89.61343750000002,8.957439457637074,80.0225
2025-12-28 11:00:00+00:00,80.0225,12.0,6.0,12.0,True,False,False,True,False,11917.021499999999,9783.48625,4.0225,-86.96166666666666,501.51800000000003,1792.0766575,800.901,0.0,0.0,605.66,1085.7675,0.0,196.31,42.364999999999995,1290.575,-800.9,605.65,-1085.75,-153.95,456.275,4.7775,4.895,5.077500000000001,5.4925,122.75,124.5,124.5,133.75,6.2,6.449999999999999,1033.4,1.287625,144.5,57.125,87.375,250.92499999999998,99.75,1.6,-0.5,0.04999999999999999,89.5,1034.165,14.5,75.0,7.5,85.0,10.0,0.0,0.0,7729133.0,537333.0,229971.0,28.44,23.87,0.258819045102521,-0.9659258262890682,-0.7818314824680299,0.6234898018587334,-2.4492935982947064e-16,1.0,88.3675,74.17,93.4725,89.85729166666668,8.590897006003448,80.025
2025-12-28 12:00:00+00:00,80.025,13.0,6.0,12.0,True,False,False,True,False,12110.8805,9839.4965,4.558666666666666,5.123333333333333,681.82025,1328.7824925,586.6235,0.0,0.0,603.7825,1085.0175,0.0,0.0,252.0725,646.95,-586.6,603.8,-1085.025,252.10000000000002,271.125,5.2,5.5675,5.78,5.8975,121.25,121.5,121.5,131.25,6.825,6.3,1033.025,1.2878500000000002,137.0,46.975,90.025,184.45,88.0,2.15,0.0,0.7000000000000001,90.0,1033.615,14.5,68.5,9.0,67.5,10.0,0.0,0.0,7749044.0,495919.0,462259.0,28.44,23.87,1.2246467991473532e-16,-1.0,-0.7818314824680299,0.6234898018587334,-2.4492935982947064e-16,1.0,80.0225,81.3075,89.6525,89.80385416666667,8.650175292869998,85.6625
2025-12-28 13:00:00+00:00,85.6625,14.0,6.0,12.0,True,False,False,True,False,12593.510750000001,10750.39675,4.493250000000001,-65.175,593.6755,1460.7683325,920.40025,0.0,0.0,622.67,1057.315,0.0,0.0,288.7525,867.1,-920.4,622.65,-1057.325,288.75,491.1,5.5425,6.0675,6.305,6.2675,126.5,128.75,128.5,135.5,7.275,6.0,1032.45,1.288525,146.25,57.324999999999996,88.925,237.25,82.75,2.3,-0.5,0.6499999999999999,89.5,1033.05,13.0,62.5,9.0,67.5,7.5,0.0,0.0,6309810.0,891429.0,640032.0,28.44,23.87,-0.2588190451025208,-0.9659258262890683,-0.7818314824680299,0.6234898018587334,-2.4492935982947064e-16,1.0,80.025,86.565,92.8375,89.76625000000001,8.666813139788196,98.3425
2025-12-28 14:00:00+00:00,98.3425,15.0,6.0,12.0,True,False,False,True,False,13129.552,12274.164499999999,6.675,19.025,831.1514999999999,974.66084,628.76775,0.0,0.0,622.5474999999999,366.1025,0.0,98.6725,95.5425,143.5,-628.8,622.55,-366.1,-3.124999999999993,239.625,5.155,5.57,5.782500000000001,5.745,124.25,131.5,131.5,137.0,7.125,5.875,1032.075,1.2886,111.75,37.925000000000004,73.825,200.04999999999998,81.0,2.05,-0.5,0.6000000000000001,90.5,1032.55,13.0,50.5,9.5,57.5,2.5,0.0,0.0,4082104.0,1128734.0,599492.0,28.44,23.87,-0.4999999999999998,-0.8660254037844388,-0.7818314824680299,0.6234898018587334,-2.4492935982947064e-16,1.0,85.6625,90.91,94.8125,90.0759375,8.840509767065557,108.22
2025-12-28 15:00:00+00:00,108.22,16.0,6.0,12.0,True,False,False,True,False,13674.827000000001,13472.616,8.383333333333333,145.98,1044.9225000000001,1481.28501,581.35425,0.0,0.0,621.4625,0.0,91.63,0.0,326.57,436.375,-581.4,621.45,91.60000000000001,326.575,1330.7,5.43,5.7175,5.925,5.8325,127.5,130.5,130.5,137.5,7.125,6.025,1031.7,1.2874750000000001,50.5,11.575000000000001,38.925,99.87499999999999,89.75,1.4,-1.5,0.2,92.0,1032.2649999999999,13.0,40.5,9.5,62.5,2.5,0.0,0.0,386063.0,1147605.0,338400.0,28.44,23.87,-0.7071067811865471,-0.7071067811865479,-0.7818314824680299,0.6234898018587334,-2.4492935982947064e-16,1.0,98.3425,99.9,92.5025,90.42260416666669,9.388630105634272,111.6075
2025-12-28 16:00:00+00:00,111.6075,17.0,6.0,12.0,True,False,False,True,False,14188.538,13296.27484375,8.941666666666666,213.24333333333334,1014.8095,2336.5291399999996,425.93375,0.0,0.0,622.3025,428.3,0.0,0.0,693.85,1321.7,-425.9,622.325,-428.3,693.825,2103.075,5.415,5.66,5.859999999999999,5.625,135.0,135.25,135.25,143.0,7.475,6.0,1031.45,1.287275,4.75,0.2,4.55,3.125,94.25,2.8,1.5,0.7,86.0,1031.35,16.0,70.5,6.5,77.5,7.5,0.0,0.0,0.0,152928.0,67902.0,28.44,23.87,-0.8660254037844384,-0.5000000000000004,-0.7818314824680299,0.6234898018587334,-2.4492935982947064e-16,1.0,108.22,103.6925,92.965,90.75239583333332,9.99448979925333,115.0
2025-12-28 17:00:00+00:00,115.0,18.0,6.0,12.0,True,False,False,True,False,13965.285249999999,13119.9336875,7.4235,96.05666666666666,782.0135,2486.87249,551.6425,0.0,0.0,622.5474999999999,734.3199999999999,0.0,0.0,700.12,1704.85,-551.6,622.55,-734.325,700.1,2155.3,5.1025,5.24,5.4175,4.9975000000000005,131.5,130.25,130.25,136.75,7.05,6.0,1031.0249999999999,1.28675,0.0,0.0,0.0,0.0,83.5,1.85,0.0,0.20000000000000007,89.5,1030.975,16.0,83.0,5.5,70.0,10.0,0.0,0.0,0.0,200905.375,88206.125,28.44,23.87,-0.9659258262890683,-0.25881904510252063,-0.7818314824680299,0.6234898018587334,-2.4492935982947064e-16,1.0,111.6075,106.5225,89.5725,91.10562499999999,10.700917531008292,113.8125
2025-12-28 18:00:00+00:00,113.8125,19.0,6.0,12.0,True,False,False,True,False,13414.768250000001,12943.59253125,6.77825,136.54166666666666,535.355,2280.808355,613.4475,0.0,0.0,622.605,944.785,0.0,0.0,700.12,1745.45,-613.4,622.575,-944.8,700.1,1970.025,4.9425,5.3475,5.525,5.0125,127.0,125.0,125.0,123.75,6.825,5.95,1030.875,1.286775,0.0,0.0,0.0,0.0,86.5,1.25,1.25,-0.050000000000000044,91.0,1030.8,15.0,85.0,5.0,90.0,10.0,0.0,0.0,0.0,248882.75,108510.25,28.44,23.87,-1.0,-1.8369701987210297e-16,-0.7818314824680299,0.6234898018587334,-2.4492935982947064e-16,1.0,115.0,104.0475,85.0,91.51249999999999,11.378581208836755,105.00999999999999
2025-12-28 19:00:00+00:00,105.00999999999999,20.0,6.0,12.0,True,False,False,True,False,12965.03825,12767.251375,8.1495,59.35333333333333,60.64375,1616.4421625,844.57725,0.0,0.0,622.6675,833.7025,0.0,0.0,700.12,1555.825,-844.6,622.675,-833.7,700.1,1833.725,5.0475,5.6325,5.8375,5.7125,119.5,118.0,118.0,114.75,6.925,6.1,1030.75,1.2859500000000001,0.0,0.0,0.0,0.0,100.0,0.7,0.7,-0.2,93.5,1030.725,13.0,89.0,2.5,45.0,10.0,0.0,0.0,0.0,296860.125,128814.375,28.44,23.87,-0.9659258262890684,0.2588190451025203,-0.7818314824680299,0.6234898018587334,-2.4492935982947064e-16,1.0,113.8125,100.9125,81.655,91.68322916666666,11.555125873657753,99.0275
2025-12-28 20:00:00+00:00,99.0275,21.0,6.0,12.0,True,False,False,True,False,12497.675500000001,12590.91021875,5.554916666666667,19.705,0.0,1480.9015125,1161.12775,0.0,0.0,622.73,719.385,0.0,0.0,700.12,1480.9,-1161.1,622.75,-719.375,700.1,1794.075,4.7975,5.3025,5.47,5.83,124.75,122.25,122.0,118.5,6.699999999999999,6.05,1030.5,1.28585,0.0,0.0,0.0,0.0,100.0,0.6000000000000001,0.6000000000000001,0.0,95.0,1030.6,10.5,92.5,3.0,12.5,10.0,0.0,0.0,0.0,344837.5,149118.5,28.44,23.87,-0.8660254037844386,0.5000000000000001,-0.7818314824680299,0.6234898018587334,-2.4492935982947064e-16,1.0,105.00999999999999,92.8,77.8275,91.94270833333333,11.650819548442435,98.2825
2025-12-28 21:00:00+00:00,98.2825,22.0,6.0,12.0,True,False,False,True,False,11956.286,12414.569062499999,4.804416666666667,-14.528333333333334,0.0,1656.1069175,1750.28375,0.0,0.0,622.7275,535.3149999999999,0.0,0.0,700.12,1656.1,-1750.3,622.725,-535.3,700.1,2006.075,4.465,4.8575,5.035,5.907500000000001,119.5,116.75,116.75,115.5,6.425000000000001,6.075,1030.2,1.285375,0.0,0.0,0.0,0.0,100.0,0.6000000000000001,-0.19999999999999996,0.2,96.0,1030.405,9.5,92.5,5.0,182.5,10.0,0.0,0.0,0.0,392814.875,169422.625,28.44,23.87,-0.7071067811865477,0.7071067811865474,-0.7818314824680299,0.6234898018587334,-2.4492935982947064e-16,1.0,99.0275,94.1125,75.9925,92.11645833333334,11.715499092076932,98.07
2025-12-28 22:00:00+00:00,98.07,23.0,6.0,12.0,True,False,False,True,False,11621.617,12238.22790625,5.008833333333333,-3.433333333333333,0.0,2179.159,2769.77025,0.0,0.0,622.5474999999999,190.4325,0.0,0.0,700.0325,2179.15,-2769.8,622.575,-190.425,700.025,2618.9,4.77,5.27,5.4399999999999995,6.3725000000000005,109.5,108.75,109.0,110.0,6.675,6.025,1029.775,1.28505,0.0,0.0,0.0,0.0,100.0,0.4,-1.0,0.10000000000000003,96.0,1029.9,9.5,92.5,5.5,180.0,10.0,0.0,0.0,0.0,440792.25,189726.75,28.44,23.87,-0.5000000000000004,0.8660254037844384,-0.7818314824680299,0.6234898018587334,-2.4492935982947064e-16,1.0,98.2825,89.89999999999999,70.905,92.45687500000001,11.766880387295492,92.53
2025-12-28 23:00:00+00:00,92.53,0.0,0.0,12.0,False,False,True,True,False,11448.79725,12061.88675,6.342916666666667,21.91166666666667,0.0,2290.45082,3253.00975,0.0,0.0,622.79,213.375,0.0,0.0,700.0,2290.425,-3253.0,622.775,-213.35,700.0,2586.6,6.119999999999999,6.467499999999999,6.6825,7.227499999999999,100.75,99.5,99.5,101.75,7.875,7.05,1029.05,1.279425,0.0,0.0,0.0,0.0,100.0,0.4,-0.35,-0.050000000000000044,95.0,1029.355,11.0,92.5,4.5,185.0,10.0,0.0,0.0,0.0,488769.625,210030.875,28.44,23.87,-0.25881904510252157,0.9659258262890681,-0.7818314824680299,0.6234898018587334,-2.4492935982947064e-16,1.0,98.07,84.52,70.22749999999999,92.79062499999999,11.644939053969262,94.1525
2025-12-29 00:00:00+00:00,94.1525,1.0,0.0,12.0,False,False,True,True,False,11263.728500000001,11801.206,5.061000000000001,-26.86,0.0,2145.1424975,3540.8385,0.0,0.0,622.73,353.6375,0.0,0.0,699.9475,2145.15,-3540.8,622.725,-353.65,699.95,2228.975,6.0200000000000005,6.6125,6.8675,7.6175,102.5,101.75,101.75,105.75,7.95,6.9,1028.7,1.2797,0.0,0.0,0.0,0.0,100.0,0.29999999999999993,-0.8,-0.24999999999999994,94.5,1029.1,11.0,92.5,4.0,202.5,10.0,0.0,0.0,0.0,536747.0,230335.0,28.25,25.81,0.0,1.0,0.0,1.0,-2.4492935982947064e-16,1.0,92.53,83.4775,68.825,93.23541666666667,11.476399570486198,86.2175
2025-12-29 01:00:00+00:00,86.2175,2.0,0.0,12.0,False,False,True,True,False,11011.33325,11565.38775,5.489583333333333,-1.5316666666666667,0.0,1898.0158325,3383.324,0.0,0.0,622.79,489.7425,0.0,0.0,699.9,1898.025,-3383.3,622.8,-489.75,699.9,1885.125,6.4325,7.1975,7.46,8.1275,184.0,187.75,187.75,102.75,8.35,6.65,1028.25,1.280275,0.0,0.0,0.0,0.0,100.0,0.6,-0.5,-0.15000000000000002,94.0,1028.6599999999999,11.0,91.5,3.5,170.0,10.0,0.0,0.0,0.0,861193.0,263131.0,28.25,25.81,0.25881904510252074,0.9659258262890683,0.0,1.0,-2.4492935982947064e-16,1.0,94.1525,79.66,67.785,93.50864583333333,11.21421012306869,82.19
2025-12-29 02:00:00+00:00,82.19,3.0,0.0,12.0,False,False,True,True,False,10949.064,11407.17575,4.764,-54.669999999999995,0.0,1491.67418,2852.1175,0.0,0.0,622.3675,728.3975,0.0,0.0,699.9,1491.675,-2852.1,622.35,-728.375,699.9,1372.5,7.095,7.8225,8.105,8.2625,104.0,104.0,104.25,104.0,9.0,7.4,1028.125,1.27665,0.0,0.0,0.0,0.0,100.0,0.9999999999999999,-1.0,0.09999999999999998,93.0,1028.48,12.5,90.5,5.0,340.0,10.0,0.0,0.0,0.0,1134945.0,303147.0,28.25,25.81,0.49999999999999994,0.8660254037844387,0.0,1.0,-2.4492935982947064e-16,1.0,86.2175,77.825,66.27000000000001,93.69052083333332,10.981777024649471,83.6375
2025-12-29 03:00:00+00:00,83.6375,4.0,0.0,12.0,False,False,True,True,False,10917.35425,11344.11825,4.518166666666667,-45.458333333333336,0.0,1245.1025025,2996.47275,0.0,0.0,622.8499999999999,781.0675,0.0,0.0,699.9,1245.125,-2996.5,622.85,-781.05,699.9,1037.65,7.140000000000001,7.7749999999999995,8.0475,8.1025,107.75,106.25,106.25,104.75,9.149999999999999,7.2,1027.85,1.27725,0.0,0.0,0.0,0.0,100.0,1.65,0.09999999999999998,0.29999999999999993,91.0,1027.855,13.5,90.5,8.0,135.0,10.0,0.0,0.0,0.0,1365610.0,338741.0,28.25,25.81,0.7071067811865475,0.7071067811865476,0.0,1.0,-2.4492935982947064e-16,1.0,82.19,78.565,65.4825,93.901875,10.723798332650356,90.7925
2025-12-29 04:00:00+00:00,90.7925,5.0,0.0,12.0,False,False,True,True,False,11068.835,11410.504,4.0055,-52.041666666666664,655.509165,818.39375,2523.21625,0.0,0.0,622.5474999999999,164.48000000000002,0.0,0.0,699.9,162.875,-2523.2,622.55,-164.475,699.9,690.05,6.7475,7.265000000000001,7.5625,7.905,105.0,103.0,103.25,101.0,9.075,7.225,1027.4,1.276575,0.0,0.0,0.0,0.0,100.0,1.8,-0.15,0.5,91.0,1027.385,14.5,92.5,9.5,137.5,10.0,0.0,0.0,0.0,1651211.0,311733.0,28.25,25.81,0.8660254037844386,0.5000000000000001,0.0,1.0,-2.4492935982947064e-16,1.0,83.6375,81.4875,68.395,94.28958333333334,10.419339138338716,96.3325
2025-12-29 05:00:00+00:00,96.3325,6.0,0.0,12.0,False,False,True,True,False,11908.938,11996.708,3.4564999999999997,-158.82166666666666,948.5583425,950.915,1892.41275,0.0,0.0,622.55,0.0,300.475,0.0,700.0174999999999,2.3500000000000014,-1892.4,622.55,300.475,700.025,1152.3249999999998,7.3125,7.99,8.2975,8.375,103.75,102.75,102.5,101.75,9.6,7.6,1027.025,1.274375,0.0,0.0,0.0,0.0,100.0,2.05,-0.5,0.7500000000000001,91.0,1027.155,13.0,92.5,10.0,145.0,10.0,0.0,0.0,0.0,1626132.0,317169.0,28.25,25.81,0.9659258262890683,0.25881904510252074,0.0,1.0,-2.4492935982947064e-16,1.0,90.7925,84.48,74.88,94.7834375,10.213019445905928,104.6875
2025-12-29 06:00:00+00:00,104.6875,7.0,0.0,12.0,False,False,True,True,False,13179.2105,12867.734,2.8521666666666667,-126.28999999999999,1012.9841725,876.6915,1866.26975,0.0,0.0,622.1875,0.0,398.8275,0.0,683.7225000000001,-136.3,-1866.3,622.175,398.8,683.725,1101.875,7.25,8.0525,8.379999999999999,8.5075,106.5,104.5,104.5,102.75,9.375,7.475,1027.025,1.274975,0.0,0.0,0.0,0.0,100.0,2.4,-0.5,1.1500000000000001,92.0,1027.08,12.0,95.0,10.0,155.0,10.0,0.0,0.0,0.0,1483528.0,319898.0,28.25,25.81,1.0,6.123233995736766e-17,0.0,1.0,-2.4492935982947064e-16,1.0,96.3325,89.275,89.0175,95.42562500000001,10.335423421891809,113.8775
2025-12-29 07:00:00+00:00,113.8775,8.0,0.0,12.0,False,False,True,True,False,14429.617999999999,13796.67875,6.710666666666667,67.50833333333334,444.4633375,1074.81975,2186.0395,0.0,0.0,622.6099999999999,0.0,735.545,0.0,698.6625,630.35,-2186.0,622.6,735.55,698.6500000000001,2140.675,7.699999999999999,8.4775,8.8025,8.725,102.5,103.0,103.0,103.5,9.425,7.725,1027.05,1.27385,0.0,0.0,0.0,0.0,100.0,2.65,0.0,1.45,92.5,1027.09,13.0,97.0,9.5,147.5,10.0,0.0,0.0,0.0,1340036.0,247562.0,28.25,25.81,0.9659258262890683,-0.25881904510252063,0.0,1.0,-2.4492935982947064e-16,1.0,104.6875,95.0,92.17,96.21218750000001,10.9986652923581,110.995
2025-12-29 08:00:00+00:00,110.995,9.0,0.0,12.0,False,False,True,True,False,14771.51125,14372.61725,6.531499999999999,78.52166666666668,0.0,2040.9608349999999,2213.30125,0.0,0.0,622.8499999999999,0.0,124.7675,0.0,699.57,2040.95,-2213.3,622.825,124.775,699.6,2934.825,6.215,6.935,7.2125,7.4375,103.75,101.75,101.75,99.5,8.75,7.55,1027.1,1.2747249999999999,0.0,0.0,0.0,0.0,99.75,3.05,0.5,1.55,90.5,1027.0549999999998,13.5,97.5,9.5,147.5,10.0,0.0,0.0,67517.0,1154292.0,308786.0,28.25,25.81,0.8660254037844387,-0.49999999999999983,0.0,1.0,-2.4492935982947064e-16,1.0,113.8775,94.42,91.0275,96.9028125,11.394501303367925,104.0
2025-12-29 09:00:00+00:00,104.0,10.0,0.0,12.0,False,False,True,True,False,14267.98275,14523.582,7.007083333333333,22.19333333333333,0.0,2930.1641625,2304.57975,0.0,0.0,622.6075,405.14,0.0,0.0,699.76,2930.175,-2304.6,622.625,-405.15,699.75,3271.2250000000004,7.005000000000001,7.6675,7.9575,7.967499999999999,95.75,96.25,96.5,96.0,8.925,7.675,1027.15,1.2742,14.5,1.1,13.4,11.6,100.0,3.55,1.5,1.95,88.5,1027.18,14.5,97.5,10.0,327.5,10.0,0.0,0.0,566699.0,901590.0,358882.0,28.25,25.81,0.7071067811865476,-0.7071067811865475,0.0,1.0,-2.4492935982947064e-16,1.0,110.995,88.805,88.9475,97.5359375,11.347040119049685,97.36500000000001
2025-12-29 10:00:00+00:00,97.36500000000001,11.0,0.0,12.0,False,False,True,True,False,13816.7605,14305.184000000001,8.716666666666667,123.39833333333333,0.0,3435.610835,2523.37725,0.0,0.0,622.67,722.045,0.0,0.0,699.64,3435.575,-2523.4,622.675,-722.025,699.6,3405.025,7.205,8.030000000000001,8.37,8.3975,267.5,268.5,268.75,268.75,8.775,7.85,1027.075,1.2732999999999999,31.75,0.9,30.849999999999998,5.775,100.0,4.4,2.0,2.5,88.0,1027.105,15.0,97.5,9.5,312.5,10.0,0.0,0.0,1102690.0,811380.0,493435.0,28.25,25.81,0.49999999999999994,-0.8660254037844387,0.0,1.0,-2.4492935982947064e-16,1.0,104.0,88.3675,84.9125,97.91083333333331,11.17833346028304,96.7725
2025-12-29 11:00:00+00:00,96.7725,12.0,0.0,12.0,False,False,True,True,False,13572.206,14138.8375,7.4,98.95,0.0,3497.6183375,2652.71,0.0,0.0,622.365,806.8775,0.0,0.0,699.6424999999999,3497.625,-2652.7,622.375,-806.875,699.6,3349.575,6.904999999999999,7.59,7.9575,8.1675,178.0,179.25,179.5,180.0,8.825,7.9,1026.8,1.27275,54.5,5.45,49.050000000000004,25.35,96.25,4.95,2.5,3.05,87.5,1026.8899999999999,16.0,95.5,9.5,312.5,20.0,0.0,10.0,1533460.0,759813.0,591632.0,28.25,25.81,0.258819045102521,-0.9659258262890682,0.0,1.0,-2.4492935982947064e-16,1.0,97.36500000000001,80.0225,86.8925,98.60874999999999,10.516201630776138,95.5925
2025-12-29 12:00:00+00:00,95.5925,13.0,0.0,12.0,False,False,True,True,False,13805.73725,13932.66875,4.3175,-192.87333333333333,0.0,2906.25749,2698.02325,0.0,0.0,622.67,424.97249999999997,0.0,0.0,699.65,2906.275,-2698.0,622.675,-424.95,699.6,3129.125,6.9125,7.74,8.075,8.25,260.25,260.75,261.0,261.75,9.0,7.975,1026.275,1.27175,115.0,32.5,82.5,133.175,100.0,5.6,3.5,3.6,88.0,1026.155,15.0,97.5,11.5,300.0,15.0,0.0,5.0,1764984.0,647656.0,846626.0,28.25,25.81,1.2246467991473532e-16,-1.0,0.0,1.0,-2.4492935982947064e-16,1.0,96.7725,80.025,88.95,99.25739583333335,9.774024205692793,96.14
2025-12-29 13:00:00+00:00,96.14,14.0,0.0,12.0,False,False,True,True,False,14160.369999999999,13856.227,5.236916666666667,-102.16166666666666,0.0,2093.3624925,2992.20525,0.0,0.0,622.4275,451.325,0.0,0.0,699.65,2093.35,-2992.2,622.425,-451.3,699.6,2216.075,7.7325,8.7025,9.0875,9.182500000000001,256.25,256.5,256.5,256.75,9.85,8.125,1026.025,1.270775,83.5,17.7,65.80000000000001,77.65,96.5,5.75,3.0,3.8,88.0,1025.8000000000002,16.0,100.0,12.5,315.0,15.0,0.0,5.0,1735943.0,1144160.0,1202767.0,28.25,25.81,-0.2588190451025208,-0.9659258262890683,0.0,1.0,-2.4492935982947064e-16,1.0,95.5925,85.6625,92.0925,99.69395833333333,9.365868913143995,102.445
2025-12-29 14:00:00+00:00,102.445,15.0,0.0,12.0,False,False,True,True,False,14701.614,13826.8325,6.403,-28.45,0.0,1957.953325,3302.2945,0.0,0.0,622.185,253.6975,0.0,0.0,699.7825,1957.975,-3302.3,622.175,-253.725,699.8000000000001,2200.675,8.209999999999999,9.412500000000001,9.775,9.95,260.0,260.5,260.25,261.0,10.375,8.1,1025.875,1.2707,64.75,12.375,52.375,70.375,100.0,6.0,3.0,4.1,87.5,1025.415,16.0,100.0,13.5,320.0,15.0,0.0,5.0,1073997.0,1389105.0,1212637.0,28.25,25.81,-0.4999999999999998,-0.8660254037844388,0.0,1.0,-2.4492935982947064e-16,1.0,96.14,98.3425,98.01,99.86489583333334,9.377561171290484,106.9975
2025-12-29 15:00:00+00:00,106.9975,16.0,0.0,12.0,False,False,True,True,False,15316.2015,13976.495333333332,6.4334999999999996,-10.9,0.0,2209.4250025,2938.86225,0.0,0.0,621.8199999999999,712.2425000000001,0.0,0.0,699.0600000000001,2209.425,-2938.9,621.825,-712.275,699.075,2083.35,8.59,10.0825,10.46,10.817499999999999,261.0,261.75,262.0,263.0,11.05,8.075,1025.775,1.2707,18.25,0.05,18.2,0.525,100.0,6.15,4.0,3.95,86.5,1025.345,16.0,100.0,12.5,312.5,15.0,0.0,5.0,213042.0,1616455.0,1315678.0,28.25,25.81,-0.7071067811865471,-0.7071067811865479,0.0,1.0,-2.4492935982947064e-16,1.0,102.445,108.22,100.0075,99.81395833333333,9.333420633164907,106.87
2025-12-29 16:00:00+00:00,106.87,17.0,0.0,12.0,False,False,True,True,False,15578.69075,13559.972666666667,8.57325,187.71666666666667,195.2016625,1858.4275025,2479.7115,0.0,0.0,621.8800000000001,616.12,0.0,0.0,635.9849999999999,1663.225,-2479.7,621.85,-616.15,635.9749999999999,1685.05,9.105,10.6725,11.1025,11.3725,181.0,182.0,182.0,182.75,11.675,8.125,1025.65,1.270325,1.5,0.0,1.5,0.0,100.0,5.55,2.5,4.75,94.5,1024.95,10.5,100.0,15.0,330.0,10.0,0.0,0.0,0.0,384708.0,487592.0,28.25,25.81,-0.8660254037844384,-0.5000000000000004,0.0,1.0,-2.4492935982947064e-16,1.0,106.9975,111.6075,106.5125,99.6165625,9.120826556404825,104.175
2025-12-29 17:00:00+00:00,104.175,18.0,0.0,12.0,False,False,True,True,False,15034.2245,13143.449999999999,8.380166666666666,173.96666666666667,716.6258325,1205.56,2505.3125,0.0,0.0,622.79,810.0125,0.0,0.0,696.6875,488.90000000000003,-2505.3,622.775,-810.0250000000001,696.65,372.04999999999995,9.0375,10.55,10.9875,11.2975,96.0,96.5,96.5,96.75,12.125,8.05,1025.675,1.2707000000000002,0.0,0.0,0.0,0.0,100.0,5.35,2.0,4.5,94.5,1024.8049999999998,11.0,100.0,17.0,157.5,10.0,0.0,0.0,0.0,723178.625,597385.625,28.25,25.81,-0.9659258262890683,-0.25881904510252063,0.0,1.0,-2.4492935982947064e-16,1.0,106.87,115.0,101.77,99.16552083333335,8.578549207787125,96.5
2025-12-29 18:00:00+00:00,96.5,19.0,0.0,12.0,False,False,True,True,False,14562.320749999999,12726.927333333333,6.8165000000000004,92.03333333333333,1056.9800074999998,1237.01,2832.03975,0.0,0.0,622.4875,702.64,0.0,0.0,700.005,180.05,-2832.0,622.475,-702.65,700.025,91.87499999999997,9.93,11.585,12.02,12.3175,9.25,10.0,10.0,11.0,12.625,8.100000000000001,1026.125,1.2710249999999998,0.0,0.0,0.0,0.0,99.75,5.25,2.0,3.65,90.0,1025.4099999999999,13.5,95.0,17.0,170.0,10.0,0.0,0.0,0.0,1061649.25,707179.25,28.25,25.81,-1.0,-1.8369701987210297e-16,0.0,1.0,-2.4492935982947064e-16,1.0,104.175,113.8125,95.2775,98.44416666666667,8.001867196048469,91.3225
2025-12-29 19:00:00+00:00,91.3225,20.0,0.0,12.0,False,False,True,True,False,14126.70475,12310.404666666665,4.322500000000001,-149.05,1619.0999875,1453.865,2410.8165,0.0,0.0,622.485,622.3,0.0,0.0,697.1675,-165.225,-2410.8,622.475,-622.3,697.175,-70.60000000000002,10.025,11.65,12.14,12.4325,105.25,105.5,105.5,105.75,13.125,8.075,1026.6,1.271725,0.0,0.0,0.0,0.0,86.0,4.9,1.5,3.05,88.0,1025.8000000000002,13.5,96.5,15.5,170.0,10.0,0.0,0.0,0.0,1400119.875,816972.875,28.25,25.81,-0.9659258262890684,0.2588190451025203,0.0,1.0,-2.4492935982947064e-16,1.0,96.5,105.00999999999999,89.255,97.87385416666666,8.001328761225054,84.19
2025-12-29 20:00:00+00:00,84.19,21.0,0.0,12.0,False,False,True,True,False,13493.25225,11893.882,4.465583333333333,-64.00833333333334,1332.877505,1580.5125,2302.627,0.0,0.0,621.46,795.105,0.0,0.0,629.265,247.65,-2302.6,621.45,-795.1,629.275,127.625,10.024999999999999,11.6,12.06,12.3275,104.25,104.5,104.5,105.0,13.4,7.875,1026.9,1.273,0.0,0.0,0.0,0.0,71.75,4.75,1.5,2.4,85.5,1026.15,15.0,96.5,15.5,170.0,10.0,0.0,0.0,0.0,1738590.5,926766.5,28.25,25.81,-0.8660254037844386,0.5000000000000001,0.0,1.0,-2.4492935982947064e-16,1.0,91.3225,99.0275,84.89750000000001,97.255625,8.467926740829258,88.2
2025-12-29 21:00:00+00:00,88.2,22.0,0.0,12.0,False,False,True,True,False,12758.92975,11477.359333333334,11.775833333333333,166.91666666666666,970.185015,1621.805,2460.42725,0.0,0.0,622.0,889.04,0.0,0.0,331.03000000000003,651.625,-2460.4,621.975,-889.0500000000001,331.05,100.5,10.205,11.58,12.02,12.165,20.5,20.5,20.5,19.75,13.350000000000001,7.75,1027.425,1.274225,0.0,0.0,0.0,0.0,77.25,4.95,1.5,1.95,81.5,1026.63,16.0,92.5,16.0,170.0,10.0,0.0,0.0,0.0,2077061.125,1036560.125,28.25,25.81,-0.7071067811865477,0.7071067811865474,0.0,1.0,-2.4492935982947064e-16,1.0,84.19,98.2825,84.8,96.83552083333335,8.66263135853665,83.39
2025-12-29 22:00:00+00:00,83.39,23.0,0.0,12.0,False,False,True,True,False,11953.623,11060.836666666666,4.1066666666666665,-67.38333333333334,782.8475025,1623.095,2923.16125,0.0,0.0,622.5474999999999,843.5025,0.0,0.0,585.785,840.25,-2923.2,622.55,-843.5,585.8,474.25,9.955,11.282499999999999,11.7375,11.9125,108.25,108.5,108.5,108.75,13.325000000000001,7.65,1027.85,1.2752,0.0,0.0,0.0,0.0,51.5,4.9,1.5,1.6,80.0,1027.0500000000002,16.0,90.0,17.5,167.5,10.0,0.0,0.0,0.0,2415531.75,1146353.75,28.25,25.81,-0.5000000000000004,0.8660254037844384,0.0,1.0,-2.4492935982947064e-16,1.0,88.2,98.07,78.2875,96.22385416666667,9.079901388661407,77.9775
2025-12-29 23:00:00+00:00,77.9775,0.0,1.0,12.0,False,False,True,True,False,11332.687,10644.314,5.475416666666666,68.88333333333334,838.150005,1628.2775000000001,2979.341,0.0,0.0,622.3675,633.385,0.0,0.0,699.76,790.125,-2979.3,622.35,-633.4,699.775,734.05,9.55,10.79,11.2025,11.4175,19.0,18.75,18.75,18.0,12.25,7.574999999999999,1027.825,1.2755,0.0,0.0,0.0,0.0,48.0,4.6,1.0,0.95,77.5,1027.185,16.0,80.0,16.0,165.0,15.0,0.0,5.0,0.0,2754002.375,1256147.375,28.25,25.81,-0.25881904510252157,0.9659258262890681,0.0,1.0,-2.4492935982947064e-16,1.0,83.39,92.53,79.6275,95.6175,9.795045164909443,73.4
2025-12-30 00:00:00+00:00,73.4,1.0,1.0,12.0,False,False,True,True,False,10789.82825,10277.235,6.255166666666667,80.76666666666667,897.377495,1532.5575,2579.16625,0.0,0.0,622.1825,905.48,0.0,0.0,699.62,635.2,-2579.2,622.175,-905.475,699.625,406.70000000000005,10.8525,12.282499999999999,12.76,12.875,20.25,20.5,20.5,20.5,13.9,7.475,1028.525,1.276825,0.0,0.0,0.0,0.0,50.0,4.55,1.0,0.6,76.0,1027.35,16.0,70.0,17.0,170.0,17.5,0.0,10.0,0.0,3092473.0,1365941.0,28.25,23.61,0.0,1.0,0.7818314824680298,0.6234898018587336,-2.4492935982947064e-16,1.0,77.9775,94.1525,74.21000000000001,94.7528125,10.794953690027754,72.1825
2025-12-30 01:00:00+00:00,72.1825,2.0,1.0,12.0,False,False,True,True,False,10565.42425,10085.52925,4.837166666666667,-4.1,913.59833,1431.8625,2390.81925,0.0,0.0,569.05,870.875,0.0,0.0,687.0225,518.275,-2390.8,569.025,-870.875,687.05,305.75,10.502500000000001,11.8425,12.2975,12.4075,14.0,14.75,14.75,15.5,13.3,7.5,1028.725,1.276975,0.0,0.0,0.0,0.0,46.75,4.3,1.0,0.05,74.5,1027.775,16.0,65.0,17.5,172.5,7.5,0.0,0.0,0.0,3280423.0,1251799.0,28.25,23.61,0.25881904510252074,0.9659258262890683,0.7818314824680298,0.6234898018587336,-2.4492935982947064e-16,1.0,73.4,86.2175,63.91,94.16802083333334,11.625634110316092,69.5575
2025-12-30 02:00:00+00:00,69.5575,3.0,1.0,12.0,False,False,True,True,False,10597.4845,10107.569,4.540333333333334,-75.88333333333334,935.7983375,1517.4475,1886.72075,0.0,0.0,381.40250000000003,1041.8325,0.0,0.0,434.345,581.65,-1886.7,381.425,-1041.825,434.35,-116.10000000000001,9.7025,10.7625,11.18,11.2425,19.5,19.5,19.5,19.5,12.55,7.225,1029.075,1.278625,0.0,0.0,0.0,0.0,53.75,4.1,0.5,-0.25,73.5,1028.25,16.0,65.0,17.0,175.0,7.5,0.0,0.0,0.0,3527360.0,1420428.0,28.25,23.61,0.49999999999999994,0.8660254037844387,0.7818314824680298,0.6234898018587336,-2.4492935982947064e-16,1.0,72.1825,82.19,59.652499999999996,93.64166666666667,12.44837872861446,68.845
2025-12-30 03:00:00+00:00,68.845,4.0,1.0,12.0,False,False,True,True,False,10526.58975,9953.96025,5.589,51.22166666666667,1156.7682325,1403.2275,1787.07225,0.0,0.0,426.9075,1039.58,0.0,0.0,537.9325,246.475,-1787.1,426.90000000000003,-1039.6,537.95,-275.025,10.1825,11.355,11.795,11.8375,108.75,109.0,109.0,108.25,13.275,7.2250000000000005,1029.1750000000002,1.27875,0.0,0.0,0.0,0.0,10.25,4.2,0.5,-0.4,72.5,1028.4,16.0,66.0,16.5,172.5,17.5,0.0,10.0,0.0,3465882.0,1153814.0,28.25,23.61,0.7071067811865475,0.7071067811865476,0.7818314824680298,0.6234898018587336,-2.4492935982947064e-16,1.0,69.5575,83.6375,58.2375,93.0253125,13.302178583267763,72.295
2025-12-30 04:00:00+00:00,72.295,5.0,1.0,12.0,False,False,True,True,False,10740.093499999999,10286.679,4.784,6.356666666666667,1450.3083325,1262.5475,1626.0825,0.0,0.0,611.0475,753.8299999999999,0.0,0.0,674.2225,-187.775,-1626.1,611.0500000000001,-753.85,674.225,-62.800000000000026,9.97,11.1225,11.55,11.7,106.5,106.75,107.0,106.75,13.174999999999999,7.0,1029.5,1.2802,0.0,0.0,0.0,0.0,29.0,4.25,0.5,-0.8,70.0,1028.32,16.0,65.0,17.0,172.5,12.5,0.0,5.0,0.0,3320916.0,1011875.0,28.25,23.61,0.8660254037844386,0.5000000000000001,0.7818314824680298,0.6234898018587336,-2.4492935982947064e-16,1.0,68.845,90.7925,58.605,92.25458333333331,13.95693190455595,80.1925
2025-12-30 05:00:00+00:00,80.1925,6.0,1.0,12.0,False,False,True,True,False,12124.29375,10808.4365,4.9915,-35.01166666666667,1505.032475,1364.64,1516.83975,0.0,0.0,564.5725,617.575,0.0,0.0,688.58,-140.4,-1516.8,564.575,-617.5749999999999,688.575,115.975,10.325,11.4475,11.8625,11.8325,104.0,104.25,104.25,104.75,13.399999999999999,7.05,1029.5,1.27995,0.0,0.0,0.0,0.0,0.0,4.05,0.5,-1.1,70.0,1028.565,16.0,60.5,17.0,172.5,7.5,0.0,0.0,0.0,3424608.0,1010429.0,28.25,23.61,0.9659258262890683,0.25881904510252074,0.7818314824680298,0.6234898018587336,-2.4492935982947064e-16,1.0,72.295,96.3325,68.36,91.58208333333333,14.139548465106909,88.07
2025-12-30 06:00:00+00:00,88.07,7.0,1.0,12.0,False,False,True,True,False,13901.10775,11662.57675,4.450833333333334,-37.47166666666667,1736.033335,1357.4325,1113.849,0.0,0.0,622.305,195.5975,0.0,0.0,700.1875,-378.575,-1113.8,622.3,-195.6,700.1500000000001,469.825,10.225,11.345,11.765,11.8325,102.75,102.75,12.75,13.5,13.175,6.825,1029.875,1.281475,0.0,0.0,0.0,0.0,24.0,3.75,0.0,-1.25,71.0,1028.935,16.0,66.0,15.5,172.5,12.5,0.0,5.0,0.0,3388672.0,873659.0,28.25,23.61,1.0,6.123233995736766e-17,0.7818314824680298,0.6234898018587336,-2.4492935982947064e-16,1.0,80.1925,104.6875,80.3475,90.8896875,13.8742708447756,94.8775
2025-12-30 07:00:00+00:00,94.8775,8.0,1.0,12.0,False,False,True,True,False,15025.6055,12617.757249999999,7.641666666666667,84.98333333333333,763.1825025,1489.8425,1607.37475,0.0,0.0,622.3625,0.0,92.09,0.0,699.995,726.675,-1607.4,622.375,92.1,699.975,1739.275,10.1775,11.275,11.6925,11.8125,109.25,108.0,108.0,106.75,12.9,6.800000000000001,1030.325,1.282125,0.0,0.0,0.0,0.0,3.5,3.65,0.0,-1.15,71.5,1029.3,16.0,69.5,16.0,172.5,12.5,0.0,5.0,0.0,3139361.0,921384.0,28.25,23.61,0.9659258262890683,-0.25881904510252063,0.7818314824680298,0.6234898018587336,-2.4492935982947064e-16,1.0,88.07,113.8775,88.0,90.09802083333334,13.021412903768233,94.3925
2025-12-30 08:00:00+00:00,94.3925,9.0,1.0,12.0,False,False,True,True,False,15146.705,12881.16475,8.1905,172.67666666666668,28.1325025,1792.8375,1805.31,0.0,0.0,622.55,278.9675,0.0,0.0,699.83,1764.725,-1805.3,622.525,-278.975,699.8,2356.775,9.8325,10.865,11.29,11.3225,20.75,20.25,20.25,19.75,12.875,6.85,1030.8,1.2825,0.25,0.0,0.25,0.0,0.0,3.95,0.5,-1.0,70.5,1029.915,16.0,68.0,16.0,172.5,12.5,0.0,5.0,524239.0,2779041.0,957935.0,28.25,23.61,0.8660254037844387,-0.49999999999999983,0.7818314824680298,0.6234898018587336,-2.4492935982947064e-16,1.0,94.8775,110.995,92.37,89.40625,12.283055047680635,85.82
2025-12-30 09:00:00+00:00,85.82,10.0,1.0,12.0,False,False,True,True,False,14894.36425,12145.39675,2.81225,-251.98,0.0,2263.0675025,2534.7505,0.0,0.0,622.545,1085.3625000000002,0.0,0.0,699.8900000000001,2263.05,-2534.8,622.55,-1085.3500000000001,699.875,1866.45,9.1075,9.91,10.275,10.282499999999999,20.5,19.75,19.75,18.75,12.075,6.6,1031.175,1.284125,46.75,14.25,32.5,146.77499999999998,0.75,4.25,0.5,-0.75,70.0,1030.47,16.0,63.0,16.0,172.5,7.5,0.0,0.0,4423937.0,2242176.0,856085.0,28.25,23.61,0.7071067811865476,-0.7071067811865475,0.7818314824680298,0.6234898018587336,-2.4492935982947064e-16,1.0,94.3925,104.0,89.9025,88.64875,11.898486293935088,79.38
2025-12-30 10:00:00+00:00,79.38,11.0,1.0,12.0,False,False,True,True,False,14746.38775,11087.9355,4.025666666666667,-151.64166666666668,0.0,1739.0650025,2187.939,0.0,0.0,619.645,1081.9025000000001,0.0,0.0,692.3575,1739.075,-2187.9,619.6500000000001,-1081.9,692.375,1422.175,8.875,9.655000000000001,10.015,10.094999999999999,105.5,105.25,105.25,104.5,11.425,6.7,1031.425,1.283975,136.0,61.900000000000006,74.1,382.175,17.25,4.95,2.0,-0.19999999999999998,69.5,1030.73,16.0,47.5,14.5,172.5,7.5,0.0,5.0,6011375.0,2201680.0,1060026.0,28.25,23.61,0.49999999999999994,-0.8660254037844387,0.7818314824680298,0.6234898018587336,-2.4492935982947064e-16,1.0,85.82,97.36500000000001,82.5,87.899375,11.892015321077563,76.155
2025-12-30 11:00:00+00:00,76.155,12.0,1.0,12.0,False,False,True,True,False,14495.8175,10598.09075,2.0338333333333334,-252.97333333333333,0.0,1877.1916775,1781.45025,0.0,0.0,589.655,1069.79,0.0,0.0,533.635,1877.2,-1781.5,589.675,-1069.8249999999998,533.625,1485.325,8.675,9.557500000000001,9.9125,10.0475,104.5,104.25,104.25,104.0,10.9,6.775,1031.625,1.28385,177.5,85.025,92.475,384.70000000000005,18.75,5.449999999999999,2.5,-0.09999999999999998,67.5,1030.75,16.0,42.5,14.5,172.5,2.5,0.0,0.0,6979610.0,1922108.0,1208777.0,28.25,23.61,0.258819045102521,-0.9659258262890682,0.7818314824680298,0.6234898018587336,-2.4492935982947064e-16,1.0,79.38,96.7725,81.4875,87.04031249999998,11.967613777093039,76.21000000000001
2025-12-30 12:00:00+00:00,76.21000000000001,13.0,1.0,12.0,False,False,True,True,False,14604.685000000001,10671.66325,2.262166666666667,-269.585,0.0,2530.4583325,1561.6615,0.0,0.0,601.8475,1068.715,0.0,0.0,413.4675,2530.45,-1561.7,601.875,-1068.725,413.45,2086.6499999999996,8.8525,9.645,10.0025,10.0025,97.5,98.25,98.5,99.0,11.4,6.85,1031.05,1.2828,226.75,124.175,102.575,496.875,2.5,5.85,3.0,-0.15000000000000002,65.5,1030.52,16.0,43.0,14.5,177.5,5.0,0.5,0.0,7101227.0,1710274.0,1218314.0,28.25,23.61,1.2246467991473532e-16,-1.0,0.7818314824680298,0.6234898018587336,-2.4492935982947064e-16,1.0,76.155,95.5925,79.8125,86.23270833333333,12.019276725252322,86.53
2025-12-30 13:00:00+00:00,86.53,14.0,1.0,12.0,False,False,True,True,False,14936.920750000001,11301.75425,7.333333333333333,99.38000000000001,0.0,2895.595835,1879.87525,0.0,0.0,454.3125,1039.77,0.0,382.8775,0.3975,2895.6,-1879.9,454.29999999999995,-1039.775,-382.47499999999997,1457.7,9.0,9.78,10.1175,10.1275,98.25,98.75,98.5,98.25,11.425,6.75,1030.95,1.28315,210.25,111.44999999999999,98.80000000000001,468.275,1.0,5.949999999999999,3.0,-0.65,63.0,1030.3000000000002,16.0,44.5,16.0,2.5,5.0,0.0,0.0,5388552.0,1416280.0,1486908.0,28.25,23.61,-0.2588190451025208,-0.9659258262890683,0.7818314824680298,0.6234898018587336,-2.4492935982947064e-16,1.0,76.21000000000001,96.14,79.85249999999999,85.83229166666666,11.83351035601939,98.36
2025-12-30 14:00:00+00:00,98.36,15.0,1.0,12.0,False,False,True,True,False,15313.778999999999,12666.65925,20.3335,156.38666666666668,0.0,2013.7869125000002,2195.08325,0.0,0.0,502.43500000000006,368.395,0.0,473.1125,0.0,2013.775,-2195.1,502.45000000000005,-368.425,-473.125,1125.9499999999998,9.2525,10.245000000000001,10.6175,10.76,99.0,99.25,99.25,98.5,12.075,6.75,1030.825,1.283,162.75,79.15,83.6,419.45000000000005,0.5,5.5,2.5,-1.0,63.0,1030.065,16.0,40.0,12.5,177.5,2.5,0.0,0.0,3929990.0,1548622.0,1149559.0,28.25,23.61,-0.4999999999999998,-0.8660254037844388,0.7818314824680298,0.6234898018587336,-2.4492935982947064e-16,1.0,86.53,102.445,82.48750000000001,85.66208333333333,11.611466120650661,105.8975
2025-12-30 15:00:00+00:00,105.8975,16.0,1.0,12.0,False,False,True,True,False,15721.77125,13476.078666666666,16.65,339.5183333333333,0.0,2163.786995,2075.6685,0.0,0.0,551.6825,392.2525,0.0,353.695,0.1,2163.8,-2075.7,551.675,-392.25,-353.59999999999997,1450.7,8.7,9.5475,9.875,9.8725,95.75,95.75,95.5,95.75,11.9,6.925,1031.025,1.282425,79.0,29.15,49.85,254.175,25.0,4.800000000000001,2.0,-1.25,65.0,1030.25,16.0,44.5,13.0,175.0,5.0,0.0,0.0,340676.0,1295409.0,643698.0,28.25,23.61,-0.7071067811865471,-0.7071067811865479,0.7818314824680298,0.6234898018587336,-2.4492935982947064e-16,1.0,98.36,106.9975,89.0,85.61625,11.525440692319643,109.0775
2025-12-30 16:00:00+00:00,109.0775,17.0,1.0,12.0,False,False,True,True,False,16032.222249999999,13269.118083333333,9.338166666666666,126.58666666666666,0.0,2275.3401725,1863.45275,0.0,0.0,622.73,283.4875,0.0,0.0,252.5825,2275.35,-1863.5,622.725,-283.475,252.60000000000002,2401.3,9.32,10.285,10.64,10.614999999999998,178.25,178.5,178.5,178.5,11.7,6.725,1030.875,1.2832,5.5,0.22499999999999998,5.275,3.5,41.75,3.95,1.0,-0.15000000000000002,75.0,1030.1999999999998,16.0,50.0,13.5,172.5,12.5,0.0,0.0,0.0,258084.0,185816.0,28.25,23.61,-0.8660254037844384,-0.5000000000000004,0.7818314824680298,0.6234898018587336,-2.4492935982947064e-16,1.0,105.8975,106.87,89.9,85.70822916666667,11.709766141409794,108.5
2025-12-30 17:00:00+00:00,108.5,18.0,1.0,12.0,False,False,True,True,False,15504.393250000001,13062.1575,7.323833333333334,23.805,10.551665,1557.196085,1372.737,0.0,0.0,621.0350000000001,241.8225,0.0,220.4125,122.42,1546.65,-1372.7,621.025,-241.825,-97.95,1484.675,9.48,10.215,10.5775,10.3675,101.75,101.0,100.75,98.5,12.4,6.35,1030.8,1.2848000000000002,0.0,0.0,0.0,0.0,25.0,3.25,0.0,0.10000000000000003,80.5,1030.3000000000002,16.0,45.0,14.0,170.0,2.5,0.0,0.0,0.0,356923.25,209453.25,28.25,23.61,-0.9659258262890683,-0.25881904510252063,0.7818314824680298,0.6234898018587336,-2.4492935982947064e-16,1.0,109.0775,104.175,83.9575,85.88843750000001,12.035079383521602,105.6425
2025-12-30 18:00:00+00:00,105.6425,19.0,1.0,12.0,False,False,True,True,False,14964.824499999999,12855.196916666666,20.496666666666666,215.9,473.68876,60.47225,666.79,0.0,0.0,622.425,555.8399999999999,0.0,0.0,596.1025,-413.225,-666.8,622.425,-555.85,596.1,82.75,9.36,10.1425,10.557500000000001,10.440000000000001,92.75,92.75,93.25,93.75,12.825,6.4,1030.625,1.28435,0.0,0.0,0.0,0.0,86.25,2.85,0.0,0.25,84.0,1030.315,16.0,42.5,13.0,167.5,15.0,0.0,5.0,0.0,455762.5,233090.5,28.25,23.61,-1.0,-1.8369701987210297e-16,0.7818314824680298,0.6234898018587336,-2.4492935982947064e-16,1.0,108.5,96.5,82.52,86.26937500000001,12.520465208965552,100.645
2025-12-30 19:00:00+00:00,100.645,20.0,1.0,12.0,False,False,True,True,False,14108.191,12648.236333333334,7.443333333333333,23.485,0.0,1275.5118400000001,1923.8955,0.0,0.0,622.0625,639.615,0.0,2.4375,374.4125,1275.5,-1923.9,622.075,-639.625,371.975,1148.95,7.995,8.7225,9.1125,9.2625,101.0,100.5,99.5,94.75,11.7,6.625,1030.55,1.283225,0.0,0.0,0.0,0.0,73.0,2.4499999999999997,0.0,0.20000000000000007,85.5,1030.225,15.0,45.5,10.0,162.5,2.5,0.0,5.0,0.0,554601.75,256727.75,28.25,23.61,-0.9659258262890684,0.2588190451025203,0.7818314824680298,0.6234898018587336,-2.4492935982947064e-16,1.0,105.6425,91.3225,78.005,86.65781249999999,12.824959431084812,92.995
2025-12-30 20:00:00+00:00,92.995,21.0,1.0,12.0,False,False,True,True,False,13511.647,12441.27575,7.1154166666666665,74.94333333333334,0.0,750.1711625,1877.39725,0.0,0.0,554.4075,97.1925,0.0,7.3375,217.215,750.1750000000001,-1877.4,554.425,-97.19999999999999,209.875,947.925,9.09,9.9025,10.26,10.2025,181.25,181.75,181.75,180.75,11.875,6.925,1030.5500000000002,1.28185,0.0,0.0,0.0,0.0,49.25,2.4,-0.5,0.15000000000000002,85.0,1030.365,16.0,45.0,10.5,162.5,7.5,0.0,5.0,0.0,653441.0,280365.0,28.25,23.61,-0.8660254037844386,0.5000000000000001,0.7818314824680298,0.6234898018587336,-2.4492935982947064e-16,1.0,100.645,84.19,69.93,87.02468750000001,12.877128281512793,92.06
2025-12-30 21:00:00+00:00,92.06,22.0,1.0,12.0,False,False,True,True,False,12804.381,12234.315166666667,7.766666666666667,176.27166666666665,852.567495,106.27775,1915.287,0.0,0.0,622.6075,0.0,362.02750000000003,0.0,695.1949999999999,-746.3,-1915.3,622.6,362.025,695.2,454.725,8.36,9.135,9.4775,9.432500000000001,264.25,264.75,264.75,264.75,11.575,6.8500000000000005,1030.45,1.282075,0.0,0.0,0.0,0.0,35.5,2.5500000000000003,0.0,0.09999999999999998,84.0,1030.3400000000001,16.0,47.0,10.5,157.5,10.0,0.0,5.0,0.0,752280.25,304002.25,28.25,23.61,-0.7071067811865477,0.7071067811865474,0.7818314824680298,0.6234898018587336,-2.4492935982947064e-16,1.0,92.995,88.2,71.41,87.18552083333333,12.91649122791695,85.8075
2025-12-30 22:00:00+00:00,85.8075,23.0,1.0,12.0,False,False,True,True,False,12231.68475,12027.354583333334,5.213416666666666,0.7116666666666664,1.2174975,996.30125,2664.94375,0.0,0.0,622.245,161.7475,0.0,0.0,700.065,995.1,-2664.9,622.225,-161.75,700.075,1489.4250000000002,8.0,8.7125,9.055,9.055,263.25,264.0,264.0,264.0,11.6,6.85,1030.2,1.281775,0.0,0.0,0.0,0.0,74.25,2.5,0.0,0.35000000000000003,86.0,1030.2,16.0,48.5,10.5,332.5,10.0,0.0,5.0,0.0,851119.5,327639.5,28.25,23.61,-0.5000000000000004,0.8660254037844384,0.7818314824680298,0.6234898018587336,-2.4492935982947064e-16,1.0,92.06,83.39,63.895,87.28625,12.895013528998236,88.1025
2025-12-30 23:00:00+00:00,88.1025,0.0,2.0,12.0,False,False,True,True,False,11785.46275,11820.394,7.035166666666667,36.47666666666667,0.0,2245.133345,3003.92775,0.0,0.0,622.55,698.6,0.0,0.0,700.3125,2245.15,-3003.9,622.525,-698.5999999999999,700.3,2118.4,7.1525,7.8025,8.06,8.115,260.25,260.25,260.25,260.25,9.425,6.925000000000001,1029.675,1.28075,0.0,0.0,0.0,0.0,40.0,2.25,-0.5,0.49999999999999994,89.0,1029.625,13.5,49.0,10.0,327.5,15.0,0.0,10.0,0.0,949958.75,351276.75,28.25,23.61,-0.25881904510252157,0.9659258262890681,0.7818314824680298,0.6234898018587336,-2.4492935982947064e-16,1.0,85.8075,77.9775,58.667500000000004,87.708125,12.741942983918857,84.3575
2025-12-31 00:00:00+00:00,84.3575,1.0,2.0,12.0,False,False,True,True,False,11488.42725,11399.44025,9.064833333333334,91.85333333333332,0.0,2241.7675074999997,2773.80875,0.0,0.0,622.4849999999999,908.6524999999999,0.0,0.0,700.22,2241.775,-2773.8,622.475,-908.65,700.2,1962.375,7.3725000000000005,8.11,8.425,8.445,252.25,253.0,253.0,253.5,9.725,7.1,1029.575,1.2798500000000002,0.0,0.0,0.0,0.0,50.0,2.4000000000000004,-0.5,0.5,87.5,1029.23,13.5,53.0,10.5,312.5,12.5,0.0,5.0,0.0,1048798.0,374914.0,28.18,23.61,0.0,1.0,0.9749279121818236,-0.22252093395631434,-2.4492935982947064e-16,1.0,88.1025,73.4,53.120000000000005,88.16468750000001,12.398658792133702,80.2125
2025-12-31 01:00:00+00:00,80.2125,2.0,2.0,12.0,False,False,True,True,False,11283.537250000001,10913.51425,7.7115833333333335,79.58333333333333,0.0,2456.6016575000003,2855.79025,0.0,0.0,615.7049999999999,1064.55,0.0,0.0,700.22,2456.6,-2855.8,615.725,-1064.5749999999998,700.2,1994.025,7.8975,8.5275,8.825,8.81,252.25,253.25,253.25,253.75,10.15,7.125,1029.0,1.279,0.0,0.0,0.0,0.0,50.75,2.6,-0.5,0.55,87.0,1028.755,14.5,41.5,11.5,312.5,7.5,0.0,5.0,0.0,830573.0,445102.0,28.18,23.61,0.25881904510252074,0.9659258262890683,0.9749279121818236,-0.22252093395631434,-2.4492935982947064e-16,1.0,84.3575,72.1825,52.105000000000004,88.49927083333334,12.052124620543749,76.58
2025-12-31 02:00:00+00:00,76.58,3.0,2.0,12.0,False,False,True,True,False,11156.76525,10902.4125,5.434083333333334,-62.083333333333336,0.0,2467.2758175,2811.92125,0.0,0.0,622.245,966.09,0.0,0.0,700.22,2467.275,-2811.9,622.225,-966.1,700.2,2120.6749999999997,7.725,8.52,8.8125,8.905,334.5,335.0,335.0,335.25,9.85,7.15,1028.55,1.27835,0.0,0.0,0.0,0.0,59.75,2.6500000000000004,-0.5,0.8500000000000001,88.0,1028.49,13.5,37.5,13.0,310.0,7.5,0.0,5.0,0.0,863409.0,607099.0,28.18,23.61,0.49999999999999994,0.8660254037844387,0.9749279121818236,-0.22252093395631434,-2.4492935982947064e-16,1.0,80.2125,69.5575,50.15,88.791875,11.650823451258537,74.9325
2025-12-31 03:00:00+00:00,74.9325,4.0,2.0,12.0,False,False,True,True,False,10986.902750000001,10945.13525,4.1667499999999995,-116.96666666666667,0.0,2490.01166,2728.217,0.0,0.0,589.615,636.895,0.0,0.0,693.1825,2490.0,-2728.2,589.625,-636.9,693.175,2453.875,8.105,8.9475,9.2775,9.3275,332.0,333.0,333.0,333.75,10.8,7.125,1028.075,1.27785,0.0,0.0,0.0,0.0,71.25,2.7,-0.5,0.8,88.5,1027.9499999999998,13.0,46.5,13.0,315.0,7.5,0.0,5.0,0.0,1173736.0,656162.0,28.18,23.61,0.7071067811865475,0.7071067811865476,0.9749279121818236,-0.22252093395631434,-2.4492935982947064e-16,1.0,76.58,68.845,49.315,89.04552083333333,11.257305236349167,77.3775
2025-12-31 04:00:00+00:00,77.3775,5.0,2.0,12.0,False,False,True,True,False,11257.80375,10997.60475,4.795333333333334,-48.733333333333334,0.0,2315.5900025,2861.45225,0.0,0.0,622.0625,791.9325,0.0,0.0,694.775,2315.6,-2861.5,622.075,-791.95,694.75,2125.125,8.1,9.145,9.4575,9.985,323.75,324.25,324.25,325.5,10.375,7.05,1027.15,1.27705,0.0,0.0,0.0,0.0,28.75,3.15,0.0,0.7999999999999999,85.5,1027.2649999999999,13.5,75.0,12.0,305.0,15.0,0.0,5.0,0.0,1458480.0,744253.0,28.18,23.61,0.8660254037844386,0.5000000000000001,0.9749279121818236,-0.22252093395631434,-2.4492935982947064e-16,1.0,74.9325,72.295,49.485,89.25729166666666,10.972704521672508,82.00999999999999
2025-12-31 05:00:00+00:00,82.00999999999999,6.0,2.0,12.0,False,False,True,True,False,12138.4595,11511.20625,6.3875,-9.028333333333334,0.0,2028.29835,3577.7145,0.0,0.0,614.6225,0.0,92.11,0.0,537.6500000000001,2028.3,-3577.7,614.65,92.1,537.6500000000001,2378.2250000000004,9.51,10.817499999999999,11.2325,11.362499999999999,324.25,324.5,324.5,325.25,11.825,7.575,1026.475,1.273825,0.0,0.0,0.0,0.0,88.75,3.7,0.5,0.75,82.5,1026.5900000000001,13.5,82.5,13.5,295.0,15.0,0.0,5.0,0.0,1777908.0,864513.0,28.18,23.61,0.9659258262890683,0.25881904510252074,0.9749279121818236,-0.22252093395631434,-2.4492935982947064e-16,1.0,77.3775,80.1925,52.9975,89.33302083333335,10.913535223548731,85.3225
2025-12-31 06:00:00+00:00,85.3225,7.0,2.0,12.0,False,False,True,True,False,13650.0155,11923.618750000001,5.153666666666667,-25.93166666666667,0.0,2308.260825,3740.9535,0.0,0.0,587.3774999999999,110.2575,0.0,0.0,666.775,2308.25,-3741.0,587.4,-110.25,666.75,2516.9,9.895,11.139999999999999,11.5625,11.6125,321.0,321.0,321.0,321.75,12.725,7.574999999999999,1026.35,1.273675,0.0,0.0,0.0,0.0,61.25,3.8,0.0,0.85,82.5,1026.3400000000001,14.5,87.5,15.0,297.5,15.0,0.0,5.0,0.0,2061394.0,1151649.0,28.18,23.61,1.0,6.123233995736766e-17,0.9749279121818236,-0.22252093395631434,-2.4492935982947064e-16,1.0,82.00999999999999,88.07,66.495,89.21854166666667,10.941733625770809,95.805
2025-12-31 07:00:00+00:00,95.805,8.0,2.0,12.0,False,False,True,True,False,14773.82475,12873.83675,2.6831666666666667,-229.55,0.0,3104.0066724999997,3917.31675,0.0,0.0,622.4875,109.0725,0.0,0.0,697.6925,3104.0,-3917.3,622.5,-109.075,697.675,3335.8,10.6275,12.035,12.525,12.5725,313.75,314.5,314.5,314.75,13.65,7.625,1025.625,1.272525,0.0,0.0,0.0,0.0,77.0,3.9,0.0,1.35,84.5,1025.99,14.5,84.0,17.0,295.0,15.0,0.0,5.0,0.0,2492008.0,1430787.0,28.18,23.61,0.9659258262890683,-0.25881904510252063,0.9749279121818236,-0.22252093395631434,-2.4492935982947064e-16,1.0,85.3225,94.8775,81.0,89.25718749999999,10.964204760921193,100.61500000000001
2025-12-31 08:00:00+00:00,100.61500000000001,9.0,2.0,12.0,False,False,True,True,False,15136.346000000001,13175.929,4.209333333333333,-106.71666666666667,0.0,3139.8141625,4124.52525,0.0,0.0,446.3275,144.3,0.0,0.0,537.1925,3139.8,-4124.5,446.3,-144.3,537.175,2947.875,11.504999999999999,13.16,13.705,13.705,315.5,316.25,316.25,317.0,14.5,7.7250000000000005,1025.375,1.271825,0.25,0.0,0.25,0.0,96.75,4.3,0.5,1.55,82.5,1025.625,16.0,76.5,19.0,295.0,20.0,0.0,10.0,413316.0,2939526.0,1900355.0,28.18,23.61,0.8660254037844387,-0.49999999999999983,0.9749279121818236,-0.22252093395631434,-2.4492935982947064e-16,1.0,95.805,94.3925,82.47,89.51645833333333,11.162694540801372,90.5225
2025-12-31 09:00:00+00:00,90.5225,10.0,2.0,12.0,False,False,True,True,False,14661.803,12450.776249999999,2.0601666666666665,-283.3333333333333,0.0,2900.389995,3974.89175,0.0,0.0,576.0575,1031.5075,0.0,0.0,630.915,2900.375,-3974.9,576.05,-1031.5,630.925,2082.15,10.6675,12.0725,12.5825,12.6475,317.75,318.25,318.25,319.25,13.775,7.6,1025.275,1.2722250000000002,37.25,9.475,27.775,96.1,68.75,4.95,1.0,1.9500000000000002,82.5,1025.4850000000001,16.0,76.5,19.0,295.0,15.0,0.0,5.0,2682008.0,3177707.0,2470168.0,28.18,23.61,0.7071067811865476,-0.7071067811865475,0.9749279121818236,-0.22252093395631434,-2.4492935982947064e-16,1.0,100.61500000000001,85.82,74.43,89.71239583333333,11.136229859239297,83.48
2025-12-31 10:00:00+00:00,83.48,11.0,2.0,12.0,False,False,True,True,False,13933.2015,11375.419249999999,2.4113333333333333,-233.17833333333334,0.0,2022.1249950000001,3770.43325,0.0,0.0,483.2975,1047.7649999999999,0.0,0.0,568.425,2022.1,-3770.4,483.275,-1047.775,568.425,1083.4499999999998,10.5,11.8525,12.3325,12.3525,309.25,309.25,309.25,309.25,13.625,7.475,1024.8000000000002,1.2722,116.5,46.5,70.0,283.59999999999997,64.75,5.6,2.0,2.5,81.0,1025.3600000000001,16.0,77.5,21.0,297.5,7.5,0.0,0.0,4202012.0,2798480.0,3403299.0,28.18,23.61,0.49999999999999994,-0.8660254037844387,0.9749279121818236,-0.22252093395631434,-2.4492935982947064e-16,1.0,90.5225,79.38,62.85,89.88322916666668,11.001468466191028,83.0475
2025-12-31 11:00:00+00:00,83.0475,12.0,2.0,12.0,False,False,True,True,False,13527.81125,10890.139,-0.274,-473.35,0.0,1532.019,3649.1835,0.0,0.0,463.505,1078.6925,0.0,0.0,603.6125,1532.025,-3649.2,463.5,-1078.7,603.625,608.1500000000001,10.2975,11.4875,11.9525,11.9625,307.0,306.25,306.5,306.5,13.475,7.4,1024.15,1.271775,152.0,64.525,87.475,289.3,69.75,6.25,2.5,2.65,78.0,1024.75,16.0,79.0,22.0,300.0,12.5,0.0,5.0,4675934.0,2851904.0,4152072.0,28.18,23.61,0.258819045102521,-0.9659258262890682,0.9749279121818236,-0.22252093395631434,-2.4492935982947064e-16,1.0,83.48,76.155,61.2425,90.17041666666667,10.71371849309475,85.17
2025-12-31 12:00:00+00:00,85.17,13.0,2.0,12.0,False,False,True,True,False,13489.3455,11015.27975,5.205416666666666,-72.07,68.7524975,963.5120824999999,3342.7905,0.0,0.0,500.485,1054.0,0.0,0.0,660.98,894.775,-3342.8,500.475,-1054.0,660.9749999999999,166.49999999999997,10.1125,11.3475,11.855,11.955,300.0,300.25,300.25,300.5,13.024999999999999,7.35,1023.375,1.271,193.75,96.0,97.75,376.475,74.0,6.800000000000001,3.5,3.3,78.5,1023.885,16.0,85.0,21.0,297.5,15.0,0.0,5.0,4168228.0,3083994.0,4730464.0,28.18,23.61,1.2246467991473532e-16,-1.0,0.9749279121818236,-0.22252093395631434,-2.4492935982947064e-16,1.0,83.0475,76.21000000000001,60.6425,90.54374999999999,10.356246670908378,85.805
2025-12-31 13:00:00+00:00,85.805,14.0,2.0,12.0,False,False,True,True,False,13717.05125,11767.60625,4.4595,-41.568333333333335,808.55001,844.32175,2659.74925,0.0,0.0,614.43,968.5124999999999,0.0,0.0,677.335,35.8,-2659.7,614.4250000000001,-968.525,677.3499999999999,-305.9,10.375,11.684999999999999,12.19,12.2375,296.75,297.0,297.25,297.0,13.425,7.175000000000001,1022.575,1.2708249999999999,165.0,81.425,83.575,331.3,81.0,6.699999999999999,3.0,3.3,79.5,1023.165,16.0,90.0,22.5,295.0,15.0,0.0,5.0,2548402.0,3149945.0,4828139.0,28.18,23.61,-0.2588190451025208,-0.9659258262890683,0.9749279121818236,-0.22252093395631434,-2.4492935982947064e-16,1.0,85.17,86.53,65.825,90.51354166666668,10.369512375769514,92.2375
2025-12-31 14:00:00+00:00,92.2375,15.0,2.0,12.0,False,False,True,True,False,14489.291,12328.6505,5.8886666666666665,-30.043333333333333,1333.5525075,1312.5225,2420.215,0.0,0.0,547.2625,705.6575,0.0,0.0,674.36,-21.025000000000006,-2420.2,547.275,-705.65,674.35,-110.1,10.415,11.7525,12.2425,12.295,296.75,297.0,297.0,297.75,13.625,7.125,1022.125,1.270475,99.5,39.0,60.5,194.1,74.75,6.550000000000001,3.0,3.0,78.5,1022.75,16.0,89.0,21.0,290.0,15.0,0.0,5.0,1131104.0,3383315.0,4668160.0,28.18,23.61,-0.4999999999999998,-0.8660254037844388,0.9749279121818236,-0.22252093395631434,-2.4492935982947064e-16,1.0,85.805,98.36,75.8125,90.2584375,10.242620562388293,102.16499999999999
2025-12-31 15:00:00+00:00,102.16499999999999,16.0,2.0,12.0,False,False,True,True,False,15409.60375,12445.343333333332,7.623166666666666,32.01,1279.5550025,1552.6225,2417.28925,0.0,0.0,197.3425,540.7025,0.0,0.0,406.645,273.04999999999995,-2417.3,197.35,-540.725,406.65,-267.975,10.5,11.774999999999999,12.235,12.2525,294.5,295.5,295.5,295.5,13.725,7.025,1021.375,1.27,46.5,11.075,35.425,92.85,90.0,6.199999999999999,3.0,2.55,78.0,1022.385,16.0,92.5,21.0,285.0,15.0,0.0,5.0,145047.0,3280110.0,4074242.0,28.18,23.61,-0.7071067811865471,-0.7071067811865479,0.9749279121818236,-0.22252093395631434,-2.4492935982947064e-16,1.0,92.2375,105.8975,86.1625,90.10291666666666,10.020771515974575,110.7375
2025-12-31 16:00:00+00:00,110.7375,17.0,2.0,12.0,False,False,True,True,False,15867.59075,12162.263916666667,5.825833333333334,-5.421666666666668,1264.7783325,1397.3775,2400.16675,0.0,0.0,553.005,400.6975,0.0,0.0,453.5025,132.60000000000002,-2400.2,553.0,-400.70000000000005,453.5,138.375,10.08,11.2925,11.725,11.745000000000001,290.5,291.0,291.0,291.25,13.275,7.0,1020.6,1.26915,3.5,0.15,3.35,2.35,100.0,4.8,0.5,2.55,86.0,1021.175,16.0,94.0,20.0,280.0,12.5,0.0,5.0,0.0,1004906.0,1181330.0,28.18,23.61,-0.8660254037844384,-0.5000000000000004,0.9749279121818236,-0.22252093395631434,-2.4492935982947064e-16,1.0,102.16499999999999,109.0775,89.1225,90.17208333333333,10.16216602389011,107.5275
2025-12-31 17:00:00+00:00,107.5275,18.0,2.0,12.0,False,False,True,True,False,15353.72925,11879.1845,2.3255,-176.23666666666668,1410.7416725,1348.3625,2615.9525,0.0,0.0,621.7,734.175,0.0,0.0,644.745,-62.375,-2616.0,621.7,-734.175,644.75,-184.10000000000002,10.0025,11.155,11.592500000000001,11.5775,288.25,289.25,289.25,289.25,13.125,6.925,1019.9,1.2686250000000001,0.0,0.0,0.0,0.0,100.0,4.5,0.5,2.15,85.5,1020.65,15.0,93.0,19.5,277.5,22.5,0.0,5.0,0.0,1397534.875,1705085.75,28.18,23.61,-0.9659258262890683,-0.25881904510252063,0.9749279121818236,-0.22252093395631434,-2.4492935982947064e-16,1.0,110.7375,108.5,78.9075,90.13156250000002,10.087572579678266,96.02
2025-12-31 18:00:00+00:00,96.02,19.0,2.0,12.0,False,False,True,True,False,14675.88425,11596.105083333332,0.05233333333333334,-437.1333333333333,1259.61833,1538.6525,2870.83825,0.0,0.0,506.7825,763.7425000000001,0.0,0.0,436.3525,279.025,-2870.8,506.775,-763.75,436.35,-259.275,10.375,11.575,12.0325,11.975,289.5,290.25,290.25,290.5,13.35,6.8,1019.2,1.2683,0.0,0.0,0.0,0.0,100.0,4.4,0.5,1.5499999999999998,82.5,1020.1600000000001,16.0,93.0,19.5,275.0,22.5,0.0,5.0,0.0,1790163.75,2228841.5,28.18,23.61,-1.0,-1.8369701987210297e-16,0.9749279121818236,-0.22252093395631434,-2.4492935982947064e-16,1.0,107.5275,105.6425,71.77250000000001,89.73062500000002,9.624891339025519,82.9975
2025-12-31 19:00:00+00:00,82.9975,20.0,2.0,12.0,False,False,True,True,False,13869.5105,11313.025666666666,2.4851666666666663,-191.03333333333333,803.4033325,1697.7450000000001,3011.24175,0.0,0.0,377.125,1025.6275,0.0,0.0,125.0875,894.325,-3011.2,377.125,-1025.65,125.1,-381.87499999999994,10.48,11.69,12.15,12.19,286.5,287.0,287.0,287.5,13.4,6.725,1018.525,1.267825,0.0,0.0,0.0,0.0,100.0,4.2,0.0,1.5,83.5,1019.55,16.0,94.0,20.0,267.5,10.0,0.0,0.0,0.0,2182792.625,2752597.25,28.18,23.61,-0.9659258262890684,0.2588190451025203,0.9749279121818236,-0.22252093395631434,-2.4492935982947064e-16,1.0,96.02,100.645,68.1575,88.99531250000001,9.426883917140012,79.35249999999999
2025-12-31 20:00:00+00:00,79.35249999999999,21.0,2.0,12.0,False,False,True,True,False,12952.07275,11029.94625,3.268333333333333,-115.78999999999999,397.0158325,1511.495,3305.5345,0.0,0.0,591.9025,1061.48,0.0,0.0,541.4125,1114.475,-3305.5,591.925,-1061.5,541.425,359.925,10.6525,11.9125,12.36,12.43,283.25,283.75,283.75,284.25,13.675,6.875,1017.65,1.26605,0.0,0.0,0.0,0.0,89.0,3.9,-0.5,1.35,83.5,1018.8,16.0,94.0,20.0,262.5,15.0,0.0,5.0,0.0,2575421.5,3276353.0,28.18,23.61,-0.8660254037844386,0.5000000000000001,0.9749279121818236,-0.22252093395631434,-2.4492935982947064e-16,1.0,82.9975,92.995,65.1,88.426875,9.585207473486797,82.0475
2025-12-31 21:00:00+00:00,82.0475,22.0,2.0,12.0,False,False,True,True,False,12017.9485,10746.866833333333,-0.9931666666666668,-233.46833333333333,35.308335,1426.5391625,2944.7125,0.0,0.0,598.21,927.4575,0.0,0.0,682.85,1391.225,-2944.7,598.225,-927.45,682.825,1008.65,11.1025,12.3975,12.89,12.9,280.0,280.5,280.5,281.0,14.175,6.875,1016.5250000000001,1.26465,0.0,0.0,0.0,0.0,100.0,3.8499999999999996,0.0,0.85,81.0,1017.85,16.0,95.0,21.0,260.0,15.0,0.0,5.0,0.0,2968050.375,3800108.75,28.18,23.61,-0.7071067811865477,0.7071067811865474,0.9749279121818236,-0.22252093395631434,-2.4492935982947064e-16,1.0,79.35249999999999,92.06,67.2,88.0096875,9.637951233233608,72.6075
2025-12-31 22:00:00+00:00,72.6075,23.0,2.0,12.0,False,False,True,True,False,11128.98425,10463.787416666666,-1.3363333333333334,-286.31666666666666,0.0,1773.62084,3261.005,0.0,19.48,281.655,835.255,0.0,0.0,673.4825000000001,1773.6000000000001,-3261.0,262.2,-835.25,673.5,1058.75,11.305,12.615,13.095,13.0925,275.25,275.75,275.75,276.25,14.625,6.75,1015.45,1.263875,0.0,0.0,0.0,0.0,100.0,3.85,-0.5,0.8,80.5,1016.71,16.0,95.0,22.5,255.0,17.5,0.0,5.0,0.0,3360679.25,4323864.5,28.18,23.61,-0.5000000000000004,0.8660254037844384,0.9749279121818236,-0.22252093395631434,-2.4492935982947064e-16,1.0,82.0475,85.8075,62.0675,87.45968750000002,10.133007067749366,63.442499999999995
2025-12-31 23:00:00+00:00,63.442499999999995,0.0,3.0,1.0,False,True,False,True,False,10698.34525,10180.708,-0.8179166666666667,-163.2,141.1849975,1149.87417,2755.123,0.0,0.0,204.56,639.76,0.0,0.0,670.87,1008.7,-2755.1,272.73333333333335,-639.75,670.875,555.575,11.7025,13.1225,13.6625,13.715,267.5,268.25,268.25,269.0,15.024999999999999,6.7,1014.075,1.262375,0.0,0.0,0.0,0.0,100.0,3.8499999999999996,-1.0,0.95,82.0,1015.62,16.0,97.5,24.5,250.0,17.5,0.0,5.0,0.0,3753308.125,4847620.25,28.18,23.61,-0.25881904510252157,0.9659258262890681,0.9749279121818236,-0.22252093395631434,-2.4492935982947064e-16,1.0,72.6075,88.1025,58.1925,86.4321875,11.253335889775164,64.9625
2026-01-01 00:00:00+00:00,64.9625,1.0,3.0,1.0,False,True,False,True,False,10602.58275,9497.98625,1.3121666666666667,-19.4,111.28333,1298.885005,3529.68525,0.0,0.0,564.3225,1017.2099999999999,0.0,0.0,699.7,1187.6,-3529.7,564.3,-1017.2249999999999,699.7,552.0,12.5,14.275,14.8475,14.95,270.25,270.75,270.75,271.0,15.950000000000001,6.925,1012.8,1.2597999999999998,0.0,0.0,0.0,0.0,100.0,3.3,-2.0,1.05,85.5,1014.755,16.0,98.0,26.5,252.5,20.0,0.0,10.0,0.0,4145937.0,5371376.0,28.18,23.61,0.0,1.0,0.43388373911755823,-0.900968867902419,0.49999999999999994,0.8660254037844387,63.442499999999995,84.3575,52.49,85.6240625,12.075187724990187,55.292500000000004
2026-01-01 01:00:00+00:00,55.292500000000004,2.0,3.0,1.0,False,True,False,True,False,9975.64175,9120.6155,2.636,7.583333333333333,300.4933325,1479.935,3705.9365,0.0,0.0,323.095,860.5775,0.0,0.0,699.9375,1179.425,-3705.9,323.125,-860.575,699.95,415.4,13.2175,15.1375,15.765,15.885,270.25,270.5,270.75,271.25,16.65,6.725,1011.825,1.2595,0.0,0.0,0.0,0.0,100.0,3.3,-1.5,1.2,86.0,1013.775,16.0,100.0,26.5,257.5,20.0,0.0,10.0,0.0,4155539.0,6005686.0,28.18,23.61,0.25881904510252074,0.9659258262890683,0.43388373911755823,-0.900968867902419,0.49999999999999994,0.8660254037844387,64.9625,80.2125,52.4225,84.58572916666667,13.542970350428813,40.455
2026-01-01 02:00:00+00:00,40.455,3.0,3.0,1.0,False,True,False,True,False,9969.57525,8935.445,1.6830833333333333,-35.483333333333334,367.081665,1495.2875,3377.12,0.0,90.58250000000001,64.2975,962.5825,0.0,0.0,700.03,1128.2,-3377.1,-26.299999999999997,-962.575,700.05,-4.9249999999999545,13.4875,15.627500000000001,16.295,16.4825,266.0,266.75,266.75,267.25,16.925,6.775,1010.575,1.2577,0.0,0.0,0.0,0.0,100.0,3.45,-1.5,1.25,86.0,1012.6600000000001,16.0,97.5,26.5,255.0,20.0,0.0,10.0,0.0,4156521.0,6015222.0,28.18,23.61,0.49999999999999994,0.8660254037844387,0.43388373911755823,-0.900968867902419,0.49999999999999994,0.8660254037844387,55.292500000000004,76.58,49.505,83.08052083333332,16.215305386980173,24.925
2026-01-01 03:00:00+00:00,24.925,4.0,3.0,1.0,False,True,False,True,False,9989.15325,8986.6795,-0.4264166666666666,-97.86666666666666,857.0054524999999,1524.0149999999999,2717.68825,0.0,109.7925,0.0,723.9549999999999,0.0,0.0,699.75,667.0,-2717.7,-109.80000000000001,-723.925,699.8,-146.4,13.925,16.197499999999998,16.905,17.14,263.0,263.0,263.0,263.75,17.775,6.7,1008.925,1.25595,0.0,0.0,0.0,0.0,100.0,3.5,-1.5,1.5,87.0,1011.1949999999999,16.0,97.5,27.5,255.0,20.0,0.0,10.0,0.0,4155450.0,6319160.0,28.18,23.61,0.7071067811865475,0.7071067811865476,0.43388373911755823,-0.900968867902419,0.49999999999999994,0.8660254037844387,40.455,74.9325,48.0525,80.996875,20.064035966532426,19.065
2026-01-01 04:00:00+00:00,19.065,5.0,3.0,1.0,False,True,False,True,False,10259.25425,8817.30375,1.8017499999999997,-28.266666666666666,1206.281655,1097.56,2276.051,0.0,72.47999999999999,0.0,664.66,0.0,0.0,698.24,-108.7,-2276.1,-72.45,-664.7,698.25,-716.65,14.842500000000001,17.3175,18.0775,18.415,265.25,265.25,265.5,265.75,19.025,6.625,1007.35,1.25435,0.0,0.0,0.0,0.0,100.0,3.6500000000000004,-1.5,1.6,86.0,1009.715,16.0,95.0,29.0,250.0,20.0,0.0,10.0,0.0,4155063.0,6392051.0,28.18,23.61,0.8660254037844386,0.5000000000000001,0.43388373911755823,-0.900968867902419,0.49999999999999994,0.8660254037844387,24.925,77.3775,46.8925,78.5671875,23.719175435120263,5.99
2026-01-01 05:00:00+00:00,5.99,6.0,3.0,1.0,False,True,False,True,False,11046.63375,8736.358250000001,7.133333333333334,134.73333333333332,1028.32084,1031.185,2610.5555,0.0,0.0,6.59,754.295,0.0,0.0,682.6825,2.874999999999999,-2610.6,26.4,-754.3,682.675,-714.8000000000001,15.105,17.6575,18.45,18.7075,265.25,265.5,265.5,266.0,19.7,6.4,1005.95,1.253625,0.0,0.0,0.0,0.0,100.0,3.7,-1.5,1.4,85.0,1008.1949999999999,16.0,100.0,32.0,250.0,15.0,0.0,5.0,0.0,4157000.0,6625416.0,28.18,23.61,0.9659258262890683,0.25881904510252074,0.43388373911755823,-0.900968867902419,0.49999999999999994,0.8660254037844387,19.065,82.00999999999999,45.0,75.3996875,27.939830812336925,15.0
2026-01-01 06:00:00+00:00,15.0,7.0,3.0,1.0,False,True,False,True,False,12483.474,8834.38775,3.9520833333333334,42.85,914.2125025,809.414,2445.72225,0.0,0.0,149.72,799.9549999999999,0.0,0.0,700.045,-104.8,-2445.7,149.7,-799.95,700.025,-666.4,15.645,18.3325,19.1425,19.447499999999998,264.5,264.75,264.75,265.5,20.275,6.3,1004.425,1.252175,0.0,0.0,0.0,0.0,100.0,3.5,-2.5,1.5,87.0,1006.9849999999999,16.0,100.0,34.0,252.5,20.0,0.0,10.0,0.0,4157905.0,6793708.0,28.18,23.61,1.0,6.123233995736766e-17,0.43388373911755823,-0.900968867902419,0.49999999999999994,0.8660254037844387,5.99,85.3225,50.85,72.46958333333333,30.43038609096059,21.095
2026-01-01 07:00:00+00:00,21.095,8.0,3.0,1.0,False,True,False,True,False,13534.368,9379.801000000001,-1.5841666666666667,-123.68666666666667,0.0,1508.208335,3062.88625,0.0,0.0,125.235,804.7975,0.0,0.0,700.085,1508.2,-3062.9,125.25,-804.825,700.1,763.0,15.7025,18.44,19.2475,19.545,265.25,265.75,266.0,266.75,20.625,6.425,1003.25,1.250125,0.0,0.0,0.0,0.0,100.0,3.35,-2.5,1.6,88.5,1006.075,16.0,100.0,34.5,250.0,20.0,0.0,10.0,0.0,4158000.0,6789055.0,28.18,23.61,0.9659258262890683,-0.25881904510252063,0.43388373911755823,-0.900968867902419,0.49999999999999994,0.8660254037844387,15.0,95.805,60.652499999999996,69.35666666666667,31.7328750690026,30.4
2026-01-01 08:00:00+00:00,30.4,9.0,3.0,1.0,False,True,False,True,False,13788.57725,9818.70275,1.1400000000000001,-91.01833333333335,0.0,2198.1024975,3321.3505,0.0,149.2025,49.2975,666.175,0.0,0.0,698.3775,2198.125,-3321.4,-99.92500000000001,-666.175,698.4,1300.0749999999998,14.0825,16.177500000000002,16.9375,17.285,271.5,272.75,273.0,273.75,20.25,6.475,1002.5,1.248975,0.0,0.0,0.0,0.0,100.0,3.3,-2.5,1.7999999999999998,90.0,1005.395,15.0,100.0,35.0,252.5,27.5,0.0,10.0,18874.0,4158000.0,6811891.0,28.18,23.61,0.8660254037844387,-0.49999999999999983,0.43388373911755823,-0.900968867902419,0.49999999999999994,0.8660254037844387,21.095,100.61500000000001,63.745,66.43104166666667,31.961627127703633,27.814999999999998
2026-01-01 09:00:00+00:00,27.814999999999998,10.0,3.0,1.0,False,True,False,True,False,13283.10225,10180.1525,3.6675833333333334,10.851666666666667,0.0,3001.5149925,3615.83225,0.0,386.87,0.0,595.6875,0.0,0.0,696.175,3001.525,-3615.8,-386.9,-595.6750000000001,696.175,1811.175,15.467500000000001,18.115000000000002,18.925,19.259999999999998,278.0,278.75,278.5,279.0,20.075,6.85,1001.65,1.24625,5.0,0.0,5.0,0.0,100.0,3.5999999999999996,-2.0,2.0500000000000003,90.0,1004.845,15.0,100.0,37.0,255.0,30.0,0.0,10.0,230393.0,4158000.0,6860967.0,28.18,23.61,0.7071067811865476,-0.7071067811865475,0.43388373911755823,-0.900968867902419,0.49999999999999994,0.8660254037844387,30.4,90.5225,50.58,63.81822916666667,32.465705229076484,35.0
2026-01-01 10:00:00+00:00,35.0,11.0,3.0,1.0,False,True,False,True,False,12581.36525,10115.833999999999,3.2986666666666666,26.563333333333333,0.0,2194.5849975,3338.04325,0.0,304.22249999999997,0.0,369.14,0.0,0.0,699.8525,2194.575,-3338.0,-304.225,-369.15,699.825,1386.5500000000002,15.485,18.21,19.0625,19.47,279.5,280.0,280.0,280.5,20.475,6.925,1001.125,1.245225,18.0,0.7,17.3,4.0,100.0,3.7,-2.0,2.25,90.5,1004.095,13.5,90.0,36.0,255.0,27.5,0.0,10.0,812530.0,4158000.0,6859499.0,28.18,23.61,0.49999999999999994,-0.8660254037844387,0.43388373911755823,-0.900968867902419,0.49999999999999994,0.8660254037844387,27.814999999999998,83.48,44.54,61.798229166666665,32.69655072121159,51.3425
2026-01-01 11:00:00+00:00,51.3425,12.0,3.0,1.0,False,True,False,True,False,12120.338749999999,10218.15,4.003,28.736666666666668,161.1691575,1627.9333350000002,3191.73025,0.0,0.0,0.0,0.03,0.2425,0.0,699.8199999999999,1466.75,-3191.7,-95.98333333333335,0.2,699.825,1368.85,15.285,17.877499999999998,18.645,18.927500000000002,285.0,285.5,285.5,286.25,20.85,6.75,1000.575,1.2453500000000002,52.75,7.6499999999999995,45.099999999999994,32.4,100.0,3.5,-2.0,2.3,92.0,1003.38,12.0,95.0,33.0,262.5,35.0,0.0,10.0,1479134.0,4158000.0,6738528.0,28.18,23.61,0.258819045102521,-0.9659258262890682,0.43388373911755823,-0.900968867902419,0.49999999999999994,0.8660254037844387,35.0,83.0475,44.9675,60.47718750000001,32.44017169036361,43.47
2026-01-01 12:00:00+00:00,43.47,13.0,3.0,1.0,False,True,False,True,False,12235.39825,10222.77125,4.76225,70.91833333333334,0.0,2096.404995,3386.04975,0.0,0.0,0.0,363.995,0.0,0.0,699.77,2096.4,-3386.0,112.25833333333333,-364.025,699.8,1585.6749999999997,15.25,18.0175,18.8725,19.205,287.5,288.0,288.0,289.0,19.95,6.925,1000.1,1.243975,83.75,12.725,71.025,51.025,98.5,4.05,-1.5,2.35,89.0,1002.285,12.0,85.0,31.5,260.0,30.0,0.0,10.0,1373260.0,4157786.0,6643549.0,28.18,23.61,1.2246467991473532e-16,-1.0,0.43388373911755823,-0.900968867902419,0.49999999999999994,0.8660254037844387,51.3425,85.17,44.19,58.7396875,32.17577044880481,37.805
2026-01-01 13:00:00+00:00,37.805,14.0,3.0,1.0,False,True,False,True,False,12342.222,10297.744,6.1065,37.115,0.0,2845.8108375,3650.1885,0.0,0.0,320.4875,849.62,0.0,0.0,700.0025,2845.825,-3650.2,320.5,-849.6,700.025,2104.125,16.11,18.877499999999998,19.6575,19.8375,290.5,291.0,291.25,292.0,21.35,6.75,999.525,1.244025,95.25,25.85,69.4,106.475,88.75,4.4,-1.0,2.2,85.5,1001.4749999999999,16.0,81.0,32.5,267.5,30.0,0.0,15.0,1424972.0,4157128.0,6337036.0,28.18,23.61,-0.2588190451025208,-0.9659258262890683,0.43388373911755823,-0.900968867902419,0.49999999999999994,0.8660254037844387,43.47,85.805,61.6475,56.739687499999995,31.911000346347894,54.802499999999995
2026-01-01 14:00:00+00:00,54.802499999999995,15.0,3.0,1.0,False,True,False,True,False,13005.8965,10683.7965,4.767416666666667,14.003333333333334,0.0,2211.2533275,2983.8895,0.0,0.0,381.49,320.585,0.0,0.0,700.23,2211.25,-2983.9,381.47499999999997,-320.575,700.2,2226.425,15.58,18.322499999999998,19.165,19.4575,290.0,291.0,291.0,291.5,20.6,6.65,999.075,1.2439,54.0,15.424999999999999,38.575,76.6,100.0,4.5,-0.5,2.1,85.0,1000.905,16.0,90.0,30.5,272.5,30.0,0.0,15.0,781203.0,4156642.0,6007767.0,28.18,23.61,-0.4999999999999998,-0.8660254037844388,0.43388373911755823,-0.900968867902419,0.49999999999999994,0.8660254037844387,37.805,92.2375,83.0025,55.179895833333326,31.002413576091474,69.7675
2026-01-01 15:00:00+00:00,69.7675,16.0,3.0,1.0,False,True,False,True,False,13959.69175,10845.729,4.085083333333333,-9.803333333333335,0.0,2836.590835,3418.99175,0.0,0.0,622.91,962.63,0.0,0.0,699.85,2836.6,-3419.0,622.9,-962.65,699.9,2341.975,14.802499999999998,17.2425,18.0325,18.3,288.0,289.0,289.0,289.5,20.5,6.6,998.7249999999999,1.243725,30.0,3.3249999999999997,26.675,28.8,100.0,4.75,0.0,1.55,80.0,1000.38,16.0,95.0,31.0,275.0,30.0,0.0,15.0,64428.0,4156984.0,6044477.0,28.18,23.61,-0.7071067811865471,-0.7071067811865479,0.43388373911755823,-0.900968867902419,0.49999999999999994,0.8660254037844387,54.802499999999995,102.16499999999999,88.845,53.830000000000005,29.53841038450569,85.5975
2026-01-01 16:00:00+00:00,85.5975,17.0,3.0,1.0,False,True,False,True,False,14423.365,10706.53446875,3.0165,-80.17,0.0,2688.9341725,3397.618,0.0,0.0,622.91,715.8375,0.0,0.0,699.85,2688.95,-3397.6,622.9,-715.825,699.9,2446.45,14.6325,16.915,17.66,17.93,289.25,290.5,290.5,291.0,20.35,6.225,998.175,1.2447,2.0,0.0,2.0,0.0,100.0,3.3,-2.0,1.9000000000000001,90.0,999.36,14.0,100.0,30.0,277.5,47.5,0.0,5.0,0.0,1366610.0,2015794.0,28.18,23.61,-0.8660254037844384,-0.5000000000000004,0.43388373911755823,-0.900968867902419,0.49999999999999994,0.8660254037844387,69.7675,110.7375,93.745,52.7825,27.828889567591666,77.96
2026-01-01 17:00:00+00:00,77.96,18.0,3.0,1.0,False,True,False,True,False,14250.69475,10567.339937499999,4.517083333333333,4.703333333333333,0.0,2798.809155,3776.51875,0.0,0.0,622.2425,1044.56,0.0,0.0,699.85,2798.825,-3776.5,622.25,-1044.575,699.9,2132.25,15.0525,17.39,18.085,18.3425,292.75,293.25,293.25,293.75,20.975,6.15,997.5,1.244175,0.0,0.0,0.0,0.0,100.0,3.05,-2.5,1.75,91.5,998.81,13.5,100.0,29.0,277.5,35.0,0.0,10.0,0.0,1715533.75,2515995.5,28.18,23.61,-0.9659258262890683,-0.25881904510252063,0.43388373911755823,-0.900968867902419,0.49999999999999994,0.8660254037844387,85.5975,107.5275,94.265,51.55052083333334,25.886666126422035,73.8
2026-01-01 18:00:00+00:00,73.8,19.0,3.0,1.0,False,True,False,True,False,13816.164,10428.14540625,3.72375,-15.216666666666667,0.0,2353.6966625,3559.059,0.0,0.0,598.5174999999999,1074.5475000000001,0.0,0.0,699.9125,2353.675,-3559.1,598.55,-1074.525,699.925,1687.825,15.3475,17.9025,18.655,18.9375,290.75,291.75,292.0,292.5,20.7,6.3,997.3,1.24325,0.0,0.0,0.0,0.0,100.0,3.05,-2.5,1.5,89.5,998.42,15.0,98.0,29.0,275.0,37.5,0.0,15.0,0.0,2064457.5,3016197.0,28.18,23.61,-1.0,-1.8369701987210297e-16,0.43388373911755823,-0.900968867902419,0.49999999999999994,0.8660254037844387,77.96,96.02,92.1375,50.62468749999999,24.592046117292657,67.57249999999999
2026-01-01 19:00:00+00:00,67.57249999999999,20.0,3.0,1.0,False,True,False,True,False,13378.935,10288.950874999999,6.2058333333333335,99.71666666666667,0.0,2888.3958325000003,3717.7725,0.0,0.0,371.0,1073.1174999999998,0.0,0.0,700.1800000000001,2888.4,-3717.8,371.0,-1073.125,700.175,1957.0,14.5125,16.67,17.7175,18.1125,291.5,293.0,293.25,294.5,21.35,5.925,996.95,1.2445249999999999,0.0,0.0,0.0,0.0,100.0,2.85,-2.5,1.3,90.0,998.04,14.0,97.5,30.0,277.5,35.0,0.0,15.0,0.0,2413381.25,3516398.5,28.18,23.61,-0.9659258262890684,0.2588190451025203,0.43388373911755823,-0.900968867902419,0.49999999999999994,0.8660254037844387,73.8,82.9975,91.19,49.98197916666666,23.901060941286822,61.199999999999996
2026-01-01 20:00:00+00:00,61.199999999999996,21.0,3.0,1.0,False,True,False,True,False,13006.107,10149.75634375,3.3625,-2.4166666666666665,0.0,3017.4675125000003,3778.4635,0.0,45.3125,21.7575,1060.1025,0.0,0.0,700.0975,3017.475,-3778.5,-31.433333333333337,-1060.1,700.125,1689.3,14.885,17.415,18.085,18.4175,296.75,298.5,298.5,299.0,21.35,5.825,996.65,1.24455,0.0,0.0,0.0,0.0,100.0,2.8,-2.5,1.1,89.0,997.6600000000001,14.5,95.0,30.5,275.0,27.5,0.0,15.0,0.0,2762305.0,4016600.0,28.18,23.61,-0.8660254037844386,0.5000000000000001,0.43388373911755823,-0.900968867902419,0.49999999999999994,0.8660254037844387,67.57249999999999,79.35249999999999,91.9525,49.225625,23.208397283821427,61.805
2026-01-01 21:00:00+00:00,61.805,22.0,3.0,1.0,False,True,False,True,False,12399.832,10010.5618125,2.73475,-32.15,0.0,2046.471675,3647.313,0.0,0.0,127.99249999999999,806.655,0.0,0.0,700.0925,2046.4750000000001,-3647.3,170.66666666666666,-806.675,700.1,1156.075,14.967500000000001,17.6525,18.39,18.805,290.0,291.75,291.75,293.0,21.825,5.525,996.5250000000001,1.2457500000000001,0.0,0.0,0.0,0.0,100.0,2.95,-3.0,0.7,86.0,997.575,16.0,94.5,33.0,277.5,27.5,0.0,15.0,0.0,3111228.75,4516801.5,28.18,23.61,-0.7071067811865477,0.7071067811865474,0.43388373911755823,-0.900968867902419,0.49999999999999994,0.8660254037844387,61.199999999999996,82.0475,95.0475,48.38218750000001,22.314330661868894,47.7875
2026-01-01 22:00:00+00:00,47.7875,23.0,3.0,1.0,False,True,False,True,False,11842.42125,9871.367281249999,2.2318333333333333,-26.1,0.0,1835.7850025,3496.27925,0.0,54.155,37.1175,743.625,0.0,0.0,699.9725,1835.775,-3496.3,-17.049999999999997,-743.65,699.975,901.025,15.712499999999999,18.3825,19.22,19.49,300.75,301.5,301.5,302.0,22.325,5.975,996.45,1.24365,0.0,0.0,0.0,0.0,100.0,2.8499999999999996,-3.0,0.44999999999999996,84.5,997.4200000000001,16.0,86.0,31.5,277.5,37.5,0.0,15.0,0.0,3460152.5,5017003.0,28.18,23.61,-0.5000000000000004,0.8660254037844384,0.43388373911755823,-0.900968867902419,0.49999999999999994,0.8660254037844387,61.805,72.6075,90.9825,47.34802083333333,21.70974033774125,28.1
2026-01-01 23:00:00+00:00,28.1,0.0,4.0,1.0,False,False,True,True,False,11541.277,9732.17275,3.950416666666667,68.235,0.0,2190.63,2929.4525,0.0,599.7925,0.0,807.265,0.0,0.0,699.1375,2190.625,-2929.5,-599.8,-807.275,699.15,750.3499999999999,15.6325,18.3075,19.115000000000002,19.4925,295.25,296.25,296.25,296.5,20.8,6.075,995.9,1.24255,0.0,0.0,0.0,0.0,93.5,2.55,-3.5,0.05000000000000002,84.0,997.105,16.0,89.0,31.5,282.5,20.0,0.0,15.0,0.0,3809076.25,5517204.5,28.18,23.61,-0.25881904510252157,0.9659258262890681,0.43388373911755823,-0.900968867902419,0.49999999999999994,0.8660254037844387,47.7875,63.442499999999995,97.1,45.87541666666666,21.769148013958116,16.625
2026-01-02 00:00:00+00:00,16.625,1.0,4.0,1.0,False,False,True,True,False,11330.59375,9557.3705,3.45875,2.775,0.0,2344.4233275,3280.343,0.0,639.3050000000001,0.0,786.535,0.0,0.0,699.905,2344.45,-3280.3,-639.3,-786.525,699.9,798.425,16.62,19.4175,20.28,20.6025,298.25,298.75,298.75,298.75,21.35,5.275,995.975,1.246175,0.0,0.0,0.0,0.0,99.75,2.45,-3.0,-0.3,82.5,996.835,16.0,87.5,30.0,277.5,22.5,0.0,15.0,0.0,4158000.0,6017406.0,28.5,23.83,0.0,1.0,-0.433883739117558,-0.9009688679024191,0.49999999999999994,0.8660254037844387,28.1,64.9625,91.0525,43.86135416666667,22.159028878952153,14.995000000000001
2026-01-02 01:00:00+00:00,14.995000000000001,2.0,4.0,1.0,False,False,True,True,False,11132.96025,9537.729,2.4305833333333333,-0.6400000000000001,0.0,2283.601665,3690.48825,0.0,634.6925,0.0,443.34749999999997,0.0,0.0,682.565,2283.6,-3690.5,-634.725,-443.35,682.575,965.5,15.6275,17.987499999999997,18.7325,19.1475,294.25,294.5,294.5,295.0,22.725,5.75,995.675,1.243675,0.0,0.0,0.0,0.0,100.0,2.4,-3.0,-0.25,83.0,996.6099999999999,16.0,87.5,31.5,282.5,27.5,0.0,15.0,0.0,4158000.0,6189678.0,28.5,23.83,0.25881904510252074,0.9659258262890683,-0.433883739117558,-0.9009688679024191,0.49999999999999994,0.8660254037844387,16.625,55.292500000000004,85.7025,42.182291666666664,22.773413357091716,8.817499999999999
2026-01-02 02:00:00+00:00,8.817499999999999,3.0,4.0,1.0,False,False,True,True,False,11192.341250000001,9645.4665,6.515916666666667,162.015,0.0,2411.820835,3600.308,0.0,245.83499999999998,0.0,722.8175,0.0,0.0,253.5275,2411.8500000000004,-3600.3,-245.825,-722.825,253.525,796.625,16.23,19.057499999999997,19.9075,20.2075,297.75,299.25,299.25,300.0,21.125,5.2,995.65,1.246125,0.0,0.0,0.0,0.0,52.25,2.25,-4.0,-0.19999999999999998,84.5,996.72,16.0,91.0,32.0,280.0,35.0,0.0,15.0,0.0,4158000.0,6116181.0,28.5,23.83,0.49999999999999994,0.8660254037844387,-0.433883739117558,-0.9009688679024191,0.49999999999999994,0.8660254037844387,14.995000000000001,40.455,82.6575,40.864062499999996,23.77153257086415,10.0025
2026-01-02 03:00:00+00:00,10.0025,4.0,4.0,1.0,False,False,True,True,False,11393.547999999999,9706.79,5.765666666666666,84.61166666666666,0.0,2249.5033325,3705.721,0.0,266.72,0.0,257.2075,0.0,66.4275,2.83,2249.5,-3705.7,-266.7,-257.175,-63.6,735.55,15.8,18.4575,19.255000000000003,19.442500000000003,300.25,300.5,300.75,300.5,20.75,5.15,995.7,1.246375,0.0,0.0,0.0,0.0,50.5,1.95,-4.0,-0.2,85.5,996.4449999999999,16.0,90.0,33.0,280.0,32.5,0.0,10.0,0.0,4158000.0,6219710.0,28.5,23.83,0.7071067811865475,0.7071067811865476,-0.433883739117558,-0.9009688679024191,0.49999999999999994,0.8660254037844387,8.817499999999999,24.925,81.0,40.24229166666667,24.393581166540823,15.555
2026-01-02 04:00:00+00:00,15.555,5.0,4.0,1.0,False,False,True,True,False,11766.850999999999,9845.07575,5.006,43.25666666666667,0.0,2456.229155,3884.73425,0.0,579.2275,0.0,103.5575,0.0,0.0,319.5575,2456.225,-3884.7,-579.2,-103.55,319.575,1121.8,15.795,18.4175,19.2375,19.415,298.75,299.25,299.25,299.5,21.7,5.025,995.725,1.2469999999999999,0.0,0.0,0.0,0.0,42.75,2.0999999999999996,-4.0,-0.4,84.0,996.1949999999999,16.0,90.0,33.0,287.5,30.0,0.0,10.0,0.0,4158000.0,6188582.0,28.5,23.83,0.8660254037844386,0.5000000000000001,-0.433883739117558,-0.9009688679024191,0.49999999999999994,0.8660254037844387,10.0025,19.065,81.505,40.096041666666665,24.536173649247075,29.845
2026-01-02 05:00:00+00:00,29.845,6.0,4.0,1.0,False,False,True,True,False,12534.30825,10374.812750000001,4.238,-29.65666666666667,0.0,2443.217505,3667.842,0.0,420.7575,0.0,0.0,138.185,31.7025,97.5975,2443.225,-3667.8,-420.775,138.175,65.92500000000001,1309.6,14.219999999999999,16.375,17.14,17.33,300.25,301.0,301.0,301.5,21.125,5.825,995.25,1.24285,0.0,0.0,0.0,0.0,85.75,2.05,-4.0,-0.75,82.0,995.99,16.0,90.5,32.0,287.5,37.5,0.0,10.0,0.0,4158000.0,6019371.0,28.5,23.83,0.9659258262890683,0.25881904510252074,-0.433883739117558,-0.9009688679024191,0.49999999999999994,0.8660254037844387,15.555,5.99,84.7175,41.089999999999996,23.558159945122885,53.705
2026-01-02 06:00:00+00:00,53.705,7.0,4.0,1.0,False,False,True,True,False,13644.23475,10997.50375,2.152,-45.72833333333333,0.0,2519.836665,3727.55825,0.0,90.0875,70.0925,198.56,0.0,5.68,67.015,2519.825,-3727.6,-20.0,-198.575,61.324999999999996,1430.725,15.09,17.3825,18.155,18.5625,296.0,296.5,296.5,297.25,19.825,4.625,995.575,1.2486,0.0,0.0,0.0,0.0,75.0,1.85,-4.0,-0.45,85.0,996.175,16.0,91.5,31.5,285.0,32.5,0.0,10.0,0.0,4158000.0,5350890.0,28.5,23.83,1.0,6.123233995736766e-17,-0.433883739117558,-0.9009688679024191,0.49999999999999994,0.8660254037844387,29.845,15.0,92.7875,42.702708333333334,23.01297266378831,77.065
2026-01-02 07:00:00+00:00,77.065,8.0,4.0,1.0,False,False,True,True,False,14765.0245,11763.21725,4.241666666666666,-16.236666666666665,0.0,2554.4775025,3673.03,0.0,0.0,481.65500000000003,182.18,0.0,28.2925,11.575000000000001,2554.4750000000004,-3673.0,481.65000000000003,-182.175,-16.700000000000003,1919.0,15.044999999999998,17.405,18.080000000000002,18.38,299.0,299.25,299.25,300.0,19.4,4.875,995.725,1.2477,0.0,0.0,0.0,0.0,75.25,1.8,-4.0,-0.04999999999999999,88.0,996.2550000000001,16.0,91.5,30.5,282.5,25.0,0.0,10.0,0.0,4157792.0,5500702.0,28.5,23.83,0.9659258262890683,-0.25881904510252063,-0.433883739117558,-0.9009688679024191,0.49999999999999994,0.8660254037844387,53.705,21.095,98.11500000000001,45.034791666666656,23.55758557234127,92.0
2026-01-02 08:00:00+00:00,92.0,9.0,4.0,1.0,False,False,True,True,False,15220.185,12224.821,7.016666666666667,61.42666666666666,0.0,2408.2524925,3099.48775,0.0,0.0,464.9175,1019.1375,0.0,0.0,354.08,2408.25,-3099.5,464.9,-1019.1500000000001,354.075,1433.25,14.17,16.2575,16.935,17.0025,298.0,298.75,299.0,299.0,19.775,5.7,995.775,1.24405,0.25,0.0,0.25,0.0,63.75,1.9,-4.0,-0.55,84.5,996.46,15.0,92.0,29.0,282.5,37.5,0.0,10.0,301625.0,4157346.0,5509247.0,28.5,23.83,0.8660254037844387,-0.49999999999999983,-0.433883739117558,-0.9009688679024191,0.49999999999999994,0.8660254037844387,77.065,30.4,96.2875,47.60145833333333,25.192755406161986,71.0025
2026-01-02 09:00:00+00:00,71.0025,10.0,4.0,1.0,False,False,True,True,False,14768.52025,12004.28275,5.373500000000001,-7.66,0.0,1974.7891625,2611.79275,0.0,0.0,205.6475,1068.31,0.0,0.0,411.475,1974.8,-2611.8,205.625,-1068.325,411.475,870.65,14.854999999999999,17.0325,17.715,17.875,300.75,301.0,301.0,301.0,20.5,5.6,995.7,1.244375,30.0,6.55,23.45,65.45,59.25,2.0,-3.5,-0.2,86.0,996.7149999999999,15.0,91.5,29.0,280.0,17.5,0.0,10.0,2146517.0,4157346.0,5809442.0,28.5,23.83,0.7071067811865476,-0.7071067811865475,-0.433883739117558,-0.9009688679024191,0.49999999999999994,0.8660254037844387,92.0,27.814999999999998,89.25,49.4009375,25.260308343634357,67.21000000000001
2026-01-02 10:00:00+00:00,67.21000000000001,11.0,4.0,1.0,False,False,True,True,False,14201.9055,11440.80575,10.790249999999999,192.47666666666666,0.0,2180.73167,2491.6255,0.0,189.5625,0.0,1066.1875,0.0,17.96,107.5875,2180.7,-2491.6,-252.76666666666665,-1066.1999999999998,89.625,391.7,13.61,15.565,16.205000000000002,16.557499999999997,298.5,299.0,299.0,299.0,19.0,4.875,996.45,1.248575,74.75,17.45,57.3,105.9,78.75,2.25,-3.5,0.0,85.5,997.085,16.0,91.5,31.0,280.0,30.0,0.0,15.0,3064199.0,4156214.0,6175629.0,28.5,23.83,0.49999999999999994,-0.8660254037844387,-0.433883739117558,-0.9009688679024191,0.49999999999999994,0.8660254037844387,71.0025,35.0,84.9925,50.74302083333333,25.31751437696447,58.0025
2026-01-02 11:00:00+00:00,58.0025,12.0,4.0,1.0,False,False,True,True,False,13751.88925,11564.07225,46.25833333333333,322.0,0.0,2599.3708475000003,2650.27225,0.0,146.49,0.0,1011.1925,0.0,398.445,0.0,2599.375,-2650.3,-195.33333333333334,-1011.2,-398.45,380.675,14.5125,16.8425,17.535,18.064999999999998,310.0,311.0,311.0,311.5,18.675,4.675,996.65,1.249775,86.0,17.5,68.5,74.875,81.75,2.55,-3.0,-0.15,82.5,996.9449999999999,16.0,92.5,31.5,275.0,32.5,0.0,15.0,3473707.0,3956467.0,6199132.0,28.5,23.83,0.258819045102521,-0.9659258262890682,-0.433883739117558,-0.9009688679024191,0.49999999999999994,0.8660254037844387,67.21000000000001,51.3425,82.3125,51.020520833333336,25.360833205126315,68.535
2026-01-02 12:00:00+00:00,68.535,13.0,4.0,1.0,False,False,True,True,False,13590.9265,11585.732250000001,194.73275,467.1183333333333,0.0,2669.605835,2528.05625,0.0,19.48,0.0,942.0275,0.0,0.0,170.2425,2669.625,-2528.1,-77.9,-942.025,170.25,1246.35,13.059999999999999,14.8675,15.4925,15.592500000000001,312.25,312.75,312.75,312.75,17.275,4.925,996.9000000000001,1.248925,61.5,5.95,55.55,23.349999999999998,100.0,2.3,-3.5,0.5,88.0,996.62,15.0,96.0,34.0,275.0,40.0,0.0,15.0,2790032.0,3677898.0,5037858.0,28.5,23.83,1.2246467991473532e-16,-1.0,-0.433883739117558,-0.9009688679024191,0.49999999999999994,0.8660254037844387,58.0025,43.47,82.7525,52.06489583333333,25.551756645125515,72.0575
2026-01-02 13:00:00+00:00,72.0575,14.0,4.0,1.0,False,False,True,True,False,13816.967,12830.49725,5.852666666666666,-56.965,0.0,2627.585845,2380.29675,0.0,0.0,0.0,992.855,0.0,0.0,652.2625,2627.575,-2380.3,51.412499999999994,-992.8499999999999,652.275,1691.9,14.7225,17.1425,17.85,18.105,308.25,309.0,309.0,309.75,19.275,5.325,997.225,1.247525,43.0,2.95,40.05,12.924999999999999,96.0,2.85,-2.5,1.05,89.0,996.8050000000001,16.0,95.0,30.5,285.0,37.5,0.0,15.0,1673878.0,3855366.0,4146535.0,28.5,23.83,-0.2588190451025208,-0.9659258262890683,-0.433883739117558,-0.9009688679024191,0.49999999999999994,0.8660254037844387,68.535,37.805,90.6475,53.49208333333333,25.676919942890706,80.52250000000001
2026-01-02 14:00:00+00:00,80.52250000000001,15.0,4.0,1.0,False,False,True,True,False,14607.014500000001,13317.182499999999,5.280833333333334,-22.235,0.0,2567.4083325,2897.00275,0.0,0.0,180.7125,521.46,0.0,0.0,412.09749999999997,2567.4,-2897.0,180.72500000000002,-521.475,412.1,1914.5,14.33,16.62,17.4925,17.91,311.75,312.25,312.0,312.0,20.45,5.0,997.725,1.249625,61.75,18.35,43.4,103.69999999999999,62.5,3.2,-2.0,1.15,86.5,997.255,16.0,92.5,27.5,292.5,27.5,0.0,15.0,1151057.0,4123564.0,4501485.0,28.5,23.83,-0.4999999999999998,-0.8660254037844388,-0.433883739117558,-0.9009688679024191,0.49999999999999994,0.8660254037844387,72.0575,54.802499999999995,105.2775,54.56375,26.264010732989814,86.0775
2026-01-02 15:00:00+00:00,86.0775,16.0,4.0,1.0,False,False,True,True,False,15363.11475,13383.794333333333,2.6625,-226.60166666666666,0.0,2434.7575025,2934.5835,0.0,0.0,591.9875,1065.7325,0.0,0.0,607.8275,2434.775,-2934.6,592.0,-1065.775,607.825,1835.175,14.7425,17.052500000000002,17.79,17.82,309.25,310.25,310.25,312.75,21.275,5.55,998.05,1.247575,45.5,11.9,33.6,106.05000000000001,75.5,3.3000000000000003,-1.5,-0.6,76.5,998.11,16.0,87.5,23.5,305.0,20.0,0.0,15.0,208910.0,4125466.0,4908305.0,28.5,23.83,-0.7071067811865471,-0.7071067811865479,-0.433883739117558,-0.9009688679024191,0.49999999999999994,0.8660254037844387,80.52250000000001,69.7675,112.35,55.24333333333333,26.878339748669806,108.085
2026-01-02 16:00:00+00:00,108.085,17.0,4.0,1.0,False,False,True,True,False,15677.319500000001,13094.169572916666,3.9833333333333334,-169.40166666666667,0.0,2092.1825074999997,2807.83725,0.0,0.0,613.5375,1018.695,0.0,0.0,659.1700000000001,2092.175,-2807.8,613.525,-1018.7,659.175,1644.25,15.040000000000001,17.2925,18.03,18.145,323.5,323.5,323.25,323.0,21.8,5.0249999999999995,998.625,1.25065,3.25,0.1,3.15,1.7,76.25,2.4,-2.5,0.04999999999999999,85.5,998.2149999999999,13.5,94.0,23.5,302.5,10.0,0.0,0.0,0.0,1372540.0,1590170.0,28.5,23.83,-0.8660254037844384,-0.5000000000000004,-0.433883739117558,-0.9009688679024191,0.49999999999999994,0.8660254037844387,86.0775,85.5975,116.59,56.18031249999999,28.33497944153907,111.1025
2026-01-02 17:00:00+00:00,111.1025,18.0,4.0,1.0,False,False,True,True,False,15092.36325,12804.5448125,2.320666666666667,-328.28333333333336,0.0,2427.4491625,3529.49025,0.0,0.0,575.6875,1067.99,0.0,0.0,409.4125,2427.45,-3529.5,575.7,-1068.025,409.425,1462.2,14.415000000000001,16.65,17.335,17.439999999999998,321.75,321.75,322.0,322.5,20.875,5.425,999.2,1.2495500000000002,0.0,0.0,0.0,0.0,97.5,2.3,-3.0,-0.5,83.0,998.88,14.5,87.5,23.5,297.5,15.0,0.0,5.0,0.0,1703707.25,1797869.25,28.5,23.83,-0.9659258262890683,-0.25881904510252063,-0.433883739117558,-0.9009688679024191,0.49999999999999994,0.8660254037844387,108.085,77.96,114.41749999999999,57.561249999999994,30.18951628427089,104.1
2026-01-02 18:00:00+00:00,104.1,19.0,4.0,1.0,False,False,True,True,False,14674.7235,12514.920052083333,2.184166666666667,-223.85,0.0,2459.8325025,3691.094,0.0,0.0,414.93,1068.2325,0.0,0.0,454.665,2459.825,-3691.1,414.925,-1068.25,454.65000000000003,1338.425,13.2,15.0425,15.6525,15.7925,323.0,323.25,323.25,323.75,18.525,5.525,999.85,1.2499,0.0,0.0,0.0,0.0,79.75,2.4499999999999997,-3.0,-1.15,78.5,999.435,15.0,81.0,24.5,305.0,27.5,0.0,15.0,0.0,2034874.5,2005568.5,28.5,23.83,-1.0,-1.8369701987210297e-16,-0.433883739117558,-0.9009688679024191,0.49999999999999994,0.8660254037844387,111.1025,73.8,113.76249999999999,58.82375,31.50311444230894,90.705
2026-01-02 19:00:00+00:00,90.705,20.0,4.0,1.0,False,False,True,True,False,14448.440999999999,12225.295291666665,0.7,-200.55,0.0,2910.2725025,4056.875,0.0,0.0,477.6775,1068.1925,0.0,0.0,351.275,2910.275,-4056.9,477.675,-1068.2,351.25,1656.8000000000002,13.3675,15.292499999999999,15.92,15.8925,324.25,326.75,326.5,326.75,17.75,5.675,1000.3,1.249825,0.0,0.0,0.0,0.0,76.25,2.0,-3.0,-1.2,80.5,1000.09,15.0,75.0,23.5,305.0,35.0,0.0,10.0,0.0,2366041.75,2213267.75,28.5,23.83,-0.9659258262890684,0.2588190451025203,-0.433883739117558,-0.9009688679024191,0.49999999999999994,0.8660254037844387,104.1,67.57249999999999,110.695,59.78760416666666,32.13006188744193,84.6525
2026-01-02 20:00:00+00:00,84.6525,21.0,4.0,1.0,False,False,True,True,False,13887.71075,11935.67053125,1.3975000000000002,-252.55,0.0,2687.3374974999997,3973.03075,0.0,0.0,521.655,1068.1425,0.0,0.0,528.4625,2687.35,-3973.0,521.675,-1068.15,528.475,1676.025,10.975,12.3075,12.7925,13.07,322.5,322.25,322.25,321.5,17.975,5.425,1000.725,1.25145,0.0,0.0,0.0,0.0,66.75,1.8499999999999999,-3.0,-1.05,81.5,1000.615,15.0,79.0,21.5,297.5,17.5,0.0,5.0,0.0,2697209.0,2420967.0,28.5,23.83,-0.8660254037844386,0.5000000000000001,-0.433883739117558,-0.9009688679024191,0.49999999999999994,0.8660254037844387,90.705,61.199999999999996,108.66499999999999,60.76479166666667,32.529044454254745,86.12
2026-01-02 21:00:00+00:00,86.12,22.0,4.0,1.0,False,False,True,True,False,13351.26375,11646.045770833332,2.1809166666666666,-199.79833333333332,0.0,2279.91667,3553.17125,0.0,0.0,556.465,1062.5075,0.0,0.0,606.255,2279.9,-3553.2,556.4499999999999,-1062.5,606.25,1491.825,10.675,12.225,12.709999999999999,13.3725,307.5,309.0,309.0,309.75,16.175,5.325,1001.025,1.252325,0.0,0.0,0.0,0.0,48.25,2.1,-3.0,-1.4,78.5,1001.025,16.0,78.5,23.5,295.0,15.0,0.0,5.0,0.0,3028376.25,2628666.25,28.5,23.83,-0.7071067811865477,0.7071067811865474,-0.433883739117558,-0.9009688679024191,0.49999999999999994,0.8660254037844387,84.6525,61.805,106.2575,61.77791666666667,32.93891664445178,81.8575
2026-01-02 22:00:00+00:00,81.8575,23.0,4.0,1.0,False,False,True,True,False,12961.521,11356.421010416667,4.144,-57.575,0.0,2321.296665,3631.62375,0.0,0.0,401.8575,919.2075,0.0,0.0,577.6375,2321.3,-3631.6,401.82500000000005,-919.2,577.625,1473.6750000000002,11.835,13.145,13.665,13.635,309.75,310.25,310.25,310.5,16.475,5.55,1001.35,1.2517,0.0,0.0,0.0,0.0,72.75,1.95,-3.0,-1.25,79.5,1001.415,16.0,85.0,21.5,295.0,17.5,0.0,5.0,0.0,3359543.5,2836365.5,28.5,23.83,-0.5000000000000004,0.8660254037844384,-0.433883739117558,-0.9009688679024191,0.49999999999999994,0.8660254037844387,86.12,47.7875,98.1425,63.1975,33.04374833163371,80.9
2026-01-02 23:00:00+00:00,80.9,0.0,5.0,1.0,True,False,False,True,False,12853.45875,11066.79625,5.887583333333334,107.94166666666666,0.0,1703.2375025000001,3810.85725,0.0,0.0,592.1675,420.645,0.0,0.0,698.3375,1703.25,-3810.9,592.175,-420.625,698.35,1620.4,12.6475,14.14,14.7075,14.657499999999999,299.75,299.5,299.5,299.25,16.275,4.85,1001.25,1.254675,0.0,0.0,0.0,0.0,75.75,1.45,-3.5,-0.7,86.0,1001.74,16.0,90.0,21.5,285.0,27.5,0.0,15.0,0.0,3690710.75,3044064.75,28.5,23.83,-0.25881904510252157,0.9659258262890681,-0.433883739117558,-0.9009688679024191,0.49999999999999994,0.8660254037844387,81.8575,28.1,95.97749999999999,65.3975,32.35592680571088,78.3825
2026-01-03 00:00:00+00:00,78.3825,1.0,5.0,1.0,True,False,False,True,False,12633.368,10689.41175,4.456666666666666,12.933333333333334,126.7624975,1404.1174999999998,3389.29775,0.0,0.0,622.1825,370.53000000000003,0.0,0.0,700.18,1277.375,-3389.3,622.175,-370.55,700.2,1381.875,11.7325,13.1125,13.6275,13.5275,291.25,291.25,291.25,290.25,15.65,4.7,1001.3,1.2554750000000001,0.0,0.0,0.0,0.0,99.0,1.7999999999999998,-3.0,-0.75,83.0,1001.4300000000001,16.0,95.0,21.5,277.5,25.0,0.0,10.0,0.0,4021878.0,3251764.0,28.5,23.83,0.0,1.0,-0.9749279121818236,-0.2225209339563146,0.49999999999999994,0.8660254037844387,80.9,16.625,91.16,67.97072916666666,30.723008837018977,75.97
2026-01-03 01:00:00+00:00,75.97,2.0,5.0,1.0,True,False,False,True,False,12252.6155,10485.128499999999,2.136,-107.28333333333333,444.61082999999996,1115.54,2899.22125,0.0,0.0,601.84,727.8525,0.0,0.0,693.0450000000001,670.925,-2899.2,601.825,-727.85,693.05,513.125,11.9375,13.350000000000001,13.8675,13.875,286.75,288.0,288.0,288.5,15.7,5.2,1000.5500000000001,1.252275,0.0,0.0,0.0,0.0,75.25,1.5499999999999998,-3.5,-0.4,87.0,1001.265,16.0,97.5,24.0,272.5,27.5,0.0,15.0,0.0,3978389.0,3386044.0,28.5,23.83,0.25881904510252074,0.9659258262890683,-0.9749279121818236,-0.2225209339563146,0.49999999999999994,0.8660254037844387,78.3825,14.995000000000001,84.0325,70.51135416666666,28.599499159296307,75.0025
2026-01-03 02:00:00+00:00,75.0025,3.0,5.0,1.0,True,False,False,True,False,12036.14725,10245.7495,3.9290000000000003,-11.548333333333334,107.914995,851.12725,2664.41375,0.0,0.0,592.3475,653.7275,0.0,0.0,690.3525,743.225,-2664.4,592.325,-653.725,690.325,706.0999999999999,11.0175,12.2225,12.68,12.785,291.0,291.5,291.25,293.25,14.45,4.55,1000.325,1.254925,0.0,0.0,0.0,0.0,71.5,1.7999999999999998,-3.5,-0.5499999999999999,85.0,1001.0799999999999,16.0,96.0,25.0,270.0,45.0,0.0,15.0,0.0,3850172.0,3918166.0,28.5,23.83,0.49999999999999994,0.8660254037844387,-0.9749279121818236,-0.2225209339563146,0.49999999999999994,0.8660254037844387,75.97,8.817499999999999,80.87,73.2690625,25.40450227356685,73.195
2026-01-03 03:00:00+00:00,73.195,4.0,5.0,1.0,True,False,False,True,False,11857.65225,10433.614,5.862333333333334,22.598333333333336,416.53333499999997,1085.8000000000002,2246.04925,0.0,0.0,223.12,388.4425,0.0,0.0,462.945,669.275,-2246.0,223.125,-388.45,462.95000000000005,405.375,10.815,11.9625,12.4725,12.55,296.5,296.75,296.5,296.5,14.825,4.5,1000.1,1.254825,0.0,0.0,0.0,0.0,78.25,1.5,-3.5,-0.7999999999999999,85.0,1000.665,16.0,92.5,23.5,270.0,35.0,0.0,15.0,0.0,4027028.0,4191319.0,28.5,23.83,0.7071067811865475,0.7071067811865476,-0.9749279121818236,-0.2225209339563146,0.49999999999999994,0.8660254037844387,75.0025,10.0025,81.6225,75.90208333333332,21.54358706995148,75.0375
2026-01-03 04:00:00+00:00,75.0375,5.0,5.0,1.0,True,False,False,True,False,11935.4265,10589.151,6.494166666666667,139.06166666666667,536.8416649999999,935.4250000000001,2326.53275,0.0,0.0,338.3975,250.39,0.0,0.0,451.4775,398.575,-2326.5,338.42499999999995,-250.375,451.45,356.425,11.1775,12.2675,12.74,12.6775,296.5,297.25,297.25,297.75,14.700000000000001,4.425,999.3,1.2542,0.0,0.0,0.0,0.0,98.5,1.75,-3.5,-0.5,85.5,1000.0799999999999,16.0,92.5,24.0,272.5,37.5,0.0,10.0,0.0,4035617.0,4459777.0,28.5,23.83,0.8660254037844386,0.5000000000000001,-0.9749279121818236,-0.2225209339563146,0.49999999999999994,0.8660254037844387,73.195,15.555,80.9725,78.38052083333334,17.303498876188144,76.0725
2026-01-03 05:00:00+00:00,76.0725,6.0,5.0,1.0,True,False,False,True,False,12161.318,10880.51375,3.0913333333333335,-83.52,338.17665750000003,903.0885000000001,2247.934,0.0,0.0,480.60249999999996,104.3475,0.0,0.0,515.8075,564.925,-2247.9,480.57500000000005,-104.35,515.8,895.0,11.1075,12.2525,12.7025,12.8125,310.5,311.0,311.0,311.0,14.45,3.9749999999999996,998.95,1.255775,0.0,0.0,0.0,0.0,75.75,1.5999999999999999,-3.5,-0.39999999999999997,87.0,999.7049999999999,16.0,95.0,22.5,270.0,27.5,0.0,15.0,0.0,4052214.0,4124334.0,28.5,23.83,0.9659258262890683,0.25881904510252074,-0.9749279121818236,-0.2225209339563146,0.49999999999999994,0.8660254037844387,75.0375,29.845,85.035,80.30666666666667,13.905025613742778,79.375
2026-01-03 06:00:00+00:00,79.375,7.0,5.0,1.0,True,False,False,True,False,12597.64075,11475.48375,4.2139999999999995,-6.953333333333333,416.29916000000003,691.36025,1744.76175,0.0,0.0,549.0825,143.3625,0.0,0.0,420.125,275.04999999999995,-1744.8,549.075,-143.375,420.125,664.725,11.77,13.2425,13.785,13.9025,228.25,228.5,228.5,228.75,16.025,3.725,999.05,1.25705,0.0,0.0,0.0,0.0,100.0,1.35,-3.5,-0.35,89.5,999.55,15.0,95.0,21.0,270.0,30.0,0.0,10.0,0.0,4002244.0,4134302.0,28.5,23.83,1.0,6.123233995736766e-17,-0.9749279121818236,-0.2225209339563146,0.49999999999999994,0.8660254037844387,76.0725,53.705,95.2575,81.37625,12.70536875138609,90.69
2026-01-03 07:00:00+00:00,90.69,8.0,5.0,1.0,True,False,False,True,False,13355.09175,12231.02075,4.8555,-75.81,0.0,1567.0041725,2163.60425,0.0,0.0,503.8775,317.1375,0.0,396.8825,0.545,1567.025,-2163.6,503.875,-317.125,-396.375,816.5,10.9475,12.1525,12.645,12.6,229.5,229.25,229.25,229.75,14.675,4.025,999.1,1.255725,0.0,0.0,0.0,0.0,100.0,1.2,-4.0,-0.4,89.5,999.4,13.5,95.0,21.0,272.5,35.0,0.0,10.0,0.0,3917386.0,3954257.0,28.5,23.83,0.9659258262890683,-0.25881904510252063,-0.9749279121818236,-0.2225209339563146,0.49999999999999994,0.8660254037844387,79.375,77.065,99.8725,81.94395833333334,12.808338187627065,94.09
2026-01-03 08:00:00+00:00,94.09,9.0,5.0,1.0,True,False,False,True,False,13832.15375,13037.2335,5.260416666666667,-3.9716666666666662,0.0,1155.429665,2088.56975,0.0,0.0,379.77,453.425,0.0,0.0,357.8375,1155.425,-2088.6,379.75,-453.425,357.825,917.475,10.23,11.282499999999999,11.73,11.817499999999999,312.5,313.5,313.5,314.5,13.625,3.925,999.4,1.256575,0.25,0.0,0.25,0.0,100.0,1.2,-4.0,-0.45,89.0,999.38,13.5,95.0,22.5,280.0,37.5,0.0,10.0,143417.0,3963523.0,3722706.0,28.5,23.83,0.8660254037844387,-0.49999999999999983,-0.9749279121818236,-0.2225209339563146,0.49999999999999994,0.8660254037844387,90.69,92.0,92.9475,82.03104166666667,12.88654754243387,93.31
2026-01-03 09:00:00+00:00,93.31,10.0,5.0,1.0,True,False,False,True,False,13763.47125,13699.88775,5.449,-61.905,0.0,1168.2415775,1782.509,0.0,0.0,603.3575,841.3375,0.0,0.0,691.7025,1168.25,-1782.5,603.35,-841.3,691.7,1176.325,11.58,12.98,13.5575,13.525,313.25,313.5,313.5,313.75,15.875,3.95,999.875,1.25705,16.75,0.7000000000000001,16.05,7.25,100.0,1.5499999999999998,-3.0,-0.14999999999999997,89.5,999.7,13.5,95.0,22.0,277.5,30.0,0.0,10.0,972650.0,3830156.0,3300810.0,28.5,23.83,0.7071067811865476,-0.7071067811865475,-0.9749279121818236,-0.2225209339563146,0.49999999999999994,0.8660254037844387,94.09,71.0025,79.6325,82.96052083333333,12.860967722125347,88.7075
2026-01-03 10:00:00+00:00,88.7075,11.0,5.0,1.0,True,False,False,True,False,13630.38225,13728.3265,5.120833333333334,-67.28666666666666,7.455,831.28808,1546.31275,0.0,0.0,571.7625,659.7925,0.0,0.0,620.035,823.85,-1546.3,571.775,-659.8,620.05,969.25,9.535,10.5775,11.004999999999999,11.1525,319.5,318.5,318.5,318.25,12.975,4.325,1000.0999999999999,1.255675,37.75,6.175,31.575,39.199999999999996,100.0,1.55,-3.0,0.04999999999999999,90.0,1000.185,14.5,95.0,21.0,290.0,22.5,0.0,15.0,2023887.0,3664485.0,3223030.0,28.5,23.83,0.49999999999999994,-0.8660254037844387,-0.9749279121818236,-0.2225209339563146,0.49999999999999994,0.8660254037844387,93.31,67.21000000000001,74.695,83.85625,12.458620574944803,87.4125
2026-01-03 11:00:00+00:00,87.4125,12.0,5.0,1.0,True,False,False,True,False,13584.30025,13716.503,6.923333333333334,86.305,228.66416500000003,1086.5149999999999,1340.12825,0.0,0.0,605.895,772.5725,0.0,0.0,683.2275,857.85,-1340.1,605.9,-772.55,683.2249999999999,1039.375,10.6125,11.82,12.282499999999999,12.32,242.75,243.25,243.25,243.25,13.55,4.425,1000.425,1.255625,46.75,8.700000000000001,38.05,40.075,80.75,2.4000000000000004,-1.5,0.25,86.0,1000.3499999999999,16.0,92.5,16.5,307.5,22.5,0.0,15.0,2830596.0,3445642.0,2956291.0,28.5,23.83,0.258819045102521,-0.9659258262890682,-0.9749279121818236,-0.2225209339563146,0.49999999999999994,0.8660254037844387,88.7075,58.0025,74.17,85.08166666666666,11.186535449473281,86.60499999999999
2026-01-03 12:00:00+00:00,86.60499999999999,13.0,5.0,1.0,True,False,False,True,False,13562.8165,13252.24,7.940666666666667,156.57333333333332,363.182495,1090.58,1647.277,0.0,0.0,622.305,641.6475,0.0,0.0,700.32,727.375,-1647.3,622.3,-641.6500000000001,700.3,996.55,10.775,12.07,12.545,12.629999999999999,329.75,330.25,330.5,330.5,14.149999999999999,4.725,1000.425,1.2542499999999999,105.25,32.275,72.975,131.575,99.75,2.6,-1.5,0.1,84.0,1000.6600000000001,16.0,92.5,18.5,307.5,20.0,0.0,15.0,3730361.0,3679250.0,2709208.0,28.5,23.83,1.2246467991473532e-16,-1.0,-0.9749279121818236,-0.2225209339563146,0.49999999999999994,0.8660254037844387,87.4125,68.535,81.3075,85.83458333333334,10.618094473756905,89.6825
2026-01-03 13:00:00+00:00,89.6825,14.0,5.0,1.0,True,False,False,True,False,13747.34125,12901.484499999999,6.644666666666667,30.125,610.1433274999999,1041.91475,1369.86375,0.0,0.0,550.47,417.5775,0.0,0.0,667.545,431.775,-1369.9,550.475,-417.575,667.525,889.7249999999999,10.8275,12.4025,12.89,13.25,256.0,254.0,254.0,247.5,14.5,4.45,1000.95,1.256175,121.25,35.675,85.575,146.575,75.0,2.45,-2.0,0.25,86.0,1001.615,16.0,90.0,17.5,310.0,20.0,0.0,15.0,3792443.0,3301820.0,2628249.0,28.5,23.83,-0.2588190451025208,-0.9659258262890683,-0.9749279121818236,-0.2225209339563146,0.49999999999999994,0.8660254037844387,86.60499999999999,72.0575,86.565,86.56895833333333,10.226065319135989,94.4575
2026-01-03 14:00:00+00:00,94.4575,15.0,5.0,1.0,True,False,False,True,False,14023.62825,13085.11025,3.2900833333333335,-231.8383333333333,731.8050025,1109.108,1608.5895,0.0,0.0,481.5525,362.5825,0.0,0.0,369.83,377.3,-1608.6,481.575,-362.575,369.825,463.95,11.715,13.2875,13.8375,14.0025,330.5,331.5,331.75,332.5,17.875,5.475,1001.8,1.252575,94.75,31.325000000000003,63.425,169.4,41.25,2.65,-1.5,0.19999999999999998,84.5,1002.3299999999999,16.0,87.5,17.0,312.5,22.5,0.0,10.0,3334139.0,3225965.0,2406848.0,28.5,23.83,-0.4999999999999998,-0.8660254037844388,-0.9749279121818236,-0.2225209339563146,0.49999999999999994,0.8660254037844387,89.6825,80.52250000000001,90.91,87.14958333333334,10.263366461507283,99.29249999999999
2026-01-03 15:00:00+00:00,99.29249999999999,16.0,5.0,1.0,True,False,False,True,False,14549.11875,13404.401333333333,4.031,-159.99333333333334,857.165835,901.31825,1881.97925,0.0,0.0,613.2275,324.54,0.0,0.0,683.155,44.125,-1882.0,613.225,-324.54999999999995,683.15,545.5,13.852500000000001,15.7575,16.4,16.435,323.5,323.75,323.75,324.25,20.025,5.05,1002.2750000000001,1.2550999999999999,56.5,16.15,40.35,134.175,42.75,2.65,-1.5,-0.6499999999999999,79.5,1003.125,16.0,84.5,19.0,315.0,20.0,0.0,10.0,680693.0,3852921.0,2348062.0,28.5,23.83,-0.7071067811865471,-0.7071067811865479,-0.9749279121818236,-0.2225209339563146,0.49999999999999994,0.8660254037844387,94.4575,86.0775,99.9,87.70020833333332,10.553730947453424,109.5625
2026-01-03 16:00:00+00:00,109.5625,17.0,5.0,1.0,True,False,False,True,False,14897.26475,13105.115697916666,4.598416666666666,-88.82,379.1325025,1008.0035,2636.49925,0.0,0.0,601.0575,841.8675000000001,0.0,0.0,684.1275,628.875,-2636.5,601.05,-841.85,684.125,413.04999999999995,13.425,15.3475,15.945,15.950000000000001,319.5,321.5,321.5,321.75,20.075,4.625,1002.875,1.25775,8.25,0.675,7.575,9.725000000000001,80.25,1.25,-3.5,-1.5,83.5,1002.8,10.5,84.0,21.0,300.0,10.0,0.0,0.0,0.0,1107104.0,858750.0,28.5,23.83,-0.8660254037844384,-0.5000000000000004,-0.9749279121818236,-0.2225209339563146,0.49999999999999994,0.8660254037844387,99.29249999999999,108.085,103.6925,87.76177083333333,10.681348139935704,110.6775
2026-01-03 17:00:00+00:00,110.6775,18.0,5.0,1.0,True,False,False,True,False,14635.8175,12805.8300625,6.150666666666667,168.36833333333334,228.3875,1508.89,3297.31125,0.0,0.0,276.98,1071.74,0.0,12.265,75.77499999999999,1280.5,-3297.3,277.0,-1071.75,63.525,-275.09999999999997,13.11,14.8675,15.462499999999999,15.5275,314.5,315.5,315.5,316.5,18.775,4.75,1003.35,1.25775,0.0,0.0,0.0,0.0,89.5,1.0,-4.0,-2.0,81.5,1003.325,13.0,85.0,22.0,290.0,17.5,0.0,5.0,0.0,1415912.375,1047467.0,28.5,23.83,-0.9659258262890683,-0.25881904510252063,-0.9749279121818236,-0.2225209339563146,0.49999999999999994,0.8660254037844387,109.5625,111.1025,106.5225,87.7440625,10.64124672974551,104.23
2026-01-03 18:00:00+00:00,104.23,19.0,5.0,1.0,True,False,False,True,False,14225.3495,12506.544427083332,7.128,181.73333333333332,25.3825025,1792.4908300000002,3522.321,0.0,0.0,307.8975,1083.62,0.0,347.5825,0.0,1767.125,-3522.3,307.875,-1083.625,-347.575,-236.77499999999995,11.085,12.342500000000001,12.82,12.82,318.75,318.75,319.0,319.0,17.2,3.525,1003.875,1.2640500000000001,0.0,0.0,0.0,0.0,91.5,0.5499999999999999,-5.0,-1.65,86.0,1003.735,13.5,86.5,24.0,290.0,25.0,0.0,5.0,0.0,1724720.75,1236184.0,28.5,23.83,-1.0,-1.8369701987210297e-16,-0.9749279121818236,-0.2225209339563146,0.49999999999999994,0.8660254037844387,110.6775,104.1,104.0475,87.74947916666666,10.649963818553934,96.67750000000001
2026-01-03 19:00:00+00:00,96.67750000000001,20.0,5.0,1.0,True,False,False,True,False,13925.86025,12207.258791666667,8.846499999999999,249.15,56.27834,1586.8124975,3247.0965,0.0,0.0,394.78999999999996,1075.5575,0.0,391.215,0.0,1530.5249999999999,-3247.1,394.775,-1075.575,-391.225,-353.20000000000005,12.4575,13.942499999999999,14.52,14.64,312.75,313.75,313.75,314.0,17.6,3.7,1004.175,1.2636,0.0,0.0,0.0,0.0,76.25,0.4,-5.0,-1.95,85.5,1004.2149999999999,14.5,90.0,23.0,292.5,22.5,0.0,5.0,0.0,2033529.125,1424901.0,28.5,23.83,-0.9659258262890684,0.2588190451025203,-0.9749279121818236,-0.2225209339563146,0.49999999999999994,0.8660254037844387,104.23,90.705,100.9125,87.99833333333333,10.790873651686919,90.4
2026-01-03 20:00:00+00:00,90.4,21.0,5.0,1.0,True,False,False,True,False,13535.11025,11907.97315625,6.9976666666666665,178.07833333333335,102.9833275,1264.105,3135.1215,0.0,0.0,482.71500000000003,1020.505,0.0,0.0,187.0725,1161.125,-3135.1,482.725,-1020.525,187.075,26.625,11.26,12.57,13.057500000000001,13.225,309.75,311.75,311.75,313.25,16.65,4.175,1004.475,1.2618,0.0,0.0,0.0,0.0,84.75,0.7,-4.0,-1.45,86.0,1004.315,16.0,89.5,20.5,290.0,27.5,0.0,10.0,0.0,2342337.5,1613618.0,28.5,23.83,-0.8660254037844386,0.5000000000000001,-0.9749279121818236,-0.2225209339563146,0.49999999999999994,0.8660254037844387,96.67750000000001,84.6525,92.8,88.2378125,10.777159707710261,90.4275
2026-01-03 21:00:00+00:00,90.4275,22.0,5.0,1.0,True,False,False,True,False,12988.8895,11608.687520833333,3.59325,-78.06666666666666,76.82334,1428.0441624999999,3133.36425,0.0,0.0,377.2325,876.1524999999999,0.0,87.6875,16.8025,1351.225,-3133.4,377.25,-876.15,-70.85,-1.924999999999983,11.7375,12.935,13.4275,13.325,322.5,323.0,323.0,322.75,16.575,4.275,1004.85,1.2618,0.0,0.0,0.0,0.0,96.75,0.7999999999999999,-4.0,-1.7999999999999998,83.0,1004.7149999999999,16.0,88.0,20.0,287.5,25.0,0.0,15.0,0.0,2651145.875,1802335.0,28.5,23.83,-0.7071067811865477,0.7071067811865474,-0.9749279121818236,-0.2225209339563146,0.49999999999999994,0.8660254037844387,90.4,86.12,94.1125,88.41729166666666,10.776224708888254,86.015
2026-01-03 22:00:00+00:00,86.015,23.0,5.0,1.0,True,False,False,True,False,12470.48725,11309.401885416666,4.501666666666667,-51.465,72.68418,1316.5675,3042.05475,0.0,0.0,211.08749999999998,909.0825,0.0,21.5675,123.86250000000001,1243.875,-3042.1,211.075,-909.1,102.3,-112.34999999999997,11.015,12.1325,12.635,12.7575,316.25,316.5,316.25,316.75,16.75,3.75,1005.375,1.264875,0.0,0.0,0.0,0.0,79.25,0.49999999999999994,-4.0,-2.3499999999999996,81.5,1005.085,16.0,90.0,16.0,285.0,22.5,0.0,15.0,0.0,2959954.25,1991052.0,28.5,23.83,-0.5000000000000004,0.8660254037844384,-0.9749279121818236,-0.2225209339563146,0.49999999999999994,0.8660254037844387,90.4275,81.8575,89.89999999999999,88.59052083333331,10.699332313055978,88.8225
2026-01-03 23:00:00+00:00,88.8225,0.0,6.0,1.0,True,False,False,True,False,13532.31425,11010.11625,7.751833333333334,59.40333333333333,186.394165,971.9945,3012.99125,0.0,0.0,537.2125,898.875,0.0,0.0,552.545,785.6,-3013.0,537.2249999999999,-898.875,552.55,223.22499999999997,10.035,11.195,11.834999999999999,12.1375,317.5,317.5,317.25,317.25,14.625,3.95,1005.375,1.263975,0.0,0.0,0.0,0.0,82.5,0.20000000000000007,-4.0,-2.4,83.0,1005.575,16.0,92.5,17.0,277.5,22.5,0.0,10.0,0.0,3268762.625,2179769.0,28.5,23.83,-0.25881904510252157,0.9659258262890681,-0.9749279121818236,-0.2225209339563146,0.49999999999999994,0.8660254037844387,86.015,80.9,84.52,88.92062499999999,10.573214368979563,85.33
2026-01-04 00:00:00+00:00,85.33,1.0,6.0,1.0,True,False,False,True,False,12678.234499999999,11073.41425,1.497,-333.85,610.4841675,822.48925,2872.38225,0.0,0.0,490.565,832.8425,0.0,0.0,350.76,211.975,-2872.4,490.55,-832.825,350.725,-497.6,11.475,12.780000000000001,13.282499999999999,13.5025,312.75,313.25,313.25,313.5,14.925,3.55,1005.825,1.26635,0.0,0.0,0.0,0.0,95.5,0.35000000000000003,-4.0,-2.2,83.5,1005.6,16.0,91.0,13.5,280.0,27.5,0.0,10.0,0.0,3577571.0,2368486.0,28.5,23.83,0.0,1.0,-0.7818314824680299,0.6234898018587334,0.49999999999999994,0.8660254037844387,88.8225,78.3825,83.4775,89.21010416666667,10.365211843699539,85.0425
2026-01-04 01:00:00+00:00,85.0425,2.0,6.0,1.0,True,False,False,True,False,12340.025000000001,10782.279,4.771333333333333,-81.77333333333333,462.72333249999997,1115.9882499999999,2945.506,0.0,0.0,310.7425,795.6675,0.0,36.0325,91.695,653.25,-2945.5,310.725,-795.675,55.67500000000001,-512.375,12.595,14.355,14.942499999999999,15.055,319.25,320.0,320.0,320.25,16.85,4.025,1005.75,1.264075,0.0,0.0,0.0,0.0,100.0,0.35000000000000003,-4.0,-1.6,88.0,1005.405,15.0,90.0,16.0,272.5,30.0,0.0,10.0,0.0,3835283.0,2691801.0,28.5,23.83,0.25881904510252074,0.9659258262890683,-0.7818314824680299,0.6234898018587334,0.49999999999999994,0.8660254037844387,85.33,75.97,79.66,89.588125,10.021073779844743,83.745
2026-01-04 02:00:00+00:00,83.745,3.0,6.0,1.0,True,False,False,True,False,12186.14175,10436.84275,8.35925,93.69166666666666,903.6791774999999,1496.205,2919.1755,0.0,0.0,161.055,723.0775,0.0,516.3975,0.0,592.525,-2919.2,161.075,-723.05,-516.4,-1215.7,11.0125,12.235,12.735,12.795,312.5,312.0,312.0,311.75,14.55,4.075,1005.775,1.2639,0.0,0.0,0.0,0.0,81.5,0.65,-4.0,-1.6500000000000001,85.5,1005.4,15.0,85.0,18.5,277.5,30.0,0.0,10.0,0.0,3879314.0,3205362.0,28.5,23.83,0.49999999999999994,0.8660254037844387,-0.7818314824680299,0.6234898018587334,0.49999999999999994,0.8660254037844387,85.0425,75.0025,77.825,89.95239583333334,9.618643962298691,82.5575
2026-01-04 03:00:00+00:00,82.5575,4.0,6.0,1.0,True,False,False,True,False,12162.22975,10277.398000000001,8.67,95.175,769.5790325,1186.3125,2792.19575,0.0,0.0,219.675,775.0725,0.0,595.1175000000001,0.0,416.725,-2792.2,219.675,-775.075,-595.15,-1431.825,10.135,11.3075,11.7725,12.03,309.75,309.0,308.75,309.0,13.225,3.75,1005.725,1.265325,0.0,0.0,0.0,0.0,100.0,0.5,-4.5,-1.9500000000000002,83.5,1005.505,16.0,85.0,21.0,277.5,15.0,0.0,10.0,0.0,3943836.0,3228986.0,28.5,23.83,0.7071067811865475,0.7071067811865476,-0.7818314824680299,0.6234898018587334,0.49999999999999994,0.8660254037844387,83.745,73.195,78.565,90.34249999999999,9.084489857898786,83.4075
2026-01-04 04:00:00+00:00,83.4075,5.0,6.0,1.0,True,False,False,True,False,12243.017,10506.57175,6.756666666666666,40.97833333333333,658.5991625,949.9155,2893.73,0.0,0.0,237.505,705.905,0.0,246.825,4.7425,291.325,-2893.7,237.525,-705.925,-242.1,-1142.575,11.1125,12.3,12.7525,12.84,310.25,310.25,310.25,310.5,14.25,4.45,1005.75,1.26215,0.0,0.0,0.0,0.0,72.0,0.6,-4.0,-2.75,78.5,1005.1,16.0,82.0,20.0,277.5,27.5,0.0,10.0,0.0,3799011.0,3423286.0,28.5,23.83,0.8660254037844386,0.5000000000000001,-0.7818314824680299,0.6234898018587334,0.49999999999999994,0.8660254037844387,82.5575,75.0375,81.4875,90.69125000000001,8.620186495511362,83.8
2026-01-04 05:00:00+00:00,83.8,6.0,6.0,1.0,True,False,False,True,False,12573.1495,10804.518,5.4845,12.678333333333335,620.4199975,682.358,3042.2185,0.0,0.0,0.0,439.475,0.0,5.1925,366.5925,61.94999999999999,-3042.2,138.1125,-439.47499999999997,361.4,-776.6999999999999,10.967500000000001,12.195,12.657499999999999,12.945,312.75,313.75,313.75,313.75,14.075,3.9000000000000004,1005.85,1.2648000000000001,0.0,0.0,0.0,0.0,70.0,0.7000000000000001,-4.5,-1.85,84.0,1005.27,16.0,67.5,21.5,280.0,20.0,0.0,10.0,0.0,3889414.0,3519005.0,28.5,23.83,0.9659258262890683,0.25881904510252074,-0.7818314824680299,0.6234898018587334,0.49999999999999994,0.8660254037844387,83.4075,76.0725,84.48,91.01322916666668,8.18367550832994,86.4975
2026-01-04 06:00:00+00:00,86.4975,7.0,6.0,1.0,True,False,False,True,False,13144.382,11289.2205,4.944333333333333,-30.688333333333333,677.6616625,534.3172500000001,2668.3515,0.0,0.0,9.6725,420.45,0.0,12.335,413.255,-143.325,-2668.4,38.7,-420.475,400.9,-820.3,10.725,11.775,12.227500000000001,12.2725,311.25,312.25,312.25,312.5,13.9,4.125,1006.1,1.264075,0.0,0.0,0.0,0.0,98.0,0.95,-4.0,-1.45,84.5,1005.55,15.0,67.5,22.5,280.0,17.5,0.0,10.0,0.0,4030126.0,3450442.0,28.5,23.83,1.0,6.123233995736766e-17,-0.7818314824680299,0.6234898018587334,0.49999999999999994,0.8660254037844387,83.8,79.375,89.275,91.31,7.866268693108523,88.1325
2026-01-04 07:00:00+00:00,88.1325,8.0,6.0,1.0,True,False,False,True,False,13826.0775,12100.108250000001,5.39075,-22.92,576.3891675,496.13375,2818.8645,0.0,0.0,205.4,0.4825,0.0,152.385,160.755,-80.275,-2818.9,205.4,-0.47500000000000003,8.350000000000009,-571.6750000000001,11.0325,12.18,12.68,12.74,311.5,312.0,312.0,312.0,14.175,4.3,1006.4,1.263625,0.0,0.0,0.0,0.0,100.0,0.9999999999999999,-4.0,-1.1,86.0,1005.9649999999999,15.0,70.5,23.5,275.0,20.0,0.0,10.0,0.0,3947805.0,3269467.0,28.5,23.83,0.9659258262890683,-0.25881904510252063,-0.7818314824680299,0.6234898018587334,0.49999999999999994,0.8660254037844387,86.4975,90.69,95.0,91.2034375,7.892312674661647,94.3
2026-01-04 08:00:00+00:00,94.3,9.0,6.0,1.0,True,False,False,True,False,14420.67525,12645.552,6.3395,51.70166666666667,253.66667,464.65175,2680.10675,0.0,0.0,124.935,179.47,0.0,261.57,0.0,211.0,-2680.1,124.95,-179.475,-261.575,-775.1750000000001,8.8075,9.5675,9.965,10.0125,301.0,301.75,301.75,302.0,12.35,4.225,1006.75,1.2644250000000001,0.25,0.0,0.25,0.0,77.75,1.0,-4.5,-0.95,86.5,1006.23,14.5,72.5,23.5,275.0,22.5,0.0,10.0,296082.0,3954226.0,3070396.0,28.5,23.83,0.8660254037844387,-0.49999999999999983,-0.7818314824680299,0.6234898018587334,0.49999999999999994,0.8660254037844387,88.1325,94.09,94.42,91.21218749999998,7.895767726822341,94.755
2026-01-04 09:00:00+00:00,94.755,10.0,6.0,1.0,True,False,False,True,False,15049.6775,13103.3325,9.05,119.41833333333334,0.0,1249.7068225,2419.90175,0.0,0.0,136.2525,830.5375,0.0,628.6575,0.0,1249.7,-2419.9,136.25,-830.55,-628.675,-678.2249999999999,9.92,10.7675,11.1725,11.0875,301.0,301.5,301.5,301.75,13.05,3.825,1007.175,1.266775,26.5,3.5,23.0,35.95,51.75,1.3,-4.0,-1.0,85.0,1006.7,14.5,75.0,24.0,272.5,22.5,0.0,10.0,2357687.0,3922556.0,3174977.0,28.5,23.83,0.7071067811865476,-0.7071067811865475,-0.7818314824680299,0.6234898018587334,0.49999999999999994,0.8660254037844387,94.3,93.31,88.805,91.27239583333333,7.917938098942355,90.8775
2026-01-04 10:00:00+00:00,90.8775,11.0,6.0,1.0,True,False,False,True,False,15658.526,12845.2125,10.086666666666668,183.66666666666666,7.01225,685.4330024999999,2119.11575,0.0,0.0,285.5125,1045.6425,0.0,426.47,0.0125,678.425,-2119.1,285.525,-1045.625,-426.425,-1037.95,9.5025,10.39,10.8375,10.805,293.25,293.25,293.25,293.75,12.85,3.725,1007.575,1.2677749999999999,83.0,29.2,53.800000000000004,178.225,36.25,1.7999999999999998,-3.5,-0.55,85.5,1007.2,14.5,70.0,25.5,277.5,20.0,0.0,10.0,4084745.0,3708070.0,3334042.0,28.5,23.83,0.49999999999999994,-0.8660254037844387,-0.7818314824680299,0.6234898018587334,0.49999999999999994,0.8660254037844387,94.755,88.7075,88.3675,91.3628125,7.899744503040626,89.5425
2026-01-04 11:00:00+00:00,89.5425,12.0,6.0,1.0,True,False,False,True,False,16130.7605,12884.14875,5.3276666666666666,-28.63,440.28559,12.560835,1831.5145,0.0,0.0,616.5475,1068.26,0.0,0.0,275.8775,-427.7,-1831.5,616.525,-1068.275,275.90000000000003,-1061.425,10.81,11.8725,12.36,12.100000000000001,282.5,283.0,283.0,283.0,13.675,3.925,1007.65,1.266925,168.0,75.475,92.525,324.225,74.5,2.05,-3.5,-0.5,84.0,1007.415,15.0,65.0,24.0,280.0,17.5,0.0,10.0,6022005.0,3549924.0,3292267.0,28.5,23.83,0.258819045102521,-0.9659258262890682,-0.7818314824680299,0.6234898018587334,0.49999999999999994,0.8660254037844387,90.8775,87.4125,80.0225,91.45156250000001,7.865324795406332,86.7775
2026-01-04 12:00:00+00:00,86.7775,13.0,6.0,1.0,True,False,False,True,False,16218.144250000001,12869.593,7.138166666666666,58.49666666666667,958.71084,0.0,1708.40175,0.0,0.0,513.6949999999999,1061.9075,0.0,5.11,222.9,-958.7249999999999,-1708.4,513.7,-1061.925,217.77499999999998,-1716.225,9.685,10.6875,11.122499999999999,11.335,278.5,280.25,280.75,282.25,13.0,3.1,1007.5,1.2705250000000001,147.75,58.425000000000004,89.325,219.875,34.25,2.15,-2.5,-0.35,84.0,1007.155,16.0,61.5,22.0,275.0,15.0,0.0,10.0,6091280.0,3901313.0,3731371.0,28.5,23.83,1.2246467991473532e-16,-1.0,-0.7818314824680299,0.6234898018587334,0.49999999999999994,0.8660254037844387,89.5425,86.60499999999999,80.025,91.45875000000001,7.860780848203546,91.825
2026-01-04 13:00:00+00:00,91.825,14.0,6.0,1.0,True,False,False,True,False,16253.228500000001,12747.184,8.863833333333334,138.825,1446.610255,0.0,2118.45475,0.0,0.0,252.5325,886.72,0.0,129.3975,0.0,-1446.625,-2118.5,252.54999999999998,-886.725,-129.4,-2739.825,8.98,9.754999999999999,10.17,10.2375,283.25,287.25,287.25,290.75,11.875,3.425,1007.15,1.2686000000000002,160.25,62.9,97.35,253.55,56.5,2.15,-3.0,-0.55,83.0,1007.24,16.0,70.0,22.5,277.5,12.5,0.0,10.0,4388160.0,3849542.0,4089586.0,28.5,23.83,-0.2588190451025208,-0.9659258262890683,-0.7818314824680299,0.6234898018587334,0.49999999999999994,0.8660254037844387,86.7775,89.6825,85.6625,91.54802083333334,7.851892460169985,92.92
2026-01-04 14:00:00+00:00,92.92,15.0,6.0,1.0,True,False,False,True,False,16283.9445,13136.88225,8.35975,57.46,2453.43784,0.0,1968.142,0.0,0.0,302.0925,260.3775,0.0,575.0975,0.0,-2453.425,-1968.1,302.1,-260.42499999999995,-575.075,-3478.85,10.025,11.045,11.49,11.525,296.25,296.25,296.5,296.0,13.8,4.1,1007.05,1.2653750000000001,106.0,38.325,67.675,193.3,74.75,2.2,-3.0,-0.15000000000000002,84.5,1007.3299999999999,16.0,61.5,22.0,275.0,20.0,0.0,10.0,3252831.0,3774007.0,4356254.0,28.5,23.83,-0.4999999999999998,-0.8660254037844388,-0.7818314824680299,0.6234898018587334,0.49999999999999994,0.8660254037844387,91.825,94.4575,98.3425,91.48395833333332,7.833372618811794,99.22749999999999
2026-01-04 15:00:00+00:00,99.22749999999999,16.0,6.0,1.0,True,False,False,True,False,16552.39275,13361.635333333334,10.068333333333333,202.65666666666667,2755.91984,0.0,1590.62575,0.0,0.0,93.605,114.7175,0.0,537.9325,0.0,-2755.8999999999996,-1590.6,124.83333333333333,-114.7,-537.925,-3712.6000000000004,9.9825,10.965,11.4075,11.3275,298.5,299.5,299.5,299.75,14.375,3.5,1007.025,1.2681,47.5,7.4,40.1,60.625,98.75,1.95,-2.5,-0.75,83.0,1007.76,16.0,72.0,21.0,272.5,22.5,0.0,10.0,562140.0,3915683.0,3860654.0,28.5,23.83,-0.7071067811865471,-0.7071067811865479,-0.7818314824680299,0.6234898018587334,0.49999999999999994,0.8660254037844387,92.92,99.29249999999999,108.22,91.48125,7.830566224182626,118.425
2026-01-04 16:00:00+00:00,118.425,17.0,6.0,1.0,True,False,False,True,False,17360.052499999998,13183.456979166667,9.520000000000001,84.9,1087.7446675,18.63825,2182.01675,0.0,0.0,109.05,240.89499999999998,0.0,492.64250000000004,0.0,-1069.1,-2182.0,109.075,-240.875,-492.65,-2239.125,9.8725,10.765,11.18,11.1075,300.25,300.75,300.75,301.0,13.7,4.025,1007.3,1.266025,3.25,0.025,3.225,0.375,77.5,0.4,-5.0,-0.9,90.0,1008.3199999999999,13.0,74.0,20.0,260.0,10.0,0.0,5.0,1836.0,1184630.0,1097014.0,28.5,23.83,-0.8660254037844384,-0.5000000000000004,-0.7818314824680299,0.6234898018587334,0.49999999999999994,0.8660254037844387,99.22749999999999,109.5625,111.6075,91.85052083333335,8.861421148511775,121.18
2026-01-04 17:00:00+00:00,121.18,18.0,6.0,1.0,True,False,False,True,False,17284.86475,13005.278625,9.603333333333333,127.49166666666666,1179.0945875,1.99925,2915.185,0.0,0.0,147.26,183.24,0.0,422.88,0.0,-1177.1,-2915.2,147.225,-183.25,-422.875,-2364.725,9.8825,10.9125,11.334999999999999,11.8625,302.0,302.0,302.0,301.75,13.8,3.75,1007.3,1.267325,0.0,0.0,0.0,0.0,75.25,0.6499999999999999,-4.5,-0.85,89.5,1008.25,14.5,67.0,22.0,265.0,35.0,0.0,10.0,1606.5,1394938.125,1210195.625,28.5,23.83,-0.9659258262890683,-0.25881904510252063,-0.7818314824680299,0.6234898018587334,0.49999999999999994,0.8660254037844387,118.425,110.6775,115.0,92.288125,10.015720937443536,119.715
2026-01-04 18:00:00+00:00,119.715,19.0,6.0,1.0,True,False,False,True,False,16959.44825,12827.100270833334,6.887,7.763333333333334,1517.4699,0.0,3399.208,0.0,0.0,129.755,148.2825,0.0,417.38,0.0,-1517.475,-3399.2,129.725,-148.275,-417.375,-2803.2,9.7025,10.59,10.9925,11.015,299.5,299.0,299.0,298.0,13.725000000000001,3.95,1007.3499999999999,1.266425,0.0,0.0,0.0,0.0,99.75,0.6499999999999999,-5.0,-1.3,87.5,1008.43,16.0,68.0,21.0,262.5,42.5,0.0,10.0,1377.0,1605246.25,1323377.25,28.5,23.83,-1.0,-1.8369701987210297e-16,-0.7818314824680299,0.6234898018587334,0.49999999999999994,0.8660254037844387,121.18,104.23,113.8125,92.93333333333334,11.242139975640313,112.45
2026-01-04 19:00:00+00:00,112.45,20.0,6.0,1.0,True,False,False,True,False,16298.62225,12648.921916666666,9.341666666666667,77.36833333333334,1807.038245,0.0,3381.73425,0.0,0.0,74.88749999999999,104.925,0.0,555.0175,0.0,-1807.05,-3381.7,74.9,-104.925,-555.025,-3237.525,9.8925,10.785,11.205,11.157499999999999,292.5,293.25,293.5,294.0,13.85,4.425,1007.475,1.264425,0.0,0.0,0.0,0.0,93.0,0.25,-5.0,-1.7,87.5,1008.66,16.0,65.0,19.5,260.0,20.0,0.0,5.0,1147.5,1815554.375,1436558.875,28.5,23.83,-0.9659258262890684,0.2588190451025203,-0.7818314824680299,0.6234898018587334,0.49999999999999994,0.8660254037844387,119.715,96.67750000000001,105.00999999999999,93.59052083333334,11.911608080099894,99.6875
2026-01-04 20:00:00+00:00,99.6875,21.0,6.0,1.0,True,False,False,True,False,15005.12075,12470.7435625,8.145166666666666,78.22833333333332,2343.447655,0.0,3011.58325,0.0,0.0,162.0775,96.6225,0.0,635.27,0.0,-2343.45,-3011.6,162.05,-96.6,-635.2750000000001,-3666.15,9.3875,10.14,10.52,10.445,291.25,291.75,291.75,292.25,12.825,4.25,1007.65,1.26545,0.0,0.0,0.0,0.0,77.75,0.04999999999999993,-5.0,-2.4,84.0,1008.95,16.0,61.0,19.5,260.0,20.0,0.0,5.0,918.0,2025862.5,1549740.5,28.5,23.83,-0.8660254037844386,0.5000000000000001,-0.7818314824680299,0.6234898018587334,0.49999999999999994,0.8660254037844387,112.45,90.4,99.0275,93.9775,11.954237060375641,95.61
2026-01-04 21:00:00+00:00,95.61,22.0,6.0,1.0,True,False,False,True,False,14704.04175,12292.565208333333,9.658333333333333,153.68166666666667,3094.425505,0.0,2913.226,0.0,0.0,174.7125,1.1,0.0,591.9975,0.0,-3094.45,-2913.2,174.7,-1.075,-592.0,-4241.125,8.835,9.6025,10.0,10.005,292.0,291.75,291.75,291.5,12.475,4.375,1007.6999999999999,1.2649249999999999,0.0,0.0,0.0,0.0,100.0,0.04999999999999993,-5.0,-2.9,80.5,1009.0,16.0,53.0,19.5,257.5,17.5,0.0,5.0,688.5,2236170.625,1662922.125,28.5,23.83,-0.7071067811865477,0.7071067811865474,-0.7818314824680299,0.6234898018587334,0.49999999999999994,0.8660254037844387,99.6875,90.4275,98.2825,94.1934375,11.93411348077507,89.21000000000001
2026-01-04 22:00:00+00:00,89.21000000000001,23.0,6.0,1.0,True,False,False,True,False,13987.73575,12114.386854166667,6.8782499999999995,56.38166666666667,3018.1220675,73.28675,3259.0925,0.0,0.0,76.715,0.0,273.705,429.685,0.0,-2944.85,-3259.1,76.69999999999999,273.7,-429.675,-3838.875,8.925,9.6125,10.0,9.945,291.25,291.5,291.5,291.5,12.600000000000001,4.4,1007.625,1.2647249999999999,0.0,0.0,0.0,0.0,71.75,-0.050000000000000044,-5.0,-2.95,81.5,1008.9749999999999,16.0,45.5,18.5,255.0,15.0,0.0,5.0,459.0,2446478.75,1776103.75,28.5,23.83,-0.5000000000000004,0.8660254037844384,-0.7818314824680299,0.6234898018587334,0.49999999999999994,0.8660254037844387,95.61,86.015,98.07,94.32656250000001,11.856484118783856,92.4525
2026-01-04 23:00:00+00:00,92.4525,0.0,0.0,1.0,False,False,True,True,False,13463.11625,11936.2085,5.534833333333334,-108.6,2548.77661,24.66925,3244.83525,0.0,27.47,0.0,0.0,482.55,326.3225,9.1175,-2524.1,-3244.8,-109.9,482.55,-317.2,-3197.475,9.3625,10.05,10.4275,10.2825,281.5,282.5,282.5,282.75,12.225,4.4,1007.6,1.2647,0.0,0.0,0.0,0.0,55.0,-0.19999999999999996,-5.0,-3.05,81.5,1008.95,16.0,39.5,17.5,250.0,2.5,0.0,5.0,229.5,2656786.875,1889285.375,28.5,23.83,-0.25881904510252157,0.9659258262890681,-0.7818314824680299,0.6234898018587334,0.49999999999999994,0.8660254037844387,89.21000000000001,88.8225,92.53,94.47781250000001,11.806264602552984,88.8475
2026-01-05 00:00:00+00:00,88.8475,1.0,0.0,1.0,False,False,True,True,False,13008.46775,11665.7095,9.885,197.81166666666667,2484.3542775,54.05525,3213.25725,0.0,160.0275,0.0,0.0,524.3725,477.8025,0.0,-2430.3,-3213.3,-160.025,524.375,-477.775,-3347.075,9.1575,9.81,10.190000000000001,10.092500000000001,271.25,272.25,272.25,272.75,12.25,4.1,1007.7,1.2662,0.0,0.0,0.0,0.0,45.25,-0.20000000000000018,-5.5,-3.6,78.0,1008.74,16.0,39.0,18.5,247.5,10.0,0.0,5.0,0.0,2867095.0,2002467.0,28.1,23.83,0.0,1.0,0.0,1.0,0.49999999999999994,0.8660254037844387,92.4525,85.33,94.1525,94.62437499999999,11.709200657055135,86.5075
2026-01-05 01:00:00+00:00,86.5075,2.0,0.0,1.0,False,False,True,True,False,12604.45725,11498.41525,7.2171666666666665,18.868333333333332,2623.3578325,50.46225,2918.539,0.0,100.44,0.0,0.0,477.4475,340.89,0.0,-2572.9,-2918.5,-100.44999999999999,477.45,-340.875,-3266.4,9.3525,10.08,10.41,10.295,268.75,269.75,270.0,271.25,11.85,3.95,1007.625,1.2668,0.0,0.0,0.0,0.0,63.75,-0.34999999999999987,-5.5,-4.050000000000001,77.0,1008.62,16.0,36.5,18.5,247.5,7.5,0.0,5.0,0.0,2434946.0,1699244.0,28.1,23.83,0.25881904510252074,0.9659258262890683,0.0,1.0,0.49999999999999994,0.8660254037844387,88.8475,85.0425,86.2175,94.68541666666665,11.66079579250487,86.3125
2026-01-05 02:00:00+00:00,86.3125,3.0,0.0,1.0,False,False,True,True,False,12521.14,11589.3905,4.639,-92.24166666666666,2914.01851,0.0,3009.406,0.0,64.505,0.0,0.0,537.8425,224.03,0.0,-2914.025,-3009.4,-64.5,537.825,-224.05,-3417.075,7.7075000000000005,8.245,8.585,8.605,266.0,265.5,265.5,266.0,10.6,3.9499999999999997,1007.45,1.26655,0.0,0.0,0.0,0.0,52.75,-0.55,-5.5,-3.9000000000000004,79.0,1008.5,16.0,36.5,16.5,247.5,7.5,0.0,5.0,0.0,2208642.0,1678131.0,28.1,23.83,0.49999999999999994,0.8660254037844387,0.0,1.0,0.49999999999999994,0.8660254037844387,86.5075,83.745,82.19,94.79239583333333,11.567465607751345,87.495
2026-01-05 03:00:00+00:00,87.495,4.0,0.0,1.0,False,False,True,True,False,12632.93075,11609.39575,4.479166666666667,-142.145,3031.1226275,0.0,3068.65375,0.0,10.04,0.0,0.0,565.3199999999999,147.3475,0.0,-3031.1499999999996,-3068.7,-40.2,565.325,-147.35,-3390.3500000000004,8.685,9.2675,9.594999999999999,9.56,265.75,265.25,265.25,265.25,10.5,3.65,1007.175,1.2676,0.0,0.0,0.0,0.0,53.25,-0.6000000000000001,-5.5,-3.75,80.0,1008.5,16.0,50.5,16.5,242.5,10.0,0.0,5.0,0.0,2300677.0,1639580.0,28.1,23.83,0.7071067811865475,0.7071067811865476,0.0,1.0,0.49999999999999994,0.8660254037844387,86.3125,82.5575,83.6375,94.998125,11.38283894371193,90.8575
2026-01-05 04:00:00+00:00,90.8575,5.0,0.0,1.0,False,False,True,True,False,13112.84625,11907.77325,4.716833333333333,-68.85166666666667,2875.8699275,20.9365,2992.435,0.0,200.09,0.0,0.0,623.38,6.14,63.2575,-2854.925,-2992.4,-200.1,623.375,57.125,-3122.65,8.105,8.77,9.14,9.18,262.0,261.75,262.0,263.0,11.375,3.975,1007.25,1.2662499999999999,0.0,0.0,0.0,0.0,75.5,-0.7499999999999999,-5.0,-3.55,82.0,1008.18,16.0,52.0,14.5,240.0,10.0,0.0,5.0,0.0,2024187.0,1608421.0,28.1,23.83,0.8660254037844386,0.5000000000000001,0.0,1.0,0.49999999999999994,0.8660254037844387,87.495,83.4075,90.7925,95.30854166666666,11.152260638364817,109.0225
2026-01-05 05:00:00+00:00,109.0225,6.0,0.0,1.0,False,False,True,True,False,14752.96825,12613.182499999999,8.170250000000001,95.435,2543.5551649999998,0.0,2395.15925,0.0,382.75,0.0,0.0,557.155,353.0125,0.0,-2543.55,-2395.2,-382.725,557.15,-353.0,-3320.95,8.6325,9.225,9.557500000000001,9.4925,260.5,260.75,260.75,261.0,11.45,4.0,1007.0,1.265775,0.0,0.0,0.0,0.0,63.0,-0.8,-5.0,-3.75,81.5,1008.065,14.5,65.0,14.5,235.0,12.5,0.0,5.0,0.0,1772798.0,1692697.0,28.1,23.83,0.9659258262890683,0.25881904510252074,0.0,1.0,0.49999999999999994,0.8660254037844387,90.8575,83.8,96.3325,96.35947916666667,11.20887837102851,129.3125
2026-01-05 06:00:00+00:00,129.3125,7.0,0.0,1.0,False,False,True,True,False,17220.9755,14126.20475,10.098333333333333,184.07333333333332,1514.7202525,0.0,2514.471,0.0,0.0,0.0,0.0,449.52,97.1675,124.23,-1514.7,-2514.5,-352.86458333333337,449.525,27.075000000000003,-1666.775,8.6625,9.235,9.555,9.4775,261.0,261.5,261.75,261.25,11.9,3.675,1007.1,1.2673999999999999,0.0,0.0,0.0,0.0,13.5,-0.95,-5.5,-3.5999999999999996,83.0,1008.13,15.0,65.5,14.0,237.5,12.5,0.0,5.0,0.0,1644159.0,1850198.0,28.1,23.83,1.0,6.123233995736766e-17,0.0,1.0,0.49999999999999994,0.8660254037844387,109.0225,86.4975,104.6875,98.1434375,12.85700405067118,151.175
2026-01-05 07:00:00+00:00,151.175,8.0,0.0,1.0,False,False,True,True,False,18677.321,15436.730749999999,9.335666666666667,86.10333333333332,408.28575,582.2424975,2172.466,0.0,0.0,0.0,0.0,91.535,198.5275,3.4175,173.97500000000002,-2172.5,-323.00416666666666,91.525,-195.1,-472.725,8.935,9.5075,9.855,9.7325,266.0,266.5,266.5,267.25,11.75,3.775,1007.15,1.267,0.0,0.0,0.0,0.0,62.25,-1.0499999999999998,-5.5,-3.25,85.0,1008.34,15.0,70.0,14.0,232.5,22.5,0.0,10.0,0.0,1922151.0,2151052.0,28.1,23.83,0.9659258262890683,-0.25881904510252063,0.0,1.0,0.49999999999999994,0.8660254037844387,129.3125,88.1325,113.8775,100.77020833333334,16.61388664047474,152.15
2026-01-05 08:00:00+00:00,152.15,9.0,0.0,1.0,False,False,True,True,False,19142.2775,16101.156,16.851333333333333,302.78,646.73675,721.682495,2027.2085,0.0,0.0,0.0,1.1375,0.0,0.0,386.91499999999996,74.95,-2027.2,-293.14375,-1.125,386.9,-46.07500000000002,7.8950000000000005,8.282499999999999,8.5025,8.350000000000001,270.5,271.0,273.75,275.75,11.2,2.95,1007.525,1.27125,0.25,0.0,0.25,0.0,72.75,-0.8500000000000001,-5.0,-2.75,87.0,1008.575,14.5,72.5,13.5,235.0,20.0,0.0,10.0,292671.0,1877846.0,2504709.0,28.1,23.83,0.8660254037844387,-0.49999999999999983,0.0,1.0,0.49999999999999994,0.8660254037844387,151.175,94.3,110.995,103.180625,19.568236313436323,144.3
2026-01-05 09:00:00+00:00,144.3,10.0,0.0,1.0,False,False,True,True,False,19067.325,16466.8565,10.920833333333333,203.16666666666666,827.6225,1245.5625049999999,2216.44325,0.0,0.0,0.0,0.0,100.0575,0.0,211.60750000000002,417.95,-2216.4,-263.28333333333336,100.05,211.6,175.475,7.4375,7.775,8.0775,7.967499999999999,269.75,270.0,270.25,270.25,10.05,3.1,1007.675,1.270775,28.0,3.6,24.4,35.025,69.5,-0.35,-4.5,-2.2,87.5,1008.88,14.5,67.0,13.5,227.5,25.0,0.0,10.0,1705676.0,2085270.0,2335963.0,28.1,23.83,0.7071067811865476,-0.7071067811865475,0.0,1.0,0.49999999999999994,0.8660254037844387,152.15,94.755,104.0,105.245,21.187155101720435,135.195
2026-01-05 10:00:00+00:00,135.195,11.0,0.0,1.0,False,False,True,True,False,18843.86625,16291.59225,28.079833333333333,277.78499999999997,1123.7725,906.447505,1804.2915,0.0,0.0,0.0,146.5375,0.0,0.0,686.02,-217.325,-1804.3,-233.42291666666668,-146.55,686.025,-128.92499999999998,8.212499999999999,8.774999999999999,9.1175,9.092500000000001,263.5,263.5,263.75,263.5,10.85,3.5999999999999996,1007.825,1.26865,63.5,17.7,45.800000000000004,99.47500000000001,100.0,-0.04999999999999993,-3.5,-2.4,85.0,1009.0550000000001,14.5,60.0,12.0,235.0,25.0,0.0,10.0,3205482.0,2068656.0,2013908.0,28.1,23.83,0.49999999999999994,-0.8660254037844387,0.0,1.0,0.49999999999999994,0.8660254037844387,144.3,90.8775,97.36500000000001,107.09156250000001,21.802811805258063,132.54500000000002
2026-01-05 11:00:00+00:00,132.54500000000002,12.0,0.0,1.0,False,False,True,True,False,18855.16875,15631.068,56.083333333333336,473.8833333333333,1334.6366625,228.87833,1737.58275,0.0,0.0,0.0,1.02,0.0,0.0,639.57,-1105.75,-1737.6,-203.5625,-1.025,639.6,-901.625,8.895,9.3625,9.6775,9.5525,261.25,261.0,260.75,260.25,11.3,3.025,1007.9,1.271375,52.75,8.2,44.55,33.625,81.5,0.1499999999999999,-4.0,-2.3,84.0,1009.17,14.5,60.0,12.0,227.5,15.0,0.0,10.0,3327871.0,1963067.0,2017372.0,28.1,23.83,0.258819045102521,-0.9659258262890682,0.0,1.0,0.49999999999999994,0.8660254037844387,135.195,89.5425,96.7725,108.88333333333334,22.063344695822497,131.66
2026-01-05 12:00:00+00:00,131.66,13.0,0.0,1.0,False,False,True,True,False,18741.925000000003,15255.801500000001,182.47283333333334,527.1616666666666,1877.2958374999998,0.0,1408.83,0.0,0.0,0.0,1.085,53.475,0.0,699.76,-1877.275,-1408.8,-173.70208333333335,52.4,699.8,-1477.35,8.77,9.2875,9.6075,9.4275,258.25,259.25,259.25,259.75,12.025,3.175,1007.9749999999999,1.2708,142.25,50.75,91.5,200.35000000000002,61.5,0.40000000000000013,-3.5,-1.8,86.0,1008.69,13.5,61.0,13.0,232.5,15.0,0.5,10.0,3613899.0,2078804.0,2002543.0,28.1,23.83,1.2246467991473532e-16,-1.0,0.0,1.0,0.49999999999999994,0.8660254037844387,132.54500000000002,86.7775,95.5925,110.7534375,22.010245487496263,136.605
2026-01-05 13:00:00+00:00,136.605,14.0,0.0,1.0,False,False,True,True,False,18504.9975,15779.55375,18.333333333333332,205.09,2281.1258275,0.0,1233.0555,0.0,0.0,0.0,0.0,536.8875,0.0,689.1525,-2281.15,-1233.1,-143.84166666666667,536.8499999999999,689.175,-1363.35,6.905,7.3100000000000005,7.5625,7.3,265.5,267.5,267.25,268.5,9.6,3.575,1007.775,1.2687,141.25,57.3,83.95,227.875,76.25,0.8500000000000001,-3.0,-1.55,85.0,1008.475,14.5,66.5,12.5,237.5,17.5,0.0,10.0,3300943.0,2173468.0,2140813.0,28.1,23.83,-0.2588190451025208,-0.9659258262890683,0.0,1.0,0.49999999999999994,0.8660254037844387,131.66,91.825,96.14,112.61927083333335,22.232796347122058,147.01749999999998
2026-01-05 14:00:00+00:00,147.01749999999998,15.0,0.0,1.0,False,False,True,True,False,18320.231,16230.185000000001,11.916666666666666,130.60666666666665,1510.770015,0.0,1105.8975,0.0,0.0,0.0,0.0,494.12,0.21,384.2,-1510.775,-1105.9,-113.98125,494.125,383.975,-909.15,6.7525,7.0125,7.31,6.9825,292.75,292.25,292.25,291.0,10.05,3.125,1007.65,1.270625,112.75,42.75,70.0,212.375,65.75,1.0,-2.5,-1.35,84.5,1008.425,14.5,65.0,14.5,240.0,17.5,0.0,10.0,2259979.0,2114462.0,1902206.0,28.1,23.83,-0.4999999999999998,-0.8660254037844388,0.0,1.0,0.49999999999999994,0.8660254037844387,136.605,92.92,102.445,114.87333333333333,22.88161795057872,176.0
2026-01-05 15:00:00+00:00,176.0,16.0,0.0,1.0,False,False,True,True,False,18889.67,16214.347666666667,26.375999999999998,272.6016666666667,1128.80075,71.0299975,951.9715,0.0,0.0,0.0,0.0,741.625,382.4475,0.0,-1057.775,-952.0,-84.12083333333334,741.6,-382.45,-936.575,4.535,4.8725,5.075,5.525,309.75,314.0,314.0,316.75,9.05,3.8499999999999996,1007.925,1.267625,64.25,17.9,46.35,144.7,60.75,0.6,-3.0,-1.25,88.0,1008.795,15.0,61.0,12.5,250.0,12.5,0.0,10.0,377774.0,1671310.0,1802318.0,28.1,23.83,-0.7071067811865471,-0.7071067811865479,0.0,1.0,0.49999999999999994,0.8660254037844387,147.01749999999998,99.22749999999999,106.9975,118.0721875,25.781833312900776,221.0975
2026-01-05 16:00:00+00:00,221.0975,17.0,0.0,1.0,False,False,True,True,False,19328.2515,15771.104145833333,51.62,325.6933333333333,688.40625,910.054155,1145.6145,0.0,0.0,0.0,105.72749999999999,0.0,339.8,0.0,221.65,-1145.6,-54.26041666666666,-105.725,-339.8,-510.29999999999995,4.3875,4.77,4.9825,5.0325,314.75,316.5,316.5,318.25,7.575,4.075,1008.175,1.266925,8.75,0.5,8.25,7.125,96.0,-0.3,-4.0,-2.05,88.5,1009.14,14.5,61.0,11.0,222.5,22.5,0.0,5.0,2876.0,508432.0,562180.0,28.1,23.83,-0.8660254037844384,-0.5000000000000004,0.0,1.0,0.49999999999999994,0.8660254037844387,176.0,118.425,106.87,122.35020833333333,33.27293116520233,213.585
2026-01-05 17:00:00+00:00,213.585,18.0,0.0,1.0,False,False,True,True,False,19024.8085,15327.860625,27.683333333333334,235.32666666666668,960.99725,255.32750750000002,2071.22225,0.0,6.1125,0.0,188.10750000000002,0.0,0.0,52.47,-705.675,-2071.2,-24.4,-188.1,52.474999999999994,-1365.25,5.8525,6.0075,6.28,6.075,308.25,311.75,312.5,320.5,8.925,3.6,1008.5999999999999,1.26965,0.0,0.0,0.0,0.0,62.0,-0.85,-4.5,-2.15,91.0,1009.54,14.5,57.5,10.5,207.5,20.0,0.0,5.0,2516.5,854037.0,568665.5,28.1,23.83,-0.9659258262890683,-0.25881904510252063,0.0,1.0,0.49999999999999994,0.8660254037844387,221.0975,121.18,104.175,126.20041666666667,38.1243173186683,182.8
2026-01-05 18:00:00+00:00,182.8,19.0,0.0,1.0,False,False,True,True,False,18619.62425,14884.617104166666,7.977666666666667,17.403333333333332,990.8966624999999,35.0558325,2595.359,0.0,146.185,0.0,0.0,92.19,38.9575,15.3675,-955.825,-2595.4,-146.2,92.2,-23.599999999999998,-1682.25,6.652500000000001,6.93,7.1525,7.0675,307.0,312.0,312.0,324.0,11.2,3.2750000000000004,1009.025,1.2716500000000002,0.0,0.0,0.0,0.0,84.0,-1.3,-5.0,-2.15,94.0,1009.795,12.0,57.5,10.5,197.5,22.5,0.0,5.0,2157.0,1199642.0,575151.0,28.1,23.83,-1.0,-1.8369701987210297e-16,0.0,1.0,0.49999999999999994,0.8660254037844387,213.585,119.715,96.5,128.82895833333333,39.795833726911,147.0325
2026-01-05 19:00:00+00:00,147.0325,20.0,0.0,1.0,False,False,True,True,False,17700.21975,14441.373583333334,4.2865,-156.9116666666667,1055.4523374999999,0.0,2512.80625,0.0,283.5775,0.0,0.5975,0.0,424.1025,0.0,-1055.475,-2512.8,-283.575,-0.6,-424.075,-2391.95,7.0475,7.9475,8.29,9.102500000000001,153.0,165.25,167.0,177.25,14.925,3.0,1009.825,1.273925,0.0,0.0,0.0,0.0,50.25,-2.0500000000000003,-5.0,-2.5,95.5,1010.3,10.5,49.0,7.5,187.5,17.5,0.0,5.0,1797.5,1545247.0,581636.5,28.1,23.83,-0.9659258262890684,0.2588190451025203,0.0,1.0,0.49999999999999994,0.8660254037844387,182.8,112.45,91.3225,130.26989583333332,39.80308062061116,129.1025
2026-01-05 20:00:00+00:00,129.1025,21.0,0.0,1.0,False,False,True,True,False,16591.23725,13998.1300625,10.414,15.736666666666666,2550.6162624999997,0.0,2588.171,0.0,11.4375,0.0,0.505,0.1025,692.9525000000001,0.0,-2550.625,-2588.2,-45.8,-0.425,-692.975,-3902.45,9.81,11.0725,11.4675,11.6125,185.5,186.25,186.25,186.25,15.775,3.75,1010.475,1.2713,0.0,0.0,0.0,0.0,100.0,-2.15,-3.9,-2.65,96.0,1010.9000000000001,10.0,47.5,5.5,180.0,2.5,0.0,0.0,1438.0,1890852.0,588122.0,28.1,23.83,-0.8660254037844386,0.5000000000000001,0.0,1.0,0.49999999999999994,0.8660254037844387,147.0325,99.6875,84.19,131.49552083333333,39.26974072236462,123.85000000000001
2026-01-05 21:00:00+00:00,123.85000000000001,22.0,0.0,1.0,False,False,True,True,False,15643.65975,13554.886541666667,5.09575,-79.28,2578.2258275,0.0,3270.66125,0.0,378.05,0.0,195.8125,0.0,690.0575,0.0,-2578.225,-3270.7,-378.05,-195.8,-690.075,-4659.8,11.535,12.8825,13.4025,13.4525,9.75,10.0,10.0,8.75,16.15,4.324999999999999,1011.2750000000001,1.2696749999999999,0.0,0.0,0.0,0.0,76.75,-1.9500000000000002,-3.4,-2.6,95.0,1011.545,10.5,55.0,4.0,122.5,10.0,0.0,5.0,1078.5,2236457.0,594607.5,28.1,23.83,-0.7071067811865477,0.7071067811865474,0.0,1.0,0.49999999999999994,0.8660254037844387,129.1025,95.61,88.2,132.6721875,38.56448166152415,111.3
2026-01-05 22:00:00+00:00,111.3,23.0,0.0,1.0,False,False,True,True,False,14531.3625,13111.643020833333,2.7513333333333336,-300.6666666666667,2380.7039025,0.0,3486.7235,0.0,640.565,0.0,0.0,477.575,684.85,0.0,-2380.7,-3486.7,-640.525,477.55,-684.85,-4100.225,11.085,12.3625,12.84,12.9475,14.0,14.5,14.5,14.5,15.275,4.375,1011.925,1.27025,0.0,0.0,0.0,0.0,100.0,-1.95,-3.25,-2.85,94.0,1011.95,12.0,51.5,4.0,122.5,10.0,0.0,5.0,719.0,2582062.0,601093.0,28.1,23.83,-0.5000000000000004,0.8660254037844384,0.0,1.0,0.49999999999999994,0.8660254037844387,123.85000000000001,89.21000000000001,83.39,133.59260416666666,37.73679976868968,104.695
2026-01-05 23:00:00+00:00,104.695,0.0,1.0,1.0,False,False,True,True,False,10611.03425,12668.3995,10.961333333333334,200.13666666666668,4196.3574775,0.0,3164.67775,0.0,562.4499999999999,0.0,0.0,394.5075,590.955,0.0,-4196.35,-3164.7,-562.425,394.475,-590.95,-5746.45,10.1325,11.1525,11.567499999999999,11.5975,264.25,264.5,264.5,264.75,13.1,5.1,1012.625,1.2678,0.0,0.0,0.0,0.0,100.0,-1.8,-4.5,-2.75,93.5,1012.615,12.0,33.5,6.5,107.5,15.0,0.0,10.0,359.5,2927667.0,607578.5,28.1,23.83,-0.25881904510252157,0.9659258262890681,0.0,1.0,0.49999999999999994,0.8660254037844387,111.3,92.4525,77.9775,134.10270833333334,37.2359326874849,104.6
2026-01-06 00:00:00+00:00,104.6,1.0,1.0,1.0,False,False,True,True,False,10058.85325,12346.6365,9.575,89.54666666666667,3522.6847225,0.0,3523.1835,0.0,563.965,0.0,0.0,441.8325,639.5825,0.0,-3522.675,-3523.2,-563.95,441.825,-639.575,-5165.2,8.6025,9.337499999999999,9.7075,9.6675,177.0,177.25,177.25,176.75,11.225,5.074999999999999,1012.975,1.2684,0.0,0.0,0.0,0.0,54.5,-1.75,-4.5,-3.2,90.0,1013.0,13.5,30.5,8.0,110.0,0.0,0.0,0.0,0.0,3273272.0,614064.0,28.25,22.95,0.0,1.0,0.7818314824680298,0.6234898018587336,0.49999999999999994,0.8660254037844387,104.695,88.8475,73.4,134.7590625,36.53579210567939,101.545
2026-01-06 01:00:00+00:00,101.545,2.0,1.0,1.0,False,False,True,True,False,10007.057,12147.7905,8.610833333333336,91.375,4643.166685,0.0,2714.11825,0.0,108.9675,0.0,0.0,476.64750000000004,393.515,0.0,-4643.15,-2714.1,-108.975,476.65,-393.5,-5347.525,7.615,8.17,8.4975,8.435,338.5,339.0,339.0,339.0,10.25,4.475,1013.35,1.271575,0.0,0.0,0.0,0.0,75.0,-1.8,-5.0,-3.75,86.5,1013.19,13.5,43.0,8.0,122.5,2.5,0.0,0.0,0.0,2556984.0,352730.0,28.25,22.95,0.25881904510252074,0.9659258262890683,0.7818314824680298,0.6234898018587336,0.49999999999999994,0.8660254037844387,104.6,86.5075,72.1825,135.385625,35.79374073325349,100.0875
2026-01-06 02:00:00+00:00,100.0875,3.0,1.0,1.0,False,False,True,True,False,9964.1545,12298.6685,8.772833333333333,43.61333333333334,4438.3266425,0.0,2389.7695,0.0,52.995,0.0,0.0,492.5075,286.115,0.0,-4438.3,-2389.8,-52.975,492.5,-286.1,-4882.35,6.2175,6.4425,6.6925,6.6,327.5,327.75,327.5,327.75,8.5,4.925,1013.375,1.26955,0.0,0.0,0.0,0.0,26.75,-1.85,-5.0,-4.2,84.0,1013.48,14.5,45.5,9.0,127.5,2.5,0.0,0.0,0.0,2214752.0,248149.0,28.25,22.95,0.49999999999999994,0.8660254037844387,0.7818314824680298,0.6234898018587336,0.49999999999999994,0.8660254037844387,101.545,86.3125,69.5575,135.95958333333334,35.075876074982915,102.4525
2026-01-06 03:00:00+00:00,102.4525,4.0,1.0,1.0,False,False,True,True,False,9868.787499999999,12326.425,9.81,132.38500000000002,4319.875835,0.0,2278.55325,0.0,14.3375,0.0,0.0,577.6675,267.65250000000003,0.0,-4319.875,-2278.6,-28.700000000000003,577.675,-267.65,-4593.825,5.8825,6.5925,6.869999999999999,7.1525,248.25,331.5,331.0,327.5,8.5,3.65,1013.525,1.27565,0.0,0.0,0.0,0.0,26.0,-1.7499999999999998,-4.5,-4.5,82.0,1013.555,15.0,57.5,8.0,310.0,5.0,0.0,0.0,0.0,1180507.0,257525.0,28.25,22.95,0.7071067811865475,0.7071067811865476,0.7818314824680298,0.6234898018587336,0.49999999999999994,0.8660254037844387,100.0875,87.495,68.845,136.58281250000002,34.301653998279534,107.0
2026-01-06 04:00:00+00:00,107.0,5.0,1.0,1.0,False,False,True,True,False,9950.90175,12622.547,10.493,152.53833333333333,4251.0050175,0.0,2028.424,0.0,161.0075,0.0,0.0,727.25,61.317499999999995,0.0,-4251.0,-2028.4,-161.0,727.225,-61.325,-4253.2,5.865,6.16,6.4375,6.2825,306.0,306.75,306.5,307.5,8.1,4.1,1013.7,1.273725,0.0,0.0,0.0,0.0,50.0,-2.1,-5.5,-4.7,83.0,1013.7,14.5,56.0,9.5,300.0,5.0,0.0,0.0,0.0,935755.0,140051.0,28.25,22.95,0.8660254037844386,0.5000000000000001,0.7818314824680298,0.6234898018587336,0.49999999999999994,0.8660254037844387,102.4525,90.8575,72.295,137.25541666666666,33.5153182504293,121.2875
2026-01-06 05:00:00+00:00,121.2875,6.0,1.0,1.0,False,False,True,True,False,11218.60025,13446.27625,8.493833333333333,32.28333333333333,3828.5200025,0.0,1698.506,0.0,0.0,0.0,0.0,717.0125,0.0,174.35,-3828.475,-1698.5,-162.17833333333334,717.025,174.325,-3361.75,6.26,6.585,6.84,6.8025,303.5,303.5,303.25,303.25,8.225,4.65,1013.525,1.271,0.0,0.0,0.0,0.0,64.75,-2.1500000000000004,-5.5,-4.8,83.0,1013.94,15.0,61.0,9.0,287.5,5.0,0.0,0.0,0.0,1544751.0,84339.0,28.25,22.95,0.9659258262890683,0.25881904510252074,0.7818314824680298,0.6234898018587336,0.49999999999999994,0.8660254037844387,107.0,109.0225,80.1925,137.76645833333333,33.15770595329491,138.4975
2026-01-06 06:00:00+00:00,138.4975,7.0,1.0,1.0,False,False,True,True,False,12883.8265,14973.759,11.366666666666667,84.03833333333334,1752.5107475,0.0,1576.27825,0.0,0.0,0.0,0.0,105.735,154.015,1.4375,-1752.5,-1576.3,-163.35666666666665,105.75,-152.6,-2193.45,6.5675,6.9125,7.1825,7.015000000000001,297.0,298.0,298.0,298.75,9.025,4.15,1013.675,1.273475,0.0,0.0,0.0,0.0,25.25,-2.1500000000000004,-4.1,-4.1499999999999995,86.5,1014.26,16.0,65.0,9.5,267.5,12.5,0.0,5.0,0.0,1502460.0,68290.0,28.25,22.95,1.0,6.123233995736766e-17,0.7818314824680298,0.6234898018587336,0.49999999999999994,0.8660254037844387,121.2875,129.3125,88.07,138.14916666666667,33.108858336740376,164.185
2026-01-06 07:00:00+00:00,164.185,8.0,1.0,1.0,False,False,True,True,False,13975.71,16008.802749999999,15.695333333333334,281.09833333333336,496.49875,416.77917,1798.92825,0.0,0.0,0.0,0.0,208.575,355.865,0.0,-79.725,-1798.9,-164.535,208.575,-355.875,-676.75,5.890000000000001,6.2775,6.5875,6.7675,283.75,285.25,285.75,289.25,9.225,4.275,1013.85,1.273125,0.0,0.0,0.0,0.0,27.0,-2.65,-6.0,-4.0,90.0,1014.43,13.5,60.0,10.5,255.0,12.5,0.0,5.0,295.0,1798558.0,213303.0,28.25,22.95,0.9659258262890683,-0.25881904510252063,0.7818314824680298,0.6234898018587336,0.49999999999999994,0.8660254037844387,138.4975,151.175,94.8775,138.69125,33.43628547570839,168.82
2026-01-06 08:00:00+00:00,168.82,9.0,1.0,1.0,False,False,True,True,False,13779.63025,16345.887999999999,28.992833333333337,340.175,377.827,970.2774925,1739.57825,0.0,0.0,0.0,420.79,0.0,295.2325,0.0,592.45,-1739.6,-165.71333333333334,-420.8,-295.25,-558.475,7.9350000000000005,8.25,8.57,8.0875,285.5,285.25,285.0,284.5,11.175,3.65,1014.2,1.27645,0.25,0.0,0.25,0.0,36.0,-3.05,-7.5,-4.1,92.5,1014.8199999999999,13.0,62.5,14.0,255.0,7.5,0.0,5.0,629579.0,1929261.0,373083.0,28.25,22.95,0.8660254037844387,-0.49999999999999983,0.7818314824680298,0.6234898018587336,0.49999999999999994,0.8660254037844387,164.185,152.15,94.3925,139.38583333333335,33.8979826309664,154.8425
2026-01-06 09:00:00+00:00,154.8425,10.0,1.0,1.0,False,False,True,True,False,13387.19325,16345.86775,34.156666666666666,264.43333333333334,465.474,1478.2116525000001,1852.95225,0.0,0.0,0.0,867.975,0.0,23.557499999999997,16.1025,1012.725,-1853.0,-166.89166666666668,-867.975,-7.4499999999999975,-325.925,5.675000000000001,6.08,6.375,6.422499999999999,283.25,283.0,283.25,284.25,8.775,4.225,1014.425,1.2741,39.5,10.125,29.375,100.675,51.5,-2.05,-6.5,-3.35,91.0,1015.2850000000001,13.0,62.5,15.0,250.0,12.5,0.0,5.0,2915004.0,1659649.0,404083.0,28.25,22.95,0.7071067811865476,-0.7071067811865475,0.7818314824680298,0.6234898018587336,0.49999999999999994,0.8660254037844387,168.82,144.3,85.82,139.82510416666665,34.03247343474359,147.265
2026-01-06 10:00:00+00:00,147.265,11.0,1.0,1.0,False,False,True,True,False,12827.3065,16026.42225,30.083333333333332,256.02166666666665,917.656,1016.5091649999999,1653.9535,0.0,0.0,0.0,848.5575,0.0,0.0,496.98,98.875,-1654.0,-168.07,-848.575,496.975,-666.225,6.5375000000000005,6.8475,7.0875,7.010000000000001,279.25,279.0,279.0,278.75,8.675,4.275,1014.575,1.274025,101.25,36.625,64.625,213.6,26.0,-0.8,-5.5,-2.3,90.0,1015.3,14.5,65.5,15.0,242.5,20.0,0.0,5.0,4640625.0,1119861.0,484071.0,28.25,22.95,0.49999999999999994,-0.8660254037844387,0.7818314824680298,0.6234898018587336,0.49999999999999994,0.8660254037844387,154.8425,135.195,79.38,140.32802083333334,34.05025485906035,133.84
2026-01-06 11:00:00+00:00,133.84,12.0,1.0,1.0,False,False,True,True,False,12242.549,15546.26425,30.366666666666667,245.31833333333333,1046.5513375,273.0966675,1668.11025,0.0,0.0,0.0,738.7825,0.0,0.0,692.1975,-773.475,-1668.1,-168.07,-738.8,692.15,-1237.05,7.9625,8.397499999999999,8.7275,8.5175,281.0,281.0,281.0,280.5,10.325,4.4,1014.475,1.27335,184.5,92.025,92.475,389.625,32.0,0.0,-4.0,-1.35,90.5,1015.2,14.5,70.0,15.0,242.5,7.5,0.0,5.0,6962073.0,813611.0,872824.0,28.25,22.95,0.258819045102521,-0.9659258262890682,0.7818314824680298,0.6234898018587336,0.49999999999999994,0.8660254037844387,147.265,132.54500000000002,76.155,140.38197916666664,34.0384091312205,125.725
2026-01-06 12:00:00+00:00,125.725,13.0,1.0,1.0,False,False,True,True,False,12555.190999999999,15453.155999999999,15.785,155.94166666666666,1307.8414324999999,0.0,1560.31175,0.0,0.0,0.0,343.6975,0.0,0.0,695.4975,-1307.825,-1560.3,-168.07,-343.7,695.45,-1346.125,8.120000000000001,8.5775,8.91,8.75,268.5,269.0,269.0,269.75,11.575,4.025,1014.0999999999999,1.2746,221.0,115.975,105.025,447.75,1.25,0.4,-3.5,-0.6,93.0,1014.7,11.0,70.0,15.0,245.0,15.0,0.0,5.0,6831099.0,637380.0,1336521.0,28.25,22.95,1.2246467991473532e-16,-1.0,0.7818314824680298,0.6234898018587336,0.49999999999999994,0.8660254037844387,133.84,131.66,76.21000000000001,140.1346875,34.12597649751568,125.32
2026-01-06 13:00:00+00:00,125.32,14.0,1.0,1.0,False,False,True,True,False,13400.3185,15343.37825,14.969833333333334,215.69666666666666,2052.8444074999998,0.0,1430.67075,0.0,0.0,0.0,341.64250000000004,0.0,0.0,642.985,-2052.825,-1430.7,-171.60500000000002,-341.65,642.975,-2109.175,7.425,7.8375,8.1675,8.1475,263.5,265.5,265.75,267.0,10.175,4.325,1013.675,1.272675,230.5,127.325,103.175,507.575,28.75,0.75,-3.5,-1.0,88.0,1014.2750000000001,14.5,49.0,16.0,240.0,10.0,0.0,5.0,6165297.0,825707.0,1712421.0,28.25,22.95,-0.2588190451025208,-0.9659258262890683,0.7818314824680298,0.6234898018587336,0.49999999999999994,0.8660254037844387,125.725,136.605,86.53,139.66447916666667,34.2542299671278,133.7975
2026-01-06 14:00:00+00:00,133.7975,15.0,1.0,1.0,False,False,True,True,False,14171.90775,15670.955,10.311666666666667,31.735,2417.49201,0.0,1419.34775,0.0,0.0,0.0,111.83999999999999,0.0,0.0,589.2675,-2417.5,-1419.3,-172.78333333333333,-111.85000000000001,589.25,-2294.9,7.9725,8.5175,8.835,8.7525,265.25,265.25,265.25,265.25,10.625,4.5,1013.3,1.2713999999999999,159.75,73.30000000000001,86.45,363.575,26.25,0.95,-3.0,-1.15,86.5,1013.95,15.0,54.0,16.0,235.0,5.0,0.0,0.0,4274706.0,1542756.0,1741559.0,28.25,22.95,-0.4999999999999998,-0.8660254037844388,0.7818314824680298,0.6234898018587336,0.49999999999999994,0.8660254037844387,125.32,147.01749999999998,98.36,139.11364583333332,34.23713642106753,144.9675
2026-01-06 15:00:00+00:00,144.9675,16.0,1.0,1.0,False,False,True,True,False,14740.734,16055.556666666665,7.757166666666666,-112.09666666666666,2333.8054075,0.0,762.61525,0.0,0.0,0.0,0.0,227.7625,48.995,260.9125,-2333.825,-762.6,-173.96166666666667,227.75,211.925,-2084.775,7.0600000000000005,7.6899999999999995,8.175,8.2925,270.75,268.25,265.25,263.0,11.774999999999999,4.175,1012.875,1.2723499999999999,83.0,28.925,54.075,231.325,38.5,0.9000000000000001,-3.5,-1.1,87.0,1013.8299999999999,14.5,61.5,17.0,235.0,12.5,0.0,5.0,1013355.0,1891580.0,1765436.0,28.25,22.95,-0.7071067811865471,-0.7071067811865479,0.7818314824680298,0.6234898018587336,0.49999999999999994,0.8660254037844387,133.7975,176.0,105.8975,137.820625,33.358209701417124,152.9925
2026-01-06 16:00:00+00:00,152.9925,17.0,1.0,1.0,False,False,True,True,False,15175.2605,15490.632677083333,15.05,180.15833333333333,1770.3688375000002,0.0,1676.2745,0.0,0.0,0.0,0.0,100.94,0.0,469.835,-1770.35,-1676.3,-175.14000000000001,100.95,469.825,-1618.65,7.85,8.3675,8.6775,8.629999999999999,254.5,254.75,254.75,255.25,10.425,4.55,1012.625,1.270325,12.0,1.45,10.55,19.0,26.25,0.35,-4.0,-1.5999999999999999,87.0,1014.25,13.0,31.5,15.5,237.5,7.5,0.0,0.0,0.0,597622.0,557552.0,28.25,22.95,-0.8660254037844384,-0.5000000000000004,0.7818314824680298,0.6234898018587336,0.49999999999999994,0.8660254037844387,144.9675,221.0975,109.0775,134.98291666666668,28.51056196991918,148.26749999999998
2026-01-06 17:00:00+00:00,148.26749999999998,18.0,1.0,1.0,False,False,True,True,False,14481.8905,14925.708687499999,5.756,-49.38666666666666,1226.0319275,0.0,2678.59575,0.0,0.0,0.0,495.3025,0.0,17.542499999999997,137.86749999999998,-1226.05,-2678.6,-176.31833333333336,-495.3,120.30000000000001,-2270.65,7.965,8.55,8.845,8.84,250.0,250.0,250.0,250.25,10.375,4.675000000000001,1012.5999999999999,1.269725,0.0,0.0,0.0,0.0,16.0,-0.09999999999999987,-4.5,-1.95,87.5,1014.49,13.5,40.0,15.5,230.0,2.5,0.0,0.0,0.0,1042532.125,1082720.75,28.25,22.95,-0.9659258262890683,-0.25881904510252063,0.7818314824680298,0.6234898018587336,0.49999999999999994,0.8660254037844387,152.9925,213.585,108.5,132.26135416666668,23.327560020508734,139.1175
2026-01-06 18:00:00+00:00,139.1175,19.0,1.0,1.0,False,False,True,True,False,13762.6945,14360.784697916666,5.576833333333334,-63.03,1968.3806650000001,0.0,3035.323,0.0,0.0,0.0,613.35,0.0,0.0,337.72,-1968.375,-3035.3,-177.49666666666667,-613.35,337.725,-3002.825,8.09,8.66,8.9825,8.9725,238.25,238.75,239.0,239.25,10.3,4.8999999999999995,1012.075,1.2680500000000001,0.0,0.0,0.0,0.0,30.25,-0.09999999999999987,-4.5,-2.5,84.5,1014.26,14.5,47.0,15.5,220.0,5.0,0.0,0.0,0.0,1487442.25,1607889.5,28.25,22.95,-1.0,-1.8369701987210297e-16,0.7818314824680298,0.6234898018587336,0.49999999999999994,0.8660254037844387,148.26749999999998,182.8,105.6425,130.44125,20.777675741986883,121.5975
2026-01-06 19:00:00+00:00,121.5975,20.0,1.0,1.0,False,False,True,True,False,13499.585,13795.860708333334,4.661833333333334,-18.158333333333335,2843.6413525000003,0.0,2848.54425,0.0,178.68,0.0,837.7775,0.0,116.7725,72.46249999999999,-2843.65,-2848.5,-178.675,-837.75,-44.32499999999999,-4616.55,8.645,9.3325,9.6975,9.6675,231.5,232.0,231.75,232.0,10.775,4.975,1011.65,1.26715,0.0,0.0,0.0,0.0,32.25,-0.4,-5.0,-1.9,88.5,1014.125,13.5,55.0,16.5,210.0,5.0,0.0,0.0,0.0,1932352.375,2133058.25,28.25,22.95,-0.9659258262890684,0.2588190451025203,0.7818314824680298,0.6234898018587336,0.49999999999999994,0.8660254037844387,139.1175,147.0325,100.645,129.38145833333334,20.541959337730912,86.81
2026-01-06 20:00:00+00:00,86.81,21.0,1.0,1.0,False,False,True,True,False,13253.96725,13230.93671875,4.310083333333334,-103.44166666666666,3868.9276925,247.0395,1949.80025,0.0,609.585,0.0,804.6700000000001,0.0,697.2674999999999,0.0,-3621.875,-1949.8,-609.55,-804.7,-697.25,-6220.875,9.0175,9.805,10.185,10.12,222.25,222.75,222.75,223.5,11.4,5.15,1011.125,1.2657,0.0,0.0,0.0,0.0,17.5,-0.7999999999999999,-6.0,-1.9,92.0,1013.6800000000001,13.5,57.5,17.5,197.5,5.0,0.0,0.0,0.0,2377262.5,2658227.0,28.25,22.95,-0.8660254037844386,0.5000000000000001,0.7818314824680298,0.6234898018587336,0.49999999999999994,0.8660254037844387,121.5975,129.1025,92.995,127.61927083333335,22.30527533721856,87.19
2026-01-06 21:00:00+00:00,87.19,22.0,1.0,1.0,False,False,True,True,False,12745.514500000001,12666.012729166667,3.6915833333333334,-150.19166666666666,3634.7383325,814.43525,2183.99875,0.0,647.64,0.0,934.46,0.0,697.045,0.0,-2820.3,-2184.0,-647.6,-934.475,-697.025,-5645.45,10.690000000000001,11.8,12.2575,12.2,210.0,211.75,211.75,213.75,13.4,5.0,1010.4,1.2655,0.0,0.0,0.0,0.0,16.75,-0.9500000000000001,-6.5,-2.15,92.0,1013.15,13.5,62.5,19.0,192.5,10.0,0.0,5.0,0.0,2822172.625,3183395.75,28.25,22.95,-0.7071067811865477,0.7071067811865474,0.7818314824680298,0.6234898018587336,0.49999999999999994,0.8660254037844387,86.81,123.85000000000001,92.06,126.09177083333333,23.78106889440494,77.2875
2026-01-06 22:00:00+00:00,77.2875,23.0,1.0,1.0,False,False,True,True,False,12400.136,12101.088739583332,2.0035,-160.25833333333333,3247.422485,1471.4125,2206.808,0.0,647.64,0.0,791.9825000000001,0.0,696.9475,0.0,-1776.0,-2206.8,-647.6,-792.0,-696.925,-4464.25,11.22,12.587499999999999,13.0725,13.1625,207.0,208.0,208.25,211.0,14.275,5.025,1009.725,1.26455,0.0,0.0,0.0,0.0,36.25,-1.1,-6.5,-2.4,91.5,1012.4549999999999,14.0,65.5,21.0,192.5,5.0,0.0,0.0,0.0,3267082.75,3708564.5,28.25,22.95,-0.5000000000000004,0.8660254037844384,0.7818314824680298,0.6234898018587336,0.49999999999999994,0.8660254037844387,87.19,111.3,85.8075,124.67458333333333,25.64155996902186,88.1725
2026-01-06 23:00:00+00:00,88.1725,0.0,2.0,1.0,False,False,True,True,False,10987.942,11536.16475,2.3926666666666665,-252.61,3647.1368375,1468.2350000000001,2970.15775,0.0,562.335,0.0,104.79,0.0,565.49,0.0,-2178.9,-2970.2,-562.35,-104.775,-565.475,-4154.075,12.75,14.4125,14.962499999999999,15.1325,201.0,201.75,201.75,203.5,16.174999999999997,4.35,1008.85,1.2665,0.0,0.0,0.0,0.0,48.75,-1.45,-7.5,-2.5,93.0,1011.835,12.5,75.5,21.0,190.0,7.5,0.0,0.0,0.0,3711992.875,4233733.25,28.25,22.95,-0.25881904510252157,0.9659258262890681,0.7818314824680298,0.6234898018587336,0.49999999999999994,0.8660254037844387,77.2875,104.695,88.1025,123.98614583333334,26.41154587341446,82.78999999999999
2026-01-07 00:00:00+00:00,82.78999999999999,1.0,2.0,1.0,False,False,True,True,False,10696.4885,11063.0345,3.128,-147.83666666666667,3606.3416725,1590.7424999999998,3161.02125,0.0,605.955,0.0,330.51,0.0,686.0475,0.0,-2015.6,-3161.0,-605.975,-330.5,-686.05,-4428.375,13.155,14.965,15.545,15.8375,198.0,199.5,199.5,201.5,16.7,4.3,1007.55,1.265125,0.0,0.0,0.0,0.0,69.0,-1.5999999999999999,-7.5,-2.5500000000000003,94.0,1010.86,13.0,92.5,21.5,182.5,10.0,0.0,0.0,0.0,4156903.0,4758902.0,28.23,22.65,0.0,1.0,0.9749279121818236,-0.22252093395631434,0.49999999999999994,0.8660254037844387,88.1725,104.6,84.3575,123.07739583333334,27.46189796671646,79.58749999999999
2026-01-07 01:00:00+00:00,79.58749999999999,2.0,2.0,1.0,False,False,True,True,False,10506.83675,10759.2985,3.1409166666666666,-209.18166666666667,3683.33252,1454.8175,3056.695,0.0,619.51,0.0,345.22249999999997,0.0,676.76,0.0,-2228.525,-3056.7,-619.525,-345.20000000000005,-676.75,-4634.2,15.012500000000001,17.2575,17.9375,18.1725,196.0,197.75,197.75,199.0,19.525,4.225,1006.75,1.26445,0.0,0.0,0.0,0.0,76.75,-1.15,-7.0,-2.0,94.0,1010.0,11.0,97.5,23.5,187.5,15.0,0.0,5.0,0.0,4157922.0,5043826.0,28.23,22.65,0.25881904510252074,0.9659258262890683,0.9749279121818236,-0.22252093395631434,0.49999999999999994,0.8660254037844387,82.78999999999999,101.545,80.2125,122.16249999999998,28.55446547161373,79.0175
2026-01-07 02:00:00+00:00,79.0175,3.0,2.0,1.0,False,False,True,True,False,10481.26175,10646.2975,4.088666666666667,-116.22166666666666,3845.866655,1308.7024999999999,3061.95875,0.0,648.37,0.0,272.51,0.0,685.7825,0.0,-2537.15,-3062.0,-648.4,-272.475,-685.775,-4909.35,16.155,18.735,19.4925,19.8425,197.5,198.5,198.5,200.0,20.875,4.25,1005.575,1.262875,0.0,0.0,0.0,0.0,82.25,-0.7,-6.5,-1.4,94.5,1008.975,10.0,98.0,25.0,185.0,15.0,0.0,5.0,0.0,4158000.0,5361301.0,28.23,22.65,0.49999999999999994,0.8660254037844387,0.9749279121818236,-0.22252093395631434,0.49999999999999994,0.8660254037844387,79.58749999999999,100.0875,76.58,121.28458333333333,29.56857185706949,77.6275
2026-01-07 03:00:00+00:00,77.6275,4.0,2.0,1.0,False,False,True,True,False,10387.95275,10670.20575,3.5091666666666663,-205.67166666666665,4016.51665,1256.5025,2652.93025,0.0,648.37,0.0,500.6175,0.0,428.67,0.0,-2760.0,-2652.9,-648.4,-500.625,-428.675,-5000.9,16.707500000000003,19.4825,20.3275,20.665,201.75,202.75,202.75,204.0,21.8,4.275,1004.225,1.26105,0.0,0.0,0.0,0.0,99.25,-0.5,-6.5,-1.1500000000000001,95.0,1008.035,10.0,100.0,26.5,187.5,22.5,0.0,5.0,0.0,4158000.0,5491289.0,28.23,22.65,0.7071067811865475,0.7071067811865476,0.9749279121818236,-0.22252093395631434,0.49999999999999994,0.8660254037844387,79.0175,102.4525,74.9325,120.25020833333333,30.669716944483277,78.575
2026-01-07 04:00:00+00:00,78.575,5.0,2.0,1.0,False,False,True,True,False,10630.8275,10984.6625,2.6824999999999997,-246.53333333333333,3940.0741875,1353.7424999999998,2252.88125,0.0,584.0025,0.0,414.48249999999996,0.0,299.3125,0.0,-2586.35,-2252.9,-584.025,-414.475,-299.3,-4447.35,16.185,18.8225,19.6675,20.315,201.0,202.25,202.25,204.0,20.875,3.95,1003.5,1.2616749999999999,0.0,0.0,0.0,0.0,100.0,-0.4,-6.5,-1.1,95.0,1007.025,9.5,100.0,28.0,187.5,25.0,0.0,5.0,0.0,4158000.0,5786380.0,28.23,22.65,0.8660254037844386,0.5000000000000001,0.9749279121818236,-0.22252093395631434,0.49999999999999994,0.8660254037844387,77.6275,107.0,77.3775,119.06583333333333,31.734026773380606,89.5425
2026-01-07 05:00:00+00:00,89.5425,6.0,2.0,1.0,False,False,True,True,False,11314.060000000001,11885.72,3.337833333333333,-204.13333333333333,4140.0133575,1111.155,1856.32675,0.0,319.8925,0.0,288.84000000000003,0.0,269.4475,0.0,-3028.85,-1856.3,-319.875,-288.825,-269.45,-4371.125,16.425,19.18,20.035,20.5875,198.75,199.25,199.5,201.0,21.675,3.825,1002.575,1.26105,0.0,0.0,0.0,0.0,100.0,-0.2,-6.5,-1.15,93.5,1006.235,11.0,100.0,29.0,190.0,32.5,0.0,10.0,0.0,4158000.0,5867529.0,28.23,22.65,0.9659258262890683,0.25881904510252074,0.9749279121818236,-0.22252093395631434,0.49999999999999994,0.8660254037844387,78.575,121.2875,82.00999999999999,117.743125,32.29404070959957,94.4575
2026-01-07 06:00:00+00:00,94.4575,7.0,2.0,1.0,False,False,True,True,False,12360.74275,13248.14275,2.884333333333333,-203.78333333333333,3739.058345,815.91175,1632.86775,0.0,234.58499999999998,0.0,565.5225,0.0,377.7975,0.0,-2923.15,-1632.9,-234.57500000000002,-565.525,-377.8,-4509.275,16.26,19.06,19.87,20.2075,205.5,206.75,206.75,207.75,21.45,4.125,1001.85,1.25875,0.0,0.0,0.0,0.0,100.0,-0.30000000000000004,-7.0,-1.0999999999999999,94.5,1005.635,10.5,100.0,30.5,190.0,30.0,0.0,10.0,0.0,4158000.0,5978387.0,28.23,22.65,1.0,6.123233995736766e-17,0.9749279121818236,-0.22252093395631434,0.49999999999999994,0.8660254037844387,89.5425,138.4975,85.3225,115.908125,32.31467519169236,104.77000000000001
2026-01-07 07:00:00+00:00,104.77000000000001,8.0,2.0,1.0,False,False,True,True,False,13373.10975,14611.12275,4.308833333333333,-147.25,2332.8016475,1158.5025,2154.60175,0.0,547.645,0.0,827.8,0.0,154.405,0.0,-1174.275,-2154.6,-547.6500000000001,-827.8,-154.4,-3242.8,15.605,18.115000000000002,18.8725,19.2,205.25,205.75,205.75,206.75,20.85,4.15,1001.4,1.25805,0.0,0.0,0.0,0.0,100.0,-0.30000000000000004,-7.0,-1.0499999999999998,94.5,1005.115,9.5,100.0,30.5,190.0,35.0,0.0,10.0,1203.0,4158000.0,6231115.0,28.23,22.65,0.9659258262890683,-0.25881904510252063,0.9749279121818236,-0.22252093395631434,0.49999999999999994,0.8660254037844387,94.4575,164.185,95.805,113.4325,30.690454019691433,111.2325
2026-01-07 08:00:00+00:00,111.2325,9.0,2.0,1.0,False,False,True,True,False,13732.72425,15196.668,4.4915,-143.33166666666665,1616.1591675,1487.585,2339.2735,0.0,594.16,0.0,704.8275,0.0,657.88,0.0,-128.55,-2339.3,-594.125,-704.825,-657.875,-2670.2749999999996,15.1175,17.41,18.1425,18.3275,208.25,209.25,209.25,210.25,19.975,4.15,1001.125,1.25775,0.0,0.0,0.0,0.0,100.0,-0.4,-7.0,-0.9500000000000001,95.5,1004.835,8.0,100.0,31.5,190.0,37.5,0.0,10.0,155208.0,4157973.0,6349695.0,28.23,22.65,0.8660254037844387,-0.49999999999999983,0.9749279121818236,-0.22252093395631434,0.49999999999999994,0.8660254037844387,104.77000000000001,168.82,100.61500000000001,111.03302083333334,28.332402789293656,107.69749999999999
2026-01-07 09:00:00+00:00,107.69749999999999,10.0,2.0,1.0,False,False,True,True,False,13146.01875,15265.406166666666,6.380666666666667,36.836666666666666,1252.98,1594.3500000000001,2457.51525,0.0,588.97,0.0,721.05,0.0,687.8725,0.0,341.375,-2457.5,-588.95,-721.05,-687.875,-2270.9,13.747499999999999,15.6425,16.2725,16.3275,214.5,215.25,215.25,216.5,19.725,4.1,1000.875,1.25765,5.25,0.0,5.25,0.0,100.0,-0.4,-7.0,-0.9,96.0,1004.615,7.5,100.0,30.5,192.5,30.0,0.0,10.0,697991.0,4131294.0,6409702.0,28.23,22.65,0.7071067811865476,-0.7071067811865475,0.9749279121818236,-0.22252093395631434,0.49999999999999994,0.8660254037844387,111.2325,154.8425,90.5225,109.06864583333332,26.75323700425947,99.1725
2026-01-07 10:00:00+00:00,99.1725,11.0,2.0,1.0,False,False,True,True,False,12194.707,15334.144333333334,3.627666666666667,-168.05833333333334,1232.523325,1465.15,2422.063,0.0,520.95,0.0,421.4925,0.0,560.6575,0.0,232.625,-2422.1,-520.95,-421.475,-560.675,-1875.975,13.785,15.63,16.255,16.33,215.75,217.0,217.0,218.5,17.9,4.175,1000.75,1.25715,11.0,0.0,11.0,0.0,100.0,-0.4,-7.0,-0.7999999999999999,97.0,1004.42,7.5,97.5,30.0,192.5,32.5,0.0,10.0,1276726.0,3980256.0,6409182.0,28.23,22.65,0.49999999999999994,-0.8660254037844387,0.9749279121818236,-0.22252093395631434,0.49999999999999994,0.8660254037844387,107.69749999999999,147.265,83.48,107.06479166666666,25.54154565218293,95.3775
2026-01-07 11:00:00+00:00,95.3775,12.0,2.0,1.0,False,False,True,True,False,11468.05675,15402.8825,6.623583333333333,29.6,1093.35251,1607.93,1740.34975,0.0,555.795,0.0,834.105,0.0,160.8775,3.12,514.575,-1740.3,-555.8,-834.1,-157.75,-1468.175,12.985,14.7375,15.285,15.344999999999999,228.75,229.25,229.5,229.75,16.675,4.35,1000.375,1.2559,20.0,0.19999999999999998,19.799999999999997,0.875,100.0,-0.30000000000000004,-6.5,-0.7000000000000001,97.0,1004.02,7.5,97.5,28.5,190.0,35.0,0.0,10.0,1718979.0,4072326.0,6420390.0,28.23,22.65,0.258819045102521,-0.9659258262890682,0.9749279121818236,-0.22252093395631434,0.49999999999999994,0.8660254037844387,99.1725,133.84,83.0475,105.46218750000001,24.989183391677454,91.5875
2026-01-07 12:00:00+00:00,91.5875,13.0,2.0,1.0,False,False,True,True,False,11464.01125,15430.87775,4.4655000000000005,12.15,1592.926655,1098.685,1723.7265,0.0,334.84,0.0,712.1925,0.0,0.0,357.1225,-494.225,-1723.7,-334.85,-712.175,357.09999999999997,-1615.1000000000001,12.352500000000001,13.9225,14.465,14.545,240.25,240.75,241.0,241.75,16.075,4.825,1000.075,1.25335,25.25,0.8,24.45,3.05,100.0,-0.20000000000000007,-6.5,-0.30000000000000004,98.0,1003.235,6.5,96.5,28.5,195.0,37.5,0.0,10.0,1784390.0,3772747.0,6404842.0,28.23,22.65,1.2246467991473532e-16,-1.0,0.9749279121818236,-0.22252093395631434,0.49999999999999994,0.8660254037844387,95.3775,125.725,85.17,104.03979166666666,24.756142791900725,94.035
2026-01-07 13:00:00+00:00,94.035,14.0,2.0,1.0,False,False,True,True,False,11797.15375,15387.753,4.011,-195.26666666666668,1509.20416,1062.359,1729.64325,0.0,287.33750000000003,0.0,936.225,0.0,0.0,536.965,-446.85,-1729.6,-287.35,-936.2,536.95,-1565.8500000000001,11.7875,13.354999999999999,13.8775,13.942499999999999,245.5,246.5,246.5,246.5,15.35,4.775,999.85,1.2533,58.0,8.0,50.0,30.2,90.75,0.0,-5.5,-0.35000000000000003,97.0,1002.915,8.0,95.0,25.5,195.0,17.5,0.0,10.0,1728918.0,3861811.0,6363470.0,28.23,22.65,-0.2588190451025208,-0.9659258262890683,0.9749279121818236,-0.22252093395631434,0.49999999999999994,0.8660254037844387,91.5875,125.32,85.805,102.73625,24.408123402742067,100.395
2026-01-07 14:00:00+00:00,100.395,15.0,2.0,1.0,False,False,True,True,False,12733.77275,15273.76625,4.138,-146.9,1603.2525,1313.8874999999998,1940.67675,0.0,136.8,6.2875,707.23,0.0,349.71500000000003,5.915,-289.35,-1940.7,-130.525,-707.2249999999999,-343.8,-1956.075,12.092500000000001,13.625,14.145,14.125,246.75,247.0,247.25,247.5,16.275,4.8,999.675,1.25295,76.5,16.475,60.025,77.65,100.0,0.35,-5.0,0.0,97.0,1002.495,8.0,95.0,22.0,200.0,22.5,0.0,10.0,919164.0,3876666.0,6227295.0,28.23,22.65,-0.4999999999999998,-0.8660254037844388,0.9749279121818236,-0.22252093395631434,0.49999999999999994,0.8660254037844387,94.035,133.7975,92.2375,101.34447916666666,23.49522689707859,111.72999999999999
2026-01-07 15:00:00+00:00,111.72999999999999,16.0,2.0,1.0,False,False,True,True,False,13663.688,15129.253666666666,3.662,-196.66666666666666,1940.1733325,1032.0994999999998,1734.84225,0.0,0.0,148.8275,1083.6575,0.0,120.0425,19.497500000000002,-908.075,-1734.8,148.825,-1083.65,-100.55000000000001,-2377.175,11.7625,13.2875,13.8125,13.8875,252.75,253.25,253.25,253.5,15.825,4.925,999.725,1.252475,22.5,0.9500000000000001,21.549999999999997,7.375,100.0,0.8999999999999999,-4.0,0.35,96.0,1002.55,9.0,95.0,18.5,202.5,20.0,0.0,10.0,174051.0,3977084.0,5897165.0,28.23,22.65,-0.7071067811865471,-0.7071067811865479,0.9749279121818236,-0.22252093395631434,0.49999999999999994,0.8660254037844387,100.395,144.9675,102.16499999999999,99.95958333333333,21.725012053665,124.255
2026-01-07 16:00:00+00:00,124.255,17.0,2.0,1.0,False,False,True,True,False,14005.3625,14697.577427083332,4.35225,-84.08333333333333,945.2941625,1552.4175,2443.74925,0.0,0.0,9.2375,1065.685,0.0,635.325,0.0,607.1,-2443.7,37.0,-1065.65,-635.325,-1695.575,11.24,12.58,13.065,13.1725,252.0,252.5,252.75,253.25,15.225,5.15,1000.05,1.251875,3.25,0.0,3.25,0.0,85.25,0.35,-5.0,-0.6500000000000001,93.0,1001.89,13.0,95.0,21.0,230.0,17.5,0.0,5.0,0.0,1035634.0,2826761.0,28.23,22.65,-0.8660254037844384,-0.5000000000000004,0.9749279121818236,-0.22252093395631434,0.49999999999999994,0.8660254037844387,111.72999999999999,152.9925,110.7375,98.7621875,19.3355026906537,111.455
2026-01-07 17:00:00+00:00,111.455,18.0,2.0,1.0,False,False,True,True,False,13432.861,14265.9011875,4.285166666666667,-109.38333333333334,327.5374925,1696.63584,3054.432,0.0,417.9175,0.0,1090.685,0.0,696.35,0.0,1369.1,-3054.4,-417.90000000000003,-1090.65,-696.325,-1599.4750000000001,10.6375,11.8025,12.2625,12.285,261.5,261.75,261.75,261.5,14.9,5.35,1000.35,1.251325,0.0,0.0,0.0,0.0,100.0,0.8,-4.5,-0.25,93.0,1002.175,12.0,95.0,22.0,235.0,35.0,0.0,5.0,0.0,1337795.625,2872203.625,28.23,22.65,-0.9659258262890683,-0.25881904510252063,0.9749279121818236,-0.22252093395631434,0.49999999999999994,0.8660254037844387,124.255,148.26749999999998,107.5275,97.22833333333334,16.488052058639614,96.85
2026-01-07 18:00:00+00:00,96.85,19.0,2.0,1.0,False,False,True,True,False,12781.9245,13834.224947916666,4.272833333333334,-122.15,125.68915249999999,1593.201675,3325.66925,0.0,626.0975,0.0,1086.685,0.0,669.8675000000001,0.0,1467.5,-3325.7,-626.125,-1086.65,-669.875,-1746.55,9.975,11.1625,11.59,11.6975,259.0,259.75,259.75,260.0,13.8,5.525,1000.425,1.25065,0.0,0.0,0.0,0.0,99.5,1.2,-4.0,0.25,93.5,1002.1,11.5,90.0,22.0,237.5,12.5,0.0,10.0,0.0,1639957.25,2917646.25,28.23,22.65,-1.0,-1.8369701987210297e-16,0.9749279121818236,-0.22252093395631434,0.49999999999999994,0.8660254037844387,111.455,139.1175,96.02,95.46718750000001,13.868460333348706,90.62
2026-01-07 19:00:00+00:00,90.62,20.0,2.0,1.0,False,False,True,True,False,12173.496500000001,13402.548708333332,4.310999999999999,-109.31666666666666,338.1191625,1500.495,3445.432,0.0,646.375,0.0,1083.8675,0.0,557.2175,0.0,1162.375,-3445.4,-646.4,-1083.875,-557.225,-1986.425,10.504999999999999,11.6775,12.145,12.094999999999999,255.0,256.75,256.75,258.75,13.4,5.425,1000.75,1.2515,0.0,0.0,0.0,0.0,90.0,1.4500000000000002,-3.5,0.7,94.5,1002.235,11.0,87.0,21.0,237.5,30.0,0.0,10.0,0.0,1942118.875,2963088.875,28.23,22.65,-0.9659258262890684,0.2588190451025203,0.9749279121818236,-0.22252093395631434,0.49999999999999994,0.8660254037844387,96.85,121.5975,82.9975,94.17645833333331,12.725197271825966,92.75
2026-01-07 20:00:00+00:00,92.75,21.0,2.0,1.0,False,False,True,True,False,11514.289499999999,12970.87246875,4.603,-24.233333333333334,1459.5580850000001,1121.2,3055.4595,0.0,531.23,0.0,1035.145,0.0,523.125,0.0,-338.375,-3055.5,-531.25,-1035.175,-523.15,-3191.725,9.4475,10.5375,10.9775,11.215,258.5,259.5,259.75,262.0,12.975,5.85,1001.0,1.2499,0.0,0.0,0.0,0.0,100.0,1.9500000000000002,-3.0,1.1500000000000001,94.5,1002.4000000000001,11.5,85.0,21.0,240.0,22.5,0.0,5.0,0.0,2244280.5,3008531.5,28.23,22.65,-0.8660254037844386,0.5000000000000001,0.9749279121818236,-0.22252093395631434,0.49999999999999994,0.8660254037844387,90.62,86.81,79.35249999999999,94.42395833333332,12.63312549361091,90.98
2026-01-07 21:00:00+00:00,90.98,22.0,2.0,1.0,False,False,True,True,False,10683.837749999999,12539.196229166666,3.2984166666666668,-209.05,2139.2558325,817.23925,2483.862,0.0,640.875,0.0,961.29,0.0,111.5925,1.175,-1322.025,-2483.9,-640.875,-961.275,-110.4,-3655.55,9.6575,10.6475,11.059999999999999,11.0625,260.5,261.25,261.5,261.75,12.825,5.75,1001.425,1.25085,0.0,0.0,0.0,0.0,100.0,2.5,-2.0,1.45,92.5,1002.66,13.5,82.0,21.0,240.0,22.5,0.0,10.0,0.0,2546442.125,3053974.125,28.23,22.65,-0.7071067811865477,0.7071067811865474,0.9749279121818236,-0.22252093395631434,0.49999999999999994,0.8660254037844387,92.75,87.19,82.0475,94.58187499999998,12.562257076388143,87.3275
2026-01-07 22:00:00+00:00,87.3275,23.0,2.0,1.0,False,False,True,True,False,9929.50225,12107.519989583334,4.341083333333334,-31.8,1941.0958,742.347,1836.096,0.0,648.37,0.0,939.405,0.0,0.0,196.34,-1198.725,-1836.1,-648.4,-939.425,196.325,-3049.2,9.4,10.434999999999999,10.8475,10.752500000000001,257.0,257.75,257.75,260.75,12.075,5.825,1001.6,1.25075,0.0,0.0,0.0,0.0,98.75,2.5999999999999996,-2.0,1.5,92.0,1002.8,14.5,84.5,22.0,242.5,20.0,0.0,10.0,0.0,2848603.75,3099416.75,28.23,22.65,-0.5000000000000004,0.8660254037844384,0.9749279121818236,-0.22252093395631434,0.49999999999999994,0.8660254037844387,90.98,77.2875,72.6075,95.00020833333333,12.120710714128235,83.505
2026-01-07 23:00:00+00:00,83.505,0.0,3.0,1.0,False,False,True,True,False,9725.1165,11675.84375,4.602666666666666,-39.01833333333333,2663.78499,478.55325,1683.59175,0.0,646.6775,0.0,818.7375,0.0,160.6125,10.790000000000001,-2185.225,-1683.6,-646.7,-818.725,-149.825,-4221.4,9.120000000000001,10.092500000000001,10.5275,10.515,254.0,255.0,255.0,255.5,11.725,5.725,1001.65,1.2512750000000001,0.0,0.0,0.0,0.0,96.0,2.5,-2.0,1.5499999999999998,93.0,1002.9,13.5,87.5,20.0,240.0,20.0,0.0,10.0,0.0,3150765.375,3144859.375,28.23,22.65,-0.25881904510252157,0.9659258262890681,0.9749279121818236,-0.22252093395631434,0.49999999999999994,0.8660254037844387,87.3275,88.1725,63.442499999999995,94.80572916666665,12.27153286018828,82.38
2026-01-08 00:00:00+00:00,82.38,1.0,3.0,1.0,False,False,True,True,False,9477.803750000001,11645.4325,4.859583333333333,-33.528333333333336,2218.4083575,677.22375,1951.4155,0.0,643.645,0.0,858.325,0.0,654.775,0.0,-1541.175,-1951.4,-643.625,-858.325,-654.775,-4185.8,8.355,9.2575,9.6625,9.497499999999999,248.0,249.0,249.0,250.5,11.325,5.775,1001.825,1.2512750000000001,0.0,0.0,0.0,0.0,100.0,2.4000000000000004,-2.0,1.3499999999999999,92.5,1002.9200000000001,12.5,87.0,20.0,240.0,20.0,0.0,10.0,0.0,3452927.0,3190302.0,28.41,22.65,0.0,1.0,0.43388373911755823,-0.900968867902419,0.49999999999999994,0.8660254037844387,83.505,82.78999999999999,64.9625,94.78864583333332,12.289259935866333,84.52250000000001
2026-01-08 01:00:00+00:00,84.52250000000001,2.0,3.0,1.0,False,False,True,True,False,8798.08025,11432.549500000001,5.683000000000001,42.505,1967.0333225,237.32875,2316.638,0.0,564.155,0.0,812.5775,0.0,307.36,0.0,-1729.7,-2316.6,-564.15,-812.55,-307.325,-3992.975,7.555,8.3675,8.7075,8.5725,244.0,245.25,245.5,249.25,9.925,6.0,1001.925,1.2504,0.0,0.0,0.0,0.0,99.25,2.3,-2.0,1.4000000000000001,93.5,1003.05,12.0,88.0,21.0,245.0,20.0,0.0,10.0,0.0,3235410.0,3121337.0,28.41,22.65,0.25881904510252074,0.9659258262890683,0.43388373911755823,-0.900968867902419,0.49999999999999994,0.8660254037844387,82.38,79.58749999999999,55.292500000000004,94.99427083333335,12.063059098986347,82.4725
2026-01-08 02:00:00+00:00,82.4725,3.0,3.0,1.0,False,False,True,True,False,8844.69,11333.6445,7.566666666666666,130.38833333333335,1751.624165,106.84825000000001,2212.702,0.0,438.295,0.0,715.78,0.0,226.1475,0.0,-1644.75,-2212.7,-438.3,-715.775,-226.15,-3578.2,7.4399999999999995,8.14,8.504999999999999,8.4375,212.5,213.5,213.5,209.5,9.275,6.0,1002.4,1.250975,0.0,0.0,0.0,0.0,79.25,2.35,-2.0,1.65,94.0,1003.37,11.0,90.5,21.0,245.0,20.0,0.0,10.0,0.0,2215878.0,2965461.0,28.41,22.65,0.49999999999999994,0.8660254037844387,0.43388373911755823,-0.900968867902419,0.49999999999999994,0.8660254037844387,84.52250000000001,79.0175,40.455,95.13822916666665,11.883383070287795,85.0575
2026-01-08 03:00:00+00:00,85.0575,4.0,3.0,1.0,False,False,True,True,False,8918.061,11395.51275,4.108833333333333,-58.79833333333333,1628.65541,103.74175,2280.215,0.0,334.83,0.0,405.2575,0.0,389.35249999999996,0.0,-1524.925,-2280.2,-334.82500000000005,-405.25,-389.35,-3224.425,7.15,7.8825,8.2675,8.21,295.25,295.5,294.0,293.5,9.175,6.05,1002.65,1.25105,0.0,0.0,0.0,0.0,100.0,2.4000000000000004,-2.0,1.65,93.5,1003.7,12.0,92.5,21.0,245.0,20.0,0.0,10.0,0.0,1824033.0,2734765.0,28.41,22.65,0.7071067811865475,0.7071067811865476,0.43388373911755823,-0.900968867902419,0.49999999999999994,0.8660254037844387,82.4725,77.6275,24.925,95.4478125,11.497893009073499,87.1575
2026-01-08 04:00:00+00:00,87.1575,5.0,3.0,1.0,False,False,True,True,False,9028.9015,11652.17625,7.024416666666667,87.63833333333334,2135.14494,20.84125,2300.2775,0.0,484.8225,0.0,0.6725,0.0,625.61,0.0,-2114.3,-2300.3,-484.825,-0.675,-625.625,-3800.475,6.800000000000001,7.4925,7.8225,7.72,203.5,204.5,204.5,205.0,8.625,5.925,1002.75,1.25175,0.0,0.0,0.0,0.0,96.75,2.4,-2.0,1.65,94.0,1003.85,12.0,95.0,18.5,245.0,20.0,0.0,10.0,0.0,1625249.0,2750135.0,28.41,22.65,0.8660254037844386,0.5000000000000001,0.43388373911755823,-0.900968867902419,0.49999999999999994,0.8660254037844387,85.0575,78.575,19.065,95.80541666666666,11.076029436567678,96.69
2026-01-08 05:00:00+00:00,96.69,6.0,3.0,1.0,False,False,True,True,False,9281.37575,12458.04125,9.50775,206.92999999999998,3978.0961625,0.0,1709.124,0.0,136.3675,0.0,0.0,151.345,569.2625,0.0,-3978.1,-1709.1,-136.375,151.325,-569.275,-4959.675,5.7075,6.1325,6.404999999999999,6.3149999999999995,206.75,208.0,208.0,208.75,7.325,5.95,1003.075,1.2520499999999999,0.0,0.0,0.0,0.0,100.0,2.4000000000000004,-1.5,1.55,93.5,1004.15,12.5,95.0,17.5,245.0,20.0,0.0,10.0,0.0,1422524.0,2452550.0,28.41,22.65,0.9659258262890683,0.25881904510252074,0.43388373911755823,-0.900968867902419,0.49999999999999994,0.8660254037844387,87.1575,89.5425,5.99,96.10322916666667,10.996113134411095,124.69
2026-01-08 06:00:00+00:00,124.69,7.0,3.0,1.0,False,False,True,True,False,9917.77625,14074.12125,9.011083333333334,46.50666666666667,3508.610025,0.0,1226.0425,0.0,441.09000000000003,0.0,0.0,545.0825,595.855,0.0,-3508.625,-1226.0,-441.125,545.075,-595.85,-4306.975,5.365,5.72,5.9525,5.8500000000000005,213.25,213.5,212.75,212.5,6.9,5.875,1003.25,1.252575,0.0,0.0,0.0,0.0,98.75,2.35,-1.5,1.55,94.0,1004.2,12.0,94.0,16.0,240.0,15.0,0.0,5.0,0.0,1224519.0,2250249.0,28.41,22.65,1.0,6.123233995736766e-17,0.43388373911755823,-0.900968867902419,0.49999999999999994,0.8660254037844387,96.69,94.4575,15.0,97.36291666666666,12.436700830052807,167.815
2026-01-08 07:00:00+00:00,167.815,8.0,3.0,1.0,False,False,True,True,False,10717.5265,15405.15125,15.159166666666666,237.25166666666667,2388.0660875000003,0.0,560.44275,0.0,558.46,0.0,0.0,98.175,577.98,0.0,-2388.075,-560.4,-558.45,98.15,-577.975,-3566.45,5.835000000000001,6.2725,6.5425,6.53,206.25,208.0,208.0,209.0,7.3500000000000005,5.875,1003.375,1.25275,0.0,0.0,0.0,0.0,85.5,2.05,-2.0,1.4500000000000002,95.0,1004.3399999999999,10.5,94.5,14.0,235.0,15.0,0.0,5.0,0.0,1176284.0,2297514.0,28.41,22.65,0.9659258262890683,-0.25881904510252063,0.43388373911755823,-0.900968867902419,0.49999999999999994,0.8660254037844387,124.69,104.77000000000001,21.095,99.98979166666668,18.99709927681004,191.9025
2026-01-08 08:00:00+00:00,191.9025,9.0,3.0,1.0,False,False,True,True,False,11069.7565,15958.2955,13.916666666666666,205.565,1190.4018275,6.7841675,987.72825,0.0,587.81,0.0,149.14,0.0,468.07,0.0,-1183.625,-987.7,-587.8,-149.15,-468.075,-2635.575,5.99,6.51,6.785,6.645,216.5,217.0,217.0,217.25,7.550000000000001,5.925,1003.6,1.2528,0.25,0.0,0.25,0.0,100.0,1.8499999999999999,-2.0,1.45,96.5,1004.775,8.5,99.0,14.5,230.0,10.0,0.0,0.0,289492.0,964959.0,2021640.0,28.41,22.65,0.8660254037844387,-0.49999999999999983,0.43388373911755823,-0.900968867902419,0.49999999999999994,0.8660254037844387,167.815,111.2325,30.4,103.35104166666666,26.662838808429278,205.64999999999998
2026-01-08 09:00:00+00:00,205.64999999999998,10.0,3.0,1.0,False,False,True,True,False,10757.787250000001,15737.2515,14.116666666666667,236.07333333333332,877.6324999999999,202.9141675,869.00725,0.0,587.15,0.0,610.5075,0.0,543.2125,0.0,-674.725,-869.0,-587.15,-610.5250000000001,-543.175,-2632.85,4.945,5.2725,5.475,5.37,222.75,223.0,223.5,223.25,6.625,5.85,1003.925,1.25355,27.0,2.95,24.05,28.05,99.75,2.0,-1.5,1.55,96.0,1005.115,9.5,95.0,13.5,225.0,15.0,0.0,5.0,1504801.0,689485.0,1752330.0,28.41,22.65,0.7071067811865476,-0.7071067811865475,0.43388373911755823,-0.900968867902419,0.49999999999999994,0.8660254037844387,191.9025,107.69749999999999,27.814999999999998,107.43239583333333,33.877828274994116,207.8
2026-01-08 10:00:00+00:00,207.8,11.0,3.0,1.0,False,False,True,True,False,10059.13625,15532.6715,6.484333333333334,-56.37833333333333,1131.6660875,0.0,1015.79375,0.0,645.83,0.0,0.0,416.565,694.2175,0.0,-1131.65,-1015.8,-645.85,416.575,-694.2,-2309.075,4.5875,4.7524999999999995,4.9575,4.7475,216.5,218.25,218.25,219.75,5.925,5.95,1003.8,1.25295,83.0,19.35,63.65,111.55,89.25,2.25,-1.5,1.5999999999999999,94.5,1005.2,11.0,100.0,12.5,222.5,15.0,0.0,5.0,3163267.0,440511.0,1732773.0,28.41,22.65,0.49999999999999994,-0.8660254037844387,0.43388373911755823,-0.900968867902419,0.49999999999999994,0.8660254037844387,205.64999999999998,99.1725,35.0,111.95854166666668,39.513912188955175,214.435
2026-01-08 11:00:00+00:00,214.435,12.0,3.0,1.0,False,False,True,True,False,9716.429,15194.214,16.1,400.9166666666667,1058.2490825,19.490835,1318.02375,0.0,633.7375,0.0,0.33,0.0,697.34,0.0,-1038.75,-1318.0,-633.725,-0.35,-697.35,-2699.65,4.3575,4.5725,4.77,4.6125,226.25,227.5,227.5,228.0,5.625,5.975,1003.525,1.25245,164.25,70.925,93.325,297.875,93.0,2.2,-1.5,1.5,94.0,1005.28,11.0,100.0,13.5,207.5,15.0,0.0,5.0,4366806.0,324298.0,1706794.0,28.41,22.65,0.258819045102521,-0.9659258262890682,0.43388373911755823,-0.900968867902419,0.49999999999999994,0.8660254037844387,207.8,95.3775,51.3425,116.91927083333333,44.500568856153954,225.0
2026-01-08 12:00:00+00:00,225.0,13.0,3.0,1.0,False,False,True,True,False,9918.598750000001,14820.40275,25.009999999999998,413.1166666666667,1080.715,70.05333250000001,750.81575,0.0,496.9475,0.0,820.445,0.0,655.0125,0.0,-1010.65,-750.8,-496.95,-820.45,-655.0,-3170.75,3.7025,3.8325,3.9975,3.8850000000000002,203.25,205.5,206.5,207.0,5.0,5.625,1002.75,1.253075,178.0,79.5,98.5,297.125,83.75,2.05,-1.5,1.65,96.0,1004.815,10.0,100.0,12.5,202.5,15.0,0.0,5.0,3714735.0,297185.0,1210042.0,28.41,22.65,1.2246467991473532e-16,-1.0,0.43388373911755823,-0.900968867902419,0.49999999999999994,0.8660254037844387,214.435,91.5875,43.47,122.47812499999999,49.27519846567376,249.0075
2026-01-08 13:00:00+00:00,249.0075,14.0,3.0,1.0,False,False,True,True,False,10123.48875,15232.57425,13.166666666666666,165.08666666666667,766.5485,331.0858325,646.0925,0.0,623.515,0.0,612.4075,0.0,656.5450000000001,0.0,-435.475,-646.1,-623.525,-612.45,-656.525,-2489.45,3.7824999999999998,3.965,4.1325,3.77,193.5,195.5,195.5,197.5,5.0,5.525,1002.525,1.25325,139.25,48.3,90.95,187.125,100.0,2.1,-1.0,1.7000000000000002,95.0,1004.665,10.5,100.0,12.0,197.5,10.0,0.0,0.0,2509311.0,359098.0,952475.0,28.41,22.65,-0.2588190451025208,-0.9659258262890683,0.43388373911755823,-0.900968867902419,0.49999999999999994,0.8660254037844387,225.0,94.035,37.805,128.9353125,55.18546757207115,247.355
2026-01-08 14:00:00+00:00,247.355,15.0,3.0,1.0,False,False,True,True,False,10901.15125,15760.98425,13.036666666666667,150.99666666666664,953.1201675,243.1325,153.919,0.0,453.86,0.0,610.4025,0.0,198.60750000000002,0.0,-710.0,-153.9,-453.85,-610.4,-198.6,-2011.3500000000001,4.435,4.6125,4.8025,4.325,176.75,175.75,175.75,173.5,5.65,5.3,1002.225,1.2539,99.25,23.325,75.925,112.25,75.75,2.0,-0.5,1.65,96.0,1004.03,10.0,100.0,10.5,177.5,10.0,0.0,0.0,1283532.0,326398.0,707626.0,28.41,22.65,-0.4999999999999998,-0.8660254037844388,0.43388373911755823,-0.900968867902419,0.49999999999999994,0.8660254037844387,249.0075,100.395,54.802499999999995,135.05864583333332,59.83811930306491,248.26
2026-01-08 15:00:00+00:00,248.26,16.0,3.0,1.0,False,False,True,True,False,11662.88275,15904.129,12.045583333333333,153.93166666666667,1623.629175,0.0,101.68275,0.0,282.70500000000004,0.0,0.52,0.0,43.425,7.64,-1623.65,-101.7,-282.7,-0.5,-35.775,-1968.05,5.025,5.2775,5.48,5.2125,164.75,164.75,164.75,165.75,6.725,4.875,1001.375,1.254775,51.0,9.45,41.55,79.175,100.0,1.8,-0.5,1.5,96.5,1003.55,8.0,100.0,9.5,147.5,10.0,0.0,0.0,238301.0,453080.0,634391.0,28.41,22.65,-0.7071067811865471,-0.7071067811865479,0.43388373911755823,-0.900968867902419,0.49999999999999994,0.8660254037844387,247.355,111.72999999999999,69.7675,140.74739583333334,63.87741242989341,225.0
2026-01-08 16:00:00+00:00,225.0,17.0,3.0,1.0,False,False,True,True,False,11895.2745,15295.451468750001,18.666666666666668,256.06666666666666,1766.2666775,0.0,119.59225,0.0,0.0,0.0,164.7175,0.0,219.425,0.0,-1766.25,-119.6,-204.75,-164.725,-219.425,-2180.325,5.6775,5.935,6.157500000000001,5.8825,154.5,155.25,155.25,156.5,7.225,4.75,1000.5,1.2542499999999999,6.25,0.0,6.25,0.0,96.75,0.8,-2.0,0.4,97.5,1002.085,9.0,100.0,11.5,132.5,24.0,0.0,5.0,0.0,156274.0,257606.0,28.41,22.65,-0.8660254037844384,-0.5000000000000004,0.43388373911755823,-0.900968867902419,0.49999999999999994,0.8660254037844387,248.26,124.255,85.5975,144.94510416666665,66.02076481436342,194.115
2026-01-08 17:00:00+00:00,194.115,18.0,3.0,1.0,False,False,True,True,False,11635.07675,14686.7739375,16.666666666666668,323.305,3216.9325075,0.0,824.34275,0.0,31.7075,0.0,104.7125,0.0,284.6375,0.0,-3216.925,-824.3,-126.8,-104.7,-284.65,-3844.0750000000003,6.705,7.1625,7.4375,7.055,146.0,147.0,147.25,152.25,8.275,4.65,999.625,1.253575,0.0,0.0,0.0,0.0,100.0,0.6,-3.0,0.25,96.5,1001.28,8.0,100.0,12.0,127.5,21.0,0.0,0.0,0.0,656275.375,900661.0,28.41,22.65,-0.9659258262890683,-0.25881904510252063,0.43388373911755823,-0.900968867902419,0.49999999999999994,0.8660254037844387,225.0,111.455,77.96,148.3892708333333,66.35295893143045,135.715
2026-01-08 18:00:00+00:00,135.715,19.0,3.0,1.0,False,False,True,True,False,11207.56275,14078.09640625,7.438,12.721666666666666,3643.3883175,0.0,326.4505,0.0,585.08,0.0,324.9375,0.0,678.8050000000001,0.0,-3643.4,-326.5,-585.1,-324.95,-678.8,-5313.825,8.31,8.95,9.29,9.1075,149.75,150.0,150.0,152.25,10.2,4.2,998.35,1.254,0.0,0.0,0.0,0.0,99.0,0.7000000000000001,-3.5,0.4,97.5,1000.225,8.0,100.0,14.5,125.0,20.0,0.0,0.0,0.0,1156276.75,1543716.0,28.41,22.65,-1.0,-1.8369701987210297e-16,0.43388373911755823,-0.900968867902419,0.49999999999999994,0.8660254037844387,194.115,96.85,73.8,150.00864583333333,65.50932636879311,99.145
2026-01-08 19:00:00+00:00,99.145,20.0,3.0,1.0,False,False,True,True,False,10958.08475,13469.418875,5.322166666666666,4.751666666666667,4757.2284375,0.0,0.0,220.765,641.1175000000001,0.0,417.905,0.0,666.9725000000001,0.0,-4757.25,220.8,-641.1,-417.925,-666.975,-6428.05,8.985,9.855,10.26,10.34,143.0,143.5,143.75,146.5,11.1,4.05,996.875,1.252825,0.0,0.0,0.0,0.0,100.0,0.9,-3.5,0.65,98.0,998.665,7.5,100.0,17.5,122.5,24.0,0.0,5.0,0.0,1656278.125,2186771.0,28.41,22.65,-0.9659258262890684,0.2588190451025203,0.43388373911755823,-0.900968867902419,0.49999999999999994,0.8660254037844387,135.715,90.62,67.57249999999999,150.36385416666667,65.19566650450754,91.2975
2026-01-08 20:00:00+00:00,91.2975,21.0,3.0,1.0,False,False,True,True,False,10803.02275,12860.74134375,3.8026666666666666,-147.19666666666666,2844.71466,571.88325,207.538,3.76,649.09,0.0,1017.5575,0.0,695.835,0.0,-2272.85,-203.8,-649.1,-1017.55,-695.85,-4686.25,10.085,11.305,11.7625,12.22,126.5,128.0,127.75,131.25,12.774999999999999,3.9749999999999996,995.325,1.251225,0.0,0.0,0.0,0.0,100.0,1.35,-3.5,1.0,97.0,997.0150000000001,8.0,100.0,20.5,117.5,21.0,0.0,10.0,0.0,2156279.5,2829826.0,28.41,22.65,-0.8660254037844386,0.5000000000000001,0.43388373911755823,-0.900968867902419,0.49999999999999994,0.8660254037844387,99.145,92.75,61.199999999999996,150.30333333333334,65.25212423939662,88.3675
2026-01-08 21:00:00+00:00,88.3675,22.0,3.0,1.0,False,False,True,True,False,10514.0725,12252.0638125,2.7135000000000002,-79.825,1511.2275075,1638.1125,371.871,0.0,645.0375,0.0,1068.6625,0.0,686.1725,0.0,126.89999999999999,-371.9,-645.025,-1068.65,-686.1750000000001,-2365.9500000000003,11.9775,13.525,14.065,14.5775,121.25,122.25,122.25,124.75,15.15,4.025,993.425,1.2486000000000002,0.0,0.0,0.0,0.0,100.0,1.5,-3.5,1.1,97.0,995.39,8.0,100.0,21.0,120.0,30.0,0.0,10.0,0.0,2656280.875,3472881.0,28.41,22.65,-0.7071067811865477,0.7071067811865474,0.43388373911755823,-0.900968867902419,0.49999999999999994,0.8660254037844387,91.2975,90.98,61.805,150.19447916666667,65.35748475142066,78.265
2026-01-08 22:00:00+00:00,78.265,23.0,3.0,1.0,False,False,True,True,False,10196.80625,11643.38628125,4.329916666666666,-9.653333333333334,2143.7916999999998,1309.7424999999998,264.621,0.0,472.13500000000005,0.0,882.6475,0.0,551.8475000000001,0.0,-834.0500000000001,-264.6,-472.15000000000003,-882.625,-551.825,-2806.85,12.925,14.575000000000001,15.19,15.42,119.0,120.5,120.25,122.0,16.424999999999997,3.825,991.425,1.2469999999999999,0.0,0.0,0.0,0.0,100.0,1.5,-4.0,1.15,97.0,993.39,7.5,100.0,22.0,115.0,32.5,0.0,10.0,0.0,3156282.25,4115936.0,28.41,22.65,-0.5000000000000004,0.8660254037844384,0.43388373911755823,-0.900968867902419,0.49999999999999994,0.8660254037844387,88.3675,87.3275,47.7875,149.816875,65.76142306643655,78.8775
2026-01-08 23:00:00+00:00,78.8775,0.0,4.0,1.0,False,False,True,True,False,10107.912,11034.70875,6.236083333333332,110.05166666666668,173.4975025,1631.7575,1223.585,0.0,554.72,0.0,1023.2275,0.0,547.0,0.0,1458.275,-1223.6,-554.7,-1023.25,-546.975,-972.5999999999999,13.0425,14.61,15.175,15.280000000000001,119.0,120.75,120.75,123.0,17.05,3.775,989.825,1.2452,0.0,0.0,0.0,0.0,100.0,1.15,-4.5,1.05,98.0,991.165,4.5,100.0,24.0,110.0,44.5,0.0,10.0,0.0,3656283.625,4758991.0,28.41,22.65,-0.25881904510252157,0.9659258262890681,0.43388373911755823,-0.900968867902419,0.49999999999999994,0.8660254037844387,78.265,83.505,28.1,149.6240625,65.97075356126838,70.6675
2026-01-09 00:00:00+00:00,70.6675,1.0,4.0,1.0,False,False,True,True,False,9984.07925,10520.39925,16.115166666666667,365.6,0.0,2223.417505,1615.30825,0.0,545.5799999999999,0.0,1023.3425,0.0,642.83,0.0,2223.4,-1615.3,-545.575,-1023.35,-642.825,-392.15000000000003,13.23,15.06,15.695,16.29,114.0,116.25,116.25,123.25,18.0,3.925,987.875,1.242075,0.0,0.0,0.0,0.0,100.0,1.1,-4.5,0.95,98.5,988.815,4.5,100.0,27.5,110.0,49.0,0.0,10.0,0.0,4156285.0,5402046.0,28.77,22.65,0.0,1.0,-0.433883739117558,-0.9009688679024191,0.49999999999999994,0.8660254037844387,78.8775,82.38,16.625,149.13604166666667,66.53076645643597,54.055
2026-01-09 01:00:00+00:00,54.055,2.0,4.0,1.0,False,False,True,True,False,9848.16075,10700.29525,6.271916666666667,103.81166666666667,0.0,2426.33332,1554.195,0.0,549.4025,0.0,1022.985,0.0,567.2,0.0,2426.3250000000003,-1554.2,-549.425,-1023.0,-567.2,-101.82499999999999,13.4525,15.73,16.377499999999998,16.5525,118.75,122.75,122.75,127.75,17.725,4.525,986.45,1.23765,0.0,0.0,0.0,0.0,100.0,1.0,-5.0,0.8500000000000001,97.5,987.005,4.5,100.0,27.5,110.0,49.0,0.0,10.0,0.0,4072280.0,5491600.0,28.77,22.65,0.25881904510252074,0.9659258262890683,-0.433883739117558,-0.9009688679024191,0.49999999999999994,0.8660254037844387,70.6675,84.52250000000001,14.995000000000001,147.86656250000001,68.0896797462112,46.5775
2026-01-09 02:00:00+00:00,46.5775,3.0,4.0,1.0,False,False,True,True,False,9866.63075,11009.71025,4.00775,23.666666666666668,0.0,2585.1966725,1509.17625,0.0,606.7574999999999,0.0,1023.315,0.0,548.9350000000001,0.0,2585.2,-1509.2,-606.775,-1023.35,-548.9,28.875000000000014,13.635,16.0325,16.67,17.325000000000003,119.75,122.75,122.75,126.75,18.1,4.475,984.775,1.2358,0.0,0.0,0.0,0.0,100.0,1.3,-4.5,1.1,98.0,985.515,5.5,99.0,26.5,115.0,49.0,0.0,10.0,0.0,4096399.0,5272509.0,28.77,22.65,0.49999999999999994,0.8660254037844387,-0.433883739117558,-0.9009688679024191,0.49999999999999994,0.8660254037844387,54.055,82.4725,8.817499999999999,146.3709375,69.95716345678878,47.845
2026-01-09 03:00:00+00:00,47.845,4.0,4.0,1.0,False,False,True,True,False,9962.119,11097.7165,2.654333333333333,-34.248333333333335,0.0,2688.8991625,1831.87625,0.0,619.9024999999999,0.0,1022.985,0.0,171.03,6.745,2688.8999999999996,-1831.9,-619.9,-1023.0,-164.275,423.75,13.9925,16.385,17.0625,17.75,122.0,123.5,123.5,126.25,18.725,4.6,983.075,1.2330999999999999,0.0,0.0,0.0,0.0,78.75,1.75,-3.5,1.55,98.5,984.19,6.5,95.5,22.5,127.5,37.5,0.0,10.0,0.0,4119141.0,5224750.0,28.77,22.65,0.7071067811865475,0.7071067811865476,-0.433883739117558,-0.9009688679024191,0.49999999999999994,0.8660254037844387,46.5775,85.0575,10.0025,144.82041666666666,71.76423734545911,57.662499999999994
2026-01-09 04:00:00+00:00,57.662499999999994,5.0,4.0,1.0,False,False,True,True,False,10166.74075,11379.80975,3.2079166666666667,-51.083333333333336,0.0,2427.5300025,2022.48775,0.0,273.905,0.0,1023.1825,0.0,0.0,605.685,2427.575,-2022.5,-365.2,-1023.2249999999999,605.675,1230.475,13.705,15.8375,16.48,16.995,119.75,121.25,121.5,124.0,18.424999999999997,4.7,981.725,1.23095,0.0,0.0,0.0,0.0,85.75,2.4,-2.5,2.3,99.0,982.8399999999999,5.5,82.5,21.0,132.5,22.5,0.0,10.0,0.0,4038158.0,5345011.0,28.77,22.65,0.8660254037844386,0.5000000000000001,-0.433883739117558,-0.9009688679024191,0.49999999999999994,0.8660254037844387,47.845,87.1575,15.555,143.59145833333335,73.03592769076317,77.72
2026-01-09 05:00:00+00:00,77.72,6.0,4.0,1.0,False,False,True,True,False,10670.042,11984.69925,5.476833333333333,67.84833333333333,0.0,1992.2808275,857.38725,0.0,0.0,90.225,1023.3399999999999,0.0,88.76,103.36,1992.3,-857.4,120.3,-1023.35,14.599999999999994,859.425,13.26,15.2725,15.88,16.465,116.25,118.0,118.0,124.25,17.8,4.425,980.875,1.231075,0.0,0.0,0.0,0.0,100.0,2.75,-2.0,2.5,98.0,981.69,7.5,86.5,21.0,125.0,20.0,0.0,10.0,0.0,3943834.0,5254750.0,28.77,22.65,0.9659258262890683,0.25881904510252074,-0.433883739117558,-0.9009688679024191,0.49999999999999994,0.8660254037844387,57.662499999999994,96.69,29.845,142.80104166666666,73.66551399487177,89.19
2026-01-09 06:00:00+00:00,89.19,7.0,4.0,1.0,False,False,True,True,False,11462.0895,13331.182,4.8542499999999995,2.8,0.0,2466.9999975,1289.71075,0.0,0.0,24.785,1013.92,0.0,440.645,0.0,2467.0,-1289.7,99.1,-1013.925,-440.675,714.7750000000001,13.325,15.2425,15.91,16.235,110.0,111.75,111.75,117.5,17.975,4.375,980.65,1.231025,0.0,0.0,0.0,0.0,100.0,3.05,-1.5,2.55,96.5,980.84,8.5,97.0,21.5,127.5,22.5,0.0,10.0,0.0,3764487.0,4948323.0,28.77,22.65,1.0,6.123233995736766e-17,-0.433883739117558,-0.9009688679024191,0.49999999999999994,0.8660254037844387,77.72,124.69,53.705,141.321875,74.3977578088461,92.62
2026-01-09 07:00:00+00:00,92.62,8.0,4.0,1.0,False,False,True,True,False,12481.842,14708.921,3.5298333333333334,-73.65166666666667,0.0,2187.9283425,1447.36075,0.0,0.0,12.94,783.375,0.0,109.07249999999999,14.9375,2187.925,-1447.4,51.8,-783.4,-94.125,961.5250000000001,12.9525,14.92,15.6025,15.95,102.25,103.75,104.0,108.25,17.675,4.05,980.975,1.232875,0.0,0.0,0.0,0.0,100.0,2.95,-1.5,2.5,96.5,980.2950000000001,8.0,100.0,22.5,122.5,25.0,0.0,10.0,0.0,3686248.0,5094565.0,28.77,22.65,0.9659258262890683,-0.25881904510252063,-0.433883739117558,-0.9009688679024191,0.49999999999999994,0.8660254037844387,89.19,167.815,77.065,138.18875,74.81571506113352,92.28
2026-01-09 08:00:00+00:00,92.28,9.0,4.0,1.0,False,False,True,True,False,12974.07975,15268.364,6.05975,-4.676666666666667,0.0,1528.4351675,1352.52175,0.0,0.0,470.485,753.1075000000001,0.0,0.0,637.64,1528.45,-1352.5,470.475,-753.1,637.625,1545.3249999999998,12.3925,14.185,14.83,15.1075,90.0,91.5,91.75,95.25,17.225,4.025,981.7,1.233875,0.0,0.0,0.0,0.0,100.0,2.8499999999999996,-2.0,2.5,97.5,980.095,7.5,100.0,22.0,110.0,35.0,0.0,10.0,102487.0,3321312.0,5165272.0,28.77,22.65,0.8660254037844387,-0.49999999999999983,-0.433883739117558,-0.9009688679024191,0.49999999999999994,0.8660254037844387,92.62,191.9025,92.0,134.0378125,74.46881976018022,103.0575
2026-01-09 09:00:00+00:00,103.0575,10.0,4.0,1.0,False,False,True,True,False,12436.4125,15162.537250000001,7.4205000000000005,159.02333333333334,0.0,2078.11741,2044.50425,0.0,0.0,614.86,1024.2175,0.0,0.0,690.37,2078.125,-2044.5,614.875,-1024.225,690.375,1848.025,12.1625,13.9,14.5075,14.615,77.25,78.5,78.5,81.0,16.35,4.125,982.45,1.234375,7.25,0.0,7.25,0.0,100.0,2.85,-1.5,2.45,97.0,979.95,8.0,100.0,21.5,95.0,37.5,0.0,10.0,759464.0,2877293.0,5197990.0,28.77,22.65,0.7071067811865476,-0.7071067811865475,-0.433883739117558,-0.9009688679024191,0.49999999999999994,0.8660254037844387,92.28,205.64999999999998,71.0025,129.763125,73.11154109977245,103.4075
2026-01-09 10:00:00+00:00,103.4075,11.0,4.0,1.0,False,False,True,True,False,11691.8005,15232.59425,4.261333333333334,-132.915,0.0,2305.8974175000003,2139.3945,0.0,0.0,621.4,1022.995,0.0,0.0,689.9575,2305.9,-2139.4,621.4,-1023.0,689.95,2059.425,12.23,14.0825,14.705,14.8025,70.5,71.5,71.75,73.0,16.325,4.15,983.2,1.235225,15.0,0.0,15.0,0.0,100.0,2.9000000000000004,-1.5,2.4000000000000004,96.5,979.835,9.0,100.0,21.5,85.0,35.0,0.0,10.0,1259624.0,2717252.0,5160901.0,28.77,22.65,0.49999999999999994,-0.8660254037844387,-0.433883739117558,-0.9009688679024191,0.49999999999999994,0.8660254037844387,103.0575,207.8,67.21000000000001,125.41343749999999,71.35113159050769,95.5925
2026-01-09 11:00:00+00:00,95.5925,12.0,4.0,1.0,False,False,True,True,False,11291.74675,15203.731,7.356333333333334,106.04666666666667,0.0,2503.1852424999997,2642.455,0.0,0.0,594.75,1024.095,0.0,0.0,622.7075,2503.175,-2642.5,594.75,-1024.125,622.725,2035.925,11.7875,13.58,14.175,14.2625,64.25,64.5,64.75,67.0,16.075,4.1,983.975,1.236425,32.75,1.0,31.75,4.275,100.0,2.65,-2.0,2.2,97.0,979.815,8.0,100.0,23.5,77.5,37.5,0.0,10.0,1669054.0,2596450.0,5190601.0,28.77,22.65,0.258819045102521,-0.9659258262890682,-0.433883739117558,-0.9009688679024191,0.49999999999999994,0.8660254037844387,103.4075,214.435,58.0025,120.46166666666666,68.9891612220587,93.75999999999999
2026-01-09 12:00:00+00:00,93.75999999999999,13.0,4.0,1.0,False,False,True,True,False,11193.044,15119.0905,9.251,219.1616666666667,0.0,2104.69873,2151.05975,0.0,0.0,566.9225,1023.8925,0.0,0.0,602.795,2104.7,-2151.1,566.9,-1023.925,602.825,1712.775,11.915,13.625,14.175,14.157499999999999,145.0,145.75,145.75,148.0,15.7,4.175,984.75,1.237075,37.75,1.975,35.775,7.4,100.0,2.5,-2.5,2.4,99.0,980.015,5.5,100.0,21.5,67.5,32.5,0.0,10.0,1430243.0,2845303.0,5361594.0,28.77,22.65,1.2246467991473532e-16,-1.0,-0.433883739117558,-0.9009688679024191,0.49999999999999994,0.8660254037844387,95.5925,225.0,68.535,114.99333333333334,65.45348571474374,94.0375
2026-01-09 13:00:00+00:00,94.0375,14.0,4.0,1.0,False,False,True,True,False,11885.8595,15199.13675,7.174333333333333,82.62666666666668,0.0,2415.6376725,2297.49675,0.0,0.0,614.63,1022.04,0.0,0.0,583.75,2415.625,-2297.5,614.625,-1022.05,583.75,2017.575,12.2525,14.1225,14.7,14.815,142.75,143.25,143.25,144.75,16.25,3.925,985.725,1.239425,55.25,9.299999999999999,45.95,35.175000000000004,91.5,2.35,-2.0,2.1500000000000004,98.0,980.63,6.5,100.0,20.0,57.5,30.0,0.0,10.0,1063802.0,2972385.0,5463790.0,28.77,22.65,-0.2588190451025208,-0.9659258262890683,-0.433883739117558,-0.9009688679024191,0.49999999999999994,0.8660254037844387,93.75999999999999,249.0075,72.0575,108.53625000000001,58.9820710046707,90.96000000000001
2026-01-09 14:00:00+00:00,90.96000000000001,15.0,4.0,1.0,False,False,True,True,False,12816.246000000001,15314.65125,8.263333333333332,190.65666666666667,0.0,1528.66267,1695.0975,0.0,0.0,622.5474999999999,983.255,0.0,0.0,697.04,1528.65,-1695.1,622.55,-983.225,697.0,1441.25,12.2775,14.0175,14.592500000000001,14.7075,141.75,142.25,142.25,142.75,16.299999999999997,3.6999999999999997,986.875,1.241875,62.0,14.1,47.9,65.175,100.0,2.3,-2.0,2.15,98.5,981.475,6.5,100.0,19.0,47.5,25.0,0.0,10.0,552188.0,2985605.0,5547546.0,28.77,22.65,-0.4999999999999998,-0.8660254037844388,-0.433883739117558,-0.9009688679024191,0.49999999999999994,0.8660254037844387,94.0375,247.355,80.52250000000001,102.01979166666668,51.08964236535564,91.575
2026-01-09 15:00:00+00:00,91.575,16.0,4.0,1.0,False,False,True,True,False,13457.79925,15325.105333333333,8.348333333333333,263.135,0.0,1209.46,1346.735,0.0,0.0,621.64,1013.12,0.0,0.0,695.7674999999999,1209.475,-1346.7,621.65,-1013.125,695.775,1177.05,12.26,14.002500000000001,14.575,14.6375,139.0,139.5,139.5,140.25,16.175,3.5999999999999996,988.175,1.24395,27.75,2.525,25.225,18.15,100.0,2.3499999999999996,-2.0,2.15,98.5,982.75,6.5,100.0,19.5,30.0,25.0,0.0,10.0,95301.0,2976398.0,5553660.0,28.77,22.65,-0.7071067811865471,-0.7071067811865479,-0.433883739117558,-0.9009688679024191,0.49999999999999994,0.8660254037844387,90.96000000000001,248.26,86.0775,95.49125,40.504136342719086,94.0
2026-01-09 16:00:00+00:00,94.0,17.0,4.0,1.0,False,False,True,True,False,13717.256000000001,14945.938604166666,9.593333333333334,351.615,169.3549925,982.0730000000001,1152.065,0.0,0.0,613.225,786.0350000000001,0.0,0.0,697.235,812.725,-1152.1,613.225,-786.0250000000001,697.225,1049.125,11.955,13.555,14.120000000000001,14.19,138.25,139.0,139.0,139.75,16.075,3.425,989.45,1.2463250000000001,4.75,0.075,4.675,0.95,100.0,0.6000000000000001,-4.5,0.30000000000000004,97.5,984.94,7.0,100.0,19.5,50.0,30.0,0.0,5.0,0.0,1052966.0,1827410.0,28.77,22.65,-0.8660254037844384,-0.5000000000000004,-0.433883739117558,-0.9009688679024191,0.49999999999999994,0.8660254037844387,91.575,225.0,108.085,90.03291666666667,29.67074553461238,91.8775
2026-01-09 17:00:00+00:00,91.8775,18.0,4.0,1.0,False,False,True,True,False,13067.73025,14566.771875,5.69575,-15.32,16.5541675,1263.7099975,1579.7875,0.0,0.0,487.355,776.2,0.0,0.0,431.005,1247.15,-1579.8,487.35,-776.2,431.0,994.375,12.09,13.7625,14.335,14.3975,139.75,140.0,140.0,140.25,15.9,3.25,990.65,1.248625,0.0,0.0,0.0,0.0,100.0,0.4,-4.5,0.15000000000000002,97.5,986.0799999999999,6.5,100.0,19.5,42.5,15.0,0.0,5.0,0.0,1346819.25,2268868.125,28.77,22.65,-0.9659258262890683,-0.25881904510252063,-0.433883739117558,-0.9009688679024191,0.49999999999999994,0.8660254037844387,94.0,194.115,111.1025,85.77302083333332,19.76263882853065,87.52250000000001
2026-01-09 18:00:00+00:00,87.52250000000001,19.0,4.0,1.0,False,False,True,True,False,12559.03025,14187.605145833333,3.6401666666666666,-240.3,214.9716625,1471.670835,1235.915,0.0,0.0,388.55,843.825,0.0,0.0,527.2075,1256.7,-1235.9,388.525,-843.825,527.2,1019.625,12.0125,13.695,14.254999999999999,14.3025,139.0,139.75,139.75,140.25,16.275,3.0,991.825,1.25125,0.0,0.0,0.0,0.0,100.0,0.19999999999999996,-5.0,-0.09999999999999998,97.0,987.45,7.0,100.0,21.5,32.5,22.5,0.0,10.0,0.0,1640672.5,2710326.25,28.77,22.65,-1.0,-1.8369701987210297e-16,-0.433883739117558,-0.9009688679024191,0.49999999999999994,0.8660254037844387,91.8775,135.715,104.1,83.765,16.674650638410743,85.2
2026-01-09 19:00:00+00:00,85.2,20.0,4.0,1.0,False,False,True,True,False,12286.8675,13808.438416666668,5.24875,24.216666666666665,42.2616675,1863.903335,1719.8525,0.0,0.0,47.347500000000004,971.5375,0.0,0.0,696.4275,1821.65,-1719.9,94.69999999999999,-971.525,696.45,1163.95,11.795,13.3875,13.905000000000001,13.9425,48.75,139.0,139.25,139.25,15.9,2.8,993.0,1.25365,0.0,0.0,0.0,0.0,100.0,-0.1499999999999999,-6.0,-0.4999999999999999,97.5,988.5799999999999,8.0,100.0,23.5,30.0,30.0,0.0,10.0,0.0,1934525.75,3151784.375,28.77,22.65,-0.9659258262890684,0.2588190451025203,-0.433883739117558,-0.9009688679024191,0.49999999999999994,0.8660254037844387,87.52250000000001,99.145,90.705,83.18395833333334,16.355325683568267,85.6
2026-01-09 20:00:00+00:00,85.6,21.0,4.0,1.0,False,False,True,True,False,11958.912,13429.2716875,5.4270000000000005,65.71666666666667,0.0,1957.3841675,1393.9975,0.0,0.0,38.45,1029.3775,0.0,0.0,700.04,1957.375,-1394.0,76.9,-1029.375,700.05,1318.0,11.92,13.4825,14.04,14.045,136.25,136.25,136.25,136.5,15.825,2.75,994.2,1.2554,0.0,0.0,0.0,0.0,100.0,-0.19999999999999996,-6.0,-0.9500000000000001,94.0,990.0,11.0,100.0,23.5,30.0,30.0,0.0,10.0,0.0,2228379.0,3593242.5,28.77,22.65,-0.8660254037844386,0.5000000000000001,-0.433883739117558,-0.9009688679024191,0.49999999999999994,0.8660254037844387,85.2,91.2975,84.6525,82.9465625,16.27358320174733,85.0
2026-01-09 21:00:00+00:00,85.0,22.0,4.0,1.0,False,False,True,True,False,11598.6845,13050.104958333333,6.376916666666667,94.36833333333334,0.0,1724.10917,1580.7725,0.0,0.0,282.835,1024.5575,0.0,0.0,700.285,1724.1,-1580.8,282.825,-1024.575,700.3,1287.475,12.07,13.6525,14.197500000000002,14.2425,138.0,138.0,138.25,138.5,16.125,2.5749999999999997,995.475,1.2578,0.0,0.0,0.0,0.0,100.0,-0.6499999999999999,-6.5,-1.3,95.5,991.4100000000001,10.0,100.0,23.5,30.0,30.0,0.0,10.0,0.0,2522232.25,4034700.625,28.77,22.65,-0.7071067811865477,0.7071067811865474,-0.433883739117558,-0.9009688679024191,0.49999999999999994,0.8660254037844387,85.6,88.3675,86.12,82.80624999999999,16.23929249235267,78.2275
2026-01-09 22:00:00+00:00,78.2275,23.0,4.0,1.0,False,False,True,True,False,11349.63175,12670.938229166668,3.3901666666666666,-36.485,0.0,1764.0850175,1859.435,0.0,0.0,245.14499999999998,1030.6675,0.0,0.0,698.6925,1764.0749999999998,-1859.4,245.15,-1030.65,698.7,1212.375,12.01,13.5975,14.14,14.21,138.75,48.75,48.75,48.5,16.1,2.45,996.5,1.2596500000000002,0.0,0.0,0.0,0.0,100.0,-1.1,-7.5,-1.8,94.5,992.65,10.5,100.0,23.5,30.0,22.5,0.0,10.0,0.0,2816085.5,4476158.75,28.77,22.65,-0.5000000000000004,0.8660254037844384,-0.433883739117558,-0.9009688679024191,0.49999999999999994,0.8660254037844387,85.0,78.265,81.8575,82.8046875,16.239750234219887,75.16499999999999
2026-01-09 23:00:00+00:00,75.16499999999999,0.0,5.0,1.0,True,False,False,True,False,12104.914499999999,12291.7715,4.588833333333334,-15.271666666666667,0.0,2119.250825,2193.6575,0.0,0.0,400.1175,1052.5149999999999,0.0,0.0,682.95,2119.25,-2193.7,400.15,-1052.5,682.95,1601.3999999999999,12.3625,14.0775,14.6475,14.7725,136.0,134.75,134.75,135.0,16.575,2.1,998.3,1.263525,0.0,0.0,0.0,0.0,99.0,-1.6,-8.0,-2.25,94.5,993.9,11.0,100.0,23.5,32.5,25.0,0.0,10.0,0.0,3109938.75,4917616.875,28.77,22.65,-0.25881904510252157,0.9659258262890681,-0.433883739117558,-0.9009688679024191,0.49999999999999994,0.8660254037844387,78.2275,78.8775,80.9,82.64999999999999,16.296366576233012,69.84
2026-01-10 00:00:00+00:00,69.84,1.0,5.0,1.0,True,False,False,True,False,11807.2665,12043.0895,5.117500000000001,23.48166666666667,0.0,2223.4616575,1992.7,0.0,0.0,91.995,1081.025,0.0,0.0,674.92,2223.45,-1992.7,184.0,-1081.025,674.9,1411.175,12.8775,14.6675,15.252500000000001,15.3225,48.25,48.0,48.0,48.0,17.175,2.025,999.425,1.2652999999999999,0.0,0.0,0.0,0.0,100.0,-2.05,-8.5,-2.75,94.5,995.105,11.5,100.0,23.5,32.5,25.0,0.0,10.0,0.0,3403792.0,5359075.0,28.77,22.65,0.0,1.0,-0.9749279121818236,-0.2225209339563146,0.49999999999999994,0.8660254037844387,75.16499999999999,70.6675,78.3825,82.61552083333333,16.323673426012913,66.2375
2026-01-10 01:00:00+00:00,66.2375,2.0,5.0,1.0,True,False,False,True,False,11594.74825,11898.687,6.7365,88.79666666666667,0.0,2049.81667,1707.65,0.0,44.95,0.0,1078.055,0.0,0.0,650.095,2049.825,-1707.7,-89.9,-1078.05,650.1,1150.0,12.29,13.9475,14.5025,14.572499999999998,49.0,49.5,49.5,49.5,16.15,1.975,1000.5,1.266875,0.0,0.0,0.0,0.0,100.0,-2.5999999999999996,-9.0,-3.25,94.5,996.505,11.0,100.0,23.5,35.0,20.0,0.0,10.0,0.0,3352092.0,5272508.0,28.77,22.65,0.25881904510252074,0.9659258262890683,-0.9749279121818236,-0.2225209339563146,0.49999999999999994,0.8660254037844387,69.84,54.055,75.97,83.123125,15.568900931756042,66.535
2026-01-10 02:00:00+00:00,66.535,3.0,5.0,1.0,True,False,False,True,False,11312.678,11650.465000000002,5.957,116.90833333333333,0.0,2609.75001,2483.3275,0.0,0.0,0.10541975,1077.0166666666667,0.0,0.0,486.855,2609.775,-2483.3,0.4,-1077.0,486.85,1668.1,11.559999999999999,12.9875,13.4825,13.5225,52.0,51.5,51.5,51.5,15.524999999999999,1.55,1001.9,1.27065,0.0,0.0,0.0,0.0,100.0,-3.0,-9.5,-3.4,96.0,997.975,9.5,100.0,23.5,35.0,20.0,0.0,10.0,0.0,3405695.0,5238584.0,28.77,22.65,0.49999999999999994,0.8660254037844387,-0.9749279121818236,-0.2225209339563146,0.49999999999999994,0.8660254037844387,66.2375,46.5775,75.0025,83.95468749999999,13.984421190718283,66.5125
2026-01-10 03:00:00+00:00,66.5125,4.0,5.0,1.0,True,False,False,True,False,11350.62175,11581.50625,6.058000000000001,109.445,0.0,2513.980845,2654.5025,0.0,0.0,0.0,1074.7375,0.0,0.0,694.5425,2513.975,-2654.5,-74.1,-1074.725,694.525,1470.1750000000002,12.044999999999998,13.525,14.03,14.0225,51.5,51.25,51.25,51.0,15.975,1.5499999999999998,1003.1,1.2721749999999998,0.0,0.0,0.0,0.0,100.0,-3.0999999999999996,-10.0,-3.5999999999999996,95.0,999.15,10.0,100.0,24.0,35.0,25.0,0.0,10.0,0.0,3534632.0,5080892.0,28.77,22.65,0.7071067811865475,0.7071067811865476,-0.9749279121818236,-0.2225209339563146,0.49999999999999994,0.8660254037844387,66.535,47.845,73.195,84.7325,12.307250227089014,68.9775
2026-01-10 04:00:00+00:00,68.9775,5.0,5.0,1.0,True,False,False,True,False,11560.157500000001,11587.3155,6.0,60.13666666666666,0.0,2139.989165,2091.6925,0.0,111.45,0.0,1073.5425,0.0,0.0,538.915,2139.975,-2091.7,-148.6,-1073.55,538.95,970.975,11.505,12.8225,13.325,13.337499999999999,51.75,51.75,52.0,51.5,15.350000000000001,1.55,1004.275,1.27365,0.0,0.0,0.0,0.0,99.25,-3.3,-10.0,-3.75,96.0,1000.4100000000001,9.0,100.0,22.5,37.5,22.5,0.0,10.0,0.0,3654571.0,5088424.0,28.77,22.65,0.8660254037844386,0.5000000000000001,-0.9749279121818236,-0.2225209339563146,0.49999999999999994,0.8660254037844387,66.5125,57.662499999999994,75.0375,85.20395833333333,11.409138140407139,71.63
2026-01-10 05:00:00+00:00,71.63,6.0,5.0,1.0,True,False,False,True,False,11887.76025,11842.19075,4.096916666666667,3.83,0.0,2121.1858325,2199.225,0.0,9.135,89.825,1073.6575,0.0,0.0,690.0975,2121.175,-2199.2,107.60000000000001,-1073.65,690.1,1268.525,11.81,13.1675,13.672500000000001,13.682500000000001,53.0,52.75,53.0,53.25,15.7,1.45,1005.4,1.275525,0.0,0.0,0.0,0.0,100.0,-3.45,-10.0,-4.15,95.0,1001.78,10.5,100.0,22.5,37.5,30.0,0.0,10.0,0.0,3683143.0,5157482.0,28.77,22.65,0.9659258262890683,0.25881904510252074,-0.9749279121818236,-0.2225209339563146,0.49999999999999994,0.8660254037844387,68.9775,77.72,76.0725,84.95020833333334,11.648047674551814,78.0
2026-01-10 06:00:00+00:00,78.0,7.0,5.0,1.0,True,False,False,True,False,12475.0925,12506.433,2.4644166666666667,-89.71666666666667,0.0,1928.1141675,1967.835,0.0,0.0,439.06,1072.175,0.0,0.0,619.625,1928.1,-1967.8,439.05,-1072.15,619.625,1422.675,11.8,13.1025,13.6075,13.575,55.5,55.0,55.0,54.75,15.675,1.5250000000000001,1006.525,1.2766250000000001,0.0,0.0,0.0,0.0,83.75,-3.75,-10.0,-4.55,94.0,1003.2349999999999,11.5,100.0,22.5,42.5,27.5,0.0,10.0,0.0,3936320.0,5302175.0,28.77,22.65,1.0,6.123233995736766e-17,-0.9749279121818236,-0.2225209339563146,0.49999999999999994,0.8660254037844387,71.63,89.19,79.375,84.48395833333333,11.694821524854365,86.0525
2026-01-10 07:00:00+00:00,86.0525,8.0,5.0,1.0,True,False,False,True,False,13235.5235,13137.4865,4.523083333333333,-24.973333333333336,0.0,1704.1207650000001,2809.85,0.0,0.0,543.9325,1056.2975,0.0,0.0,569.715,1704.125,-2809.8,543.95,-1056.3,569.725,1059.0,11.8825,13.209999999999999,13.692499999999999,13.705,56.75,56.75,56.75,56.25,15.55,1.525,1007.725,1.278125,0.0,0.0,0.0,0.0,99.5,-4.05,-11.0,-4.949999999999999,93.5,1004.76,12.0,100.0,23.5,45.0,20.0,0.0,10.0,0.0,3903425.0,5195739.0,28.77,22.65,0.9659258262890683,-0.25881904510252063,-0.9749279121818236,-0.2225209339563146,0.49999999999999994,0.8660254037844387,78.0,92.62,90.69,84.2103125,11.572365023410853,91.0925
2026-01-10 08:00:00+00:00,91.0925,9.0,5.0,1.0,True,False,False,True,False,13747.7085,14176.13375,2.8770000000000002,-226.64666666666665,0.0,1411.058665,3106.1175,0.0,0.0,541.3924999999999,797.1225,0.0,62.6375,55.16,1411.075,-3106.1,541.4,-797.125,-7.450000000000003,371.32500000000005,11.442499999999999,12.620000000000001,13.095,13.0675,60.0,59.75,59.75,60.0,15.399999999999999,1.475,1009.275,1.280325,0.25,0.0,0.25,0.0,88.75,-4.2,-11.5,-5.2,92.5,1006.56,12.0,100.0,23.5,47.5,20.0,0.0,10.0,268352.0,3694997.0,5058962.0,28.77,22.65,0.8660254037844387,-0.49999999999999983,-0.9749279121818236,-0.2225209339563146,0.49999999999999994,0.8660254037844387,86.0525,92.28,94.09,84.16083333333333,11.53885201383179,93.105
2026-01-10 09:00:00+00:00,93.105,10.0,5.0,1.0,True,False,False,True,False,13931.04025,14514.92275,4.6667499999999995,-175.51666666666668,0.0,1621.300915,3498.2975,0.0,78.42,66.78,724.245,0.0,286.53,0.0,1621.275,-3498.3,-15.533333333333323,-724.25,-286.55,-275.675,10.935,12.0325,12.48,12.42,61.75,61.5,61.5,61.75,14.375,1.375,1010.75,1.28265,47.75,12.625,35.125,123.15,80.0,-4.25,-11.5,-5.5,91.5,1008.25,14.5,100.0,22.5,52.5,20.0,0.0,10.0,1467200.0,3558371.0,5016309.0,28.77,22.65,0.7071067811865476,-0.7071067811865475,-0.9749279121818236,-0.2225209339563146,0.49999999999999994,0.8660254037844387,91.0925,103.0575,93.31,83.74614583333333,10.99629258123683,95.00999999999999
2026-01-10 10:00:00+00:00,95.00999999999999,11.0,5.0,1.0,True,False,False,True,False,13947.95625,14403.77525,5.145,-10.781666666666666,0.0,1176.25433,3812.2925,0.0,312.39,0.0,947.9275,0.0,303.0875,0.0,1176.25,-3812.3,-312.375,-947.925,-303.075,-1340.225,10.309999999999999,11.235,11.6475,11.57,64.75,64.75,64.75,64.75,13.8,1.25,1012.2,1.2851,96.5,27.775,68.725,159.175,88.75,-4.199999999999999,-11.0,-5.8,89.5,1009.835,15.0,95.0,22.5,50.0,20.0,0.0,10.0,3209318.0,3411024.0,4993684.0,28.77,22.65,0.49999999999999994,-0.8660254037844387,-0.9749279121818236,-0.2225209339563146,0.49999999999999994,0.8660254037844387,93.105,103.4075,88.7075,83.39625,10.464207473262679,95.9925
2026-01-10 11:00:00+00:00,95.9925,12.0,5.0,1.0,True,False,False,True,False,13921.426,14184.77575,5.845,24.448333333333334,248.1481675,57.6042475,3703.5675,0.0,40.845,0.0,649.36,0.0,311.8575,0.0,-190.52499999999998,-3703.6,-163.4,-649.35,-311.85,-2118.475,9.5425,10.3575,10.7225,10.7375,65.75,64.75,64.75,64.75,12.925,1.225,1013.4,1.2867250000000001,115.0,31.925,83.075,133.925,45.25,-4.2,-11.0,-6.1,87.5,1011.2,16.0,90.0,21.5,52.5,10.0,0.0,0.0,4317866.0,2990484.0,4816473.0,28.77,22.65,0.258819045102521,-0.9659258262890682,-0.9749279121818236,-0.2225209339563146,0.49999999999999994,0.8660254037844387,95.00999999999999,95.5925,87.4125,83.41291666666667,10.484775729669067,98.35
2026-01-10 12:00:00+00:00,98.35,13.0,5.0,1.0,True,False,False,True,False,13804.77075,14104.76125,4.709833333333334,-26.18166666666667,827.8221675,0.0,3744.125,0.0,8.2875,0.0,495.65250000000003,0.0,82.38,0.2225,-827.85,-3744.1,-33.1,-495.675,-82.175,-2349.95,9.0625,9.6075,9.98,9.879999999999999,64.25,63.5,63.5,63.5,12.175,1.2,1014.425,1.28815,198.75,99.4,99.35,363.4,82.25,-4.050000000000001,-10.0,-6.1,86.5,1012.3,16.0,72.0,19.5,55.0,10.0,0.0,0.0,4936586.0,2419034.0,4518341.0,28.77,22.65,1.2246467991473532e-16,-1.0,-0.9749279121818236,-0.2225209339563146,0.49999999999999994,0.8660254037844387,95.9925,93.75999999999999,86.60499999999999,83.60416666666667,10.7209232564655,104.3675
2026-01-10 13:00:00+00:00,104.3675,14.0,5.0,1.0,True,False,False,True,False,13865.0575,14164.40375,5.281333333333333,-34.13666666666666,1009.7721625,0.0,3577.415,0.0,235.785,0.0,211.645,0.0,93.815,17.002499999999998,-1009.775,-3577.4,-235.8,-211.65,-76.8,-2428.375,8.2475,8.754999999999999,9.085,8.9975,69.0,68.75,68.75,68.75,12.075,1.2000000000000002,1015.2,1.289125,162.75,63.875,98.875,244.025,82.25,-3.9499999999999997,-10.0,-6.15,85.0,1013.55,16.0,50.0,17.5,55.0,5.0,0.0,0.0,4204258.0,2050442.0,3925492.0,28.77,22.65,-0.2588190451025208,-0.9659258262890683,-0.9749279121818236,-0.2225209339563146,0.49999999999999994,0.8660254037844387,98.35,94.0375,89.6825,84.03458333333334,11.347081330022862,110.9025
2026-01-10 14:00:00+00:00,110.9025,15.0,5.0,1.0,True,False,False,True,False,14181.0325,14692.36075,4.710583333333333,-7.6,684.9987525,0.0,3376.6875,0.0,281.8375,0.0,0.4425,0.0,353.0675,0.0,-685.0,-3376.7,-281.85,-0.425,-353.05,-2164.525,8.125,8.5375,8.83,8.7725,66.25,66.0,66.0,66.25,11.3,1.4,1016.5,1.28985,129.75,45.0,84.75,212.225,79.5,-3.75,-9.5,-6.0,84.0,1014.71,16.0,39.0,16.5,55.0,0.0,0.0,0.0,2181132.0,2054435.0,2983181.0,28.77,22.65,-0.4999999999999998,-0.8660254037844388,-0.9749279121818236,-0.2225209339563146,0.49999999999999994,0.8660254037844387,104.3675,90.96000000000001,94.4575,84.86552083333333,12.543396733704993,120.715
2026-01-10 15:00:00+00:00,120.715,16.0,5.0,1.0,True,False,False,True,False,14726.68325,15037.040333333332,4.0207500000000005,-234.01333333333332,429.120495,0.3483325,3180.9125,0.0,519.9875,0.0,0.0,98.7825,350.9825,0.0,-428.8,-3180.9,-520.0,98.775,-350.975,-1996.1750000000002,7.199999999999999,7.6125,7.935,7.8500000000000005,62.75,63.0,63.0,63.0,10.9,1.225,1017.55,1.29195,70.25,18.825,51.425,146.375,92.0,-3.5,-9.0,-6.050000000000001,82.5,1015.9,16.0,36.5,17.0,60.0,0.0,0.0,0.0,502903.0,1919261.0,2336584.0,28.77,22.65,-0.7071067811865471,-0.7071067811865479,-0.9749279121818236,-0.2225209339563146,0.49999999999999994,0.8660254037844387,110.9025,91.575,99.29249999999999,86.07968749999999,14.481673075344245,132.655
2026-01-10 16:00:00+00:00,132.655,17.0,5.0,1.0,True,False,False,True,False,15039.18475,14741.483666666665,4.164083333333333,-192.37833333333336,293.490915,30.3375,2663.0,0.0,445.01,0.0,104.0375,0.0,469.6175,0.0,-263.15,-2663.0,-445.0,-104.05,-469.625,-1947.6,7.702500000000001,8.065,8.36,8.280000000000001,66.5,66.25,66.25,66.0,10.35,1.375,1018.5,1.2925,13.5,1.475,12.025,18.650000000000002,96.25,-2.75,-8.5,-6.8,74.0,1017.4549999999999,16.0,59.0,18.5,60.0,5.0,0.0,0.0,0.0,756412.0,630100.0,28.77,22.65,-0.8660254037844384,-0.5000000000000004,-0.9749279121818236,-0.2225209339563146,0.49999999999999994,0.8660254037844387,120.715,94.0,109.5625,87.6903125,17.28005049988403,133.95000000000002
2026-01-10 17:00:00+00:00,133.95000000000002,18.0,5.0,1.0,True,False,False,True,False,14767.246,14445.927,5.053833333333333,-32.931666666666665,379.996915,153.97249,3005.8275,0.0,549.03,0.0,636.21,0.0,309.855,0.0,-226.025,-3005.8,-549.05,-636.225,-309.825,-2472.6,7.6049999999999995,8.015,8.35,8.215,68.5,68.5,68.25,68.25,10.4,1.475,1019.4,1.29315,0.0,0.0,0.0,0.0,99.25,-3.2,-8.5,-6.75,76.5,1018.55,16.0,64.0,16.0,60.0,5.0,0.0,0.0,0.0,806666.125,574851.125,28.77,22.65,-0.9659258262890683,-0.25881904510252063,-0.9749279121818236,-0.2225209339563146,0.49999999999999994,0.8660254037844387,132.655,91.8775,110.6775,89.44333333333333,19.68940955772657,128.0025
2026-01-10 18:00:00+00:00,128.0025,19.0,5.0,1.0,True,False,False,True,False,14333.7985,14150.370333333332,4.628833333333334,-35.39666666666667,865.4349175,0.0,3098.0625,0.0,517.265,0.0,344.68,0.0,63.3075,100.9025,-865.45,-3098.1,-517.275,-344.7,37.599999999999994,-2464.2999999999997,7.4275,7.8375,8.129999999999999,8.0025,74.0,74.25,74.25,74.25,10.775,1.5,1020.25,1.29415,0.0,0.0,0.0,0.0,94.75,-3.45,-8.5,-6.6,79.0,1019.585,16.0,81.5,15.0,62.5,10.0,0.0,0.0,0.0,856920.25,519602.25,28.77,22.65,-1.0,-1.8369701987210297e-16,-0.9749279121818236,-0.2225209339563146,0.49999999999999994,0.8660254037844387,133.95000000000002,87.52250000000001,104.23,91.13,21.19405062901446,119.19
2026-01-10 19:00:00+00:00,119.19,20.0,5.0,1.0,True,False,False,True,False,13856.937,13854.813666666665,2.7906666666666666,-302.71666666666664,557.4210875,0.0,3503.52,0.0,39.6975,0.0,0.4425,0.0,655.1525,0.0,-557.425,-3503.5,-158.8,-0.44999999999999996,-655.15,-2128.6,6.95,7.275,7.5475,7.382499999999999,81.0,81.0,80.75,80.5,9.825,1.275,1021.075,1.2962500000000001,0.0,0.0,0.0,0.0,100.0,-3.7,-8.5,-6.55,81.0,1020.5999999999999,16.0,97.5,13.0,60.0,10.0,0.0,0.0,0.0,907174.375,464353.375,28.77,22.65,-0.9659258262890684,0.2588190451025203,-0.9749279121818236,-0.2225209339563146,0.49999999999999994,0.8660254037844387,128.0025,85.2,96.67750000000001,92.54625,21.904316975745314,111.2075
2026-01-10 20:00:00+00:00,111.2075,21.0,5.0,1.0,True,False,False,True,False,13385.27325,13559.257,4.511083333333333,11.139999999999999,923.5512525,0.0,3534.6425,0.0,0.0,70.09,128.4875,0.0,502.2675,0.0,-923.55,-3534.6,140.15,-128.5,-502.275,-2367.875,6.84,7.092499999999999,7.3625,7.2475,87.0,87.0,87.0,86.25,9.3,1.2999999999999998,1021.875,1.2971,0.0,0.0,0.0,0.0,100.0,-3.7,-8.0,-6.449999999999999,82.0,1021.8,16.0,97.5,11.0,65.0,10.0,0.0,0.0,0.0,957428.5,409104.5,28.77,22.65,-0.8660254037844386,0.5000000000000001,-0.9749279121818236,-0.2225209339563146,0.49999999999999994,0.8660254037844387,119.19,85.6,90.4,93.61322916666667,22.173278614123774,106.5275
2026-01-10 21:00:00+00:00,106.5275,22.0,5.0,1.0,True,False,False,True,False,12903.56675,13263.700333333332,3.9602500000000003,-111.17,1765.5283375,0.0,3244.2675,0.0,0.0,447.9125,558.3,0.0,292.6575,5.5325,-1765.525,-3244.3,447.9,-558.3,-287.15,-2974.075,6.8,7.140000000000001,7.4275,7.3025,95.25,95.75,95.75,95.25,9.325,1.25,1022.475,1.298125,0.0,0.0,0.0,0.0,100.0,-4.0,-8.5,-6.25,85.0,1022.615,16.0,95.0,12.0,67.5,10.0,0.0,0.0,0.0,1007682.625,353855.625,28.77,22.65,-0.7071067811865477,0.7071067811865474,-0.9749279121818236,-0.2225209339563146,0.49999999999999994,0.8660254037844387,111.2075,85.0,90.4275,94.51020833333335,22.245008721018753,98.1975
2026-01-10 22:00:00+00:00,98.1975,23.0,5.0,1.0,True,False,False,True,False,12307.438,12968.143666666667,4.39275,-31.316666666666666,2592.8608425,0.0,3176.975,0.0,0.0,577.2025,604.6175,0.0,14.7175,134.625,-2592.875,-3177.0,577.2,-604.625,119.925,-3294.625,6.8149999999999995,7.1325,7.4175,7.322500000000001,102.75,102.5,102.5,102.75,9.425,1.25,1022.875,1.2986499999999999,0.0,0.0,0.0,0.0,92.25,-4.2,-9.0,-6.25,86.0,1023.095,16.0,90.0,12.0,85.0,10.0,0.0,0.0,0.0,1057936.75,298606.75,28.77,22.65,-0.5000000000000004,0.8660254037844384,-0.9749279121818236,-0.2225209339563146,0.49999999999999994,0.8660254037844387,106.5275,78.2275,86.015,95.34229166666665,21.981397593695302,96.9025
2026-01-10 23:00:00+00:00,96.9025,0.0,6.0,1.0,True,False,False,True,False,11794.229,12672.587,5.326416666666666,12.743333333333334,1200.983075,0.0,3515.0855,0.0,0.0,622.18,0.52,0.0,540.3175,0.0,-1201.0,-3515.1,622.2,-0.525,-540.35,-1998.4,5.1125,5.335,5.5775,5.575,123.0,122.25,122.25,119.5,7.15,1.175,1023.075,1.29925,0.0,0.0,0.0,0.0,75.25,-4.65,-9.5,-6.5,87.5,1023.4200000000001,16.0,62.0,12.0,95.0,5.0,0.0,0.0,0.0,1108190.875,243357.875,28.77,22.65,-0.25881904510252157,0.9659258262890681,-0.9749279121818236,-0.2225209339563146,0.49999999999999994,0.8660254037844387,98.1975,75.16499999999999,88.8225,96.24802083333333,21.557612583836296,92.7475
2026-01-11 00:00:00+00:00,92.7475,1.0,6.0,1.0,True,False,False,True,False,11556.473,12348.787,7.801666666666667,117.92666666666668,247.6970825,67.053995,3261.168,0.0,0.0,617.53,525.6075,0.0,0.0,48.895,-180.65,-3261.2,617.5250000000001,-525.625,48.900000000000006,-855.125,6.1625,6.515,6.755,6.6975,126.25,125.0,125.25,124.5,8.024999999999999,1.3,1023.55,1.29925,0.0,0.0,0.0,0.0,70.75,-5.45,-9.5,-6.8999999999999995,90.0,1023.625,15.0,59.0,9.5,102.5,5.0,0.0,0.0,0.0,1158445.0,188109.0,28.77,22.65,0.0,1.0,-0.7818314824680299,0.6234898018587334,0.49999999999999994,0.8660254037844387,96.9025,69.84,85.33,97.2025,20.832468948735116,88.035
2026-01-11 01:00:00+00:00,88.035,2.0,6.0,1.0,True,False,False,True,False,11198.0385,12156.8165,7.659,101.58166666666666,39.974000000000004,145.827165,2548.39325,0.0,0.0,548.27,702.145,0.0,0.0,102.545,105.875,-2548.4,548.2750000000001,-702.175,102.55,-582.5749999999999,5.9275,6.045,6.275,6.092499999999999,140.0,139.25,139.25,138.5,7.9,1.225,1023.725,1.299825,0.0,0.0,0.0,0.0,86.5,-6.05,-10.0,-7.35,91.0,1024.1,14.0,60.0,9.0,115.0,5.0,0.0,0.0,0.0,1245568.0,145323.0,28.77,22.65,0.25881904510252074,0.9659258262890683,-0.7818314824680299,0.6234898018587334,0.49999999999999994,0.8660254037844387,92.7475,66.2375,85.0425,98.11072916666666,19.877040768609177,84.86
2026-01-11 02:00:00+00:00,84.86,3.0,6.0,1.0,True,False,False,True,False,11027.14575,12140.27725,6.533,112.76166666666667,259.5783275,1.45925,2003.797,0.0,0.0,585.7875,96.8075,0.0,59.2975,0.485,-258.125,-2003.8,585.825,-96.8,-58.824999999999996,-328.875,6.035,6.265,6.515,6.3100000000000005,145.75,147.0,147.0,147.5,8.15,1.0,1024.175,1.301475,0.0,0.0,0.0,0.0,84.0,-6.4,-10.5,-7.300000000000001,93.0,1024.95,13.0,75.0,8.0,130.0,7.5,0.0,0.0,0.0,799871.0,98271.0,28.77,22.65,0.49999999999999994,0.8660254037844387,-0.7818314824680299,0.6234898018587334,0.49999999999999994,0.8660254037844387,88.035,66.535,83.745,98.87427083333334,18.94131496914694,82.68
2026-01-11 03:00:00+00:00,82.68,4.0,6.0,1.0,True,False,False,True,False,10932.14625,12194.08425,6.683999999999999,70.53666666666666,743.2355675,0.0,1592.05325,0.0,0.0,451.6025,0.0,325.955,0.0,98.08,-743.225,-1592.1,451.6,325.95,98.07499999999999,-265.59999999999997,6.71,7.01,7.282500000000001,7.145,154.25,155.75,155.75,156.5,8.925,1.0,1024.25,1.3015750000000001,0.0,0.0,0.0,0.0,66.75,-6.85,-11.5,-7.65,93.5,1025.0500000000002,13.0,82.5,9.5,130.0,10.0,0.0,0.0,0.0,786949.0,93462.0,28.77,22.65,0.7071067811865475,0.7071067811865476,-0.7818314824680299,0.6234898018587334,0.49999999999999994,0.8660254037844387,84.86,66.5125,82.5575,99.54791666666665,18.004670312997224,82.255
2026-01-11 04:00:00+00:00,82.255,5.0,6.0,1.0,True,False,False,True,False,11017.05225,12298.7435,7.327666666666667,140.92833333333334,1227.4800075,0.0,2064.73325,0.0,0.0,376.3925,0.0,788.0875,84.4425,79.3725,-1227.475,-2064.7,376.375,788.1,-5.075000000000003,-584.25,6.6475,7.02,7.295,7.1825,160.0,161.5,161.5,162.25,8.725,0.75,1023.75,1.302125,0.0,0.0,0.0,0.0,67.0,-7.15,-12.0,-7.75,95.0,1024.9,11.0,85.0,10.5,130.0,10.0,0.0,0.0,0.0,956621.0,138105.0,28.77,22.65,0.8660254037844386,0.5000000000000001,-0.7818314824680299,0.6234898018587334,0.49999999999999994,0.8660254037844387,82.68,68.9775,83.4075,100.10114583333332,17.210988163834397,81.6025
2026-01-11 05:00:00+00:00,81.6025,6.0,6.0,1.0,True,False,False,True,False,11300.970000000001,12449.7765,4.6045,24.488333333333333,1676.677325,0.0,1848.58325,0.0,0.0,141.665,0.0,725.315,0.0,378.3075,-1676.675,-1848.6,283.35,725.325,378.325,-893.55,7.0200000000000005,7.3175,7.6,7.404999999999999,158.25,158.5,158.5,158.75,9.350000000000001,0.625,1023.4,1.30225,0.0,0.0,0.0,0.0,61.0,-7.2,-12.5,-7.95,94.0,1024.5349999999999,11.0,90.0,12.0,140.0,10.0,0.0,0.0,0.0,1258088.0,221616.0,28.77,22.65,0.9659258262890683,0.25881904510252074,-0.7818314824680299,0.6234898018587334,0.49999999999999994,0.8660254037844387,82.255,71.63,83.8,100.51666666666667,16.603387008226402,84.25999999999999
2026-01-11 06:00:00+00:00,84.25999999999999,7.0,6.0,1.0,True,False,False,True,False,11780.8045,12781.6275,4.724500000000001,-2.0933333333333333,1724.77609,0.0235,2142.292,0.0,0.0,262.5525,0.0,888.25,42.325,10.58,-1724.775,-2142.3,350.06666666666666,888.275,-31.75,-1141.25,7.7025,8.055,8.370000000000001,8.1775,162.25,163.25,163.25,163.75,10.175,0.625,1023.1,1.3019,0.0,0.0,0.0,0.0,27.25,-7.6499999999999995,-13.0,-8.5,93.5,1024.58,13.0,87.5,12.0,150.0,10.0,0.0,0.0,0.0,1514437.0,342685.0,28.77,22.65,1.0,6.123233995736766e-17,-0.7818314824680299,0.6234898018587334,0.49999999999999994,0.8660254037844387,81.6025,78.0,86.4975,100.77750000000002,16.280306454759486,91.84
2026-01-11 07:00:00+00:00,91.84,8.0,6.0,1.0,True,False,False,True,False,12597.321,13247.9235,4.895333333333334,-52.97833333333333,2273.3576725,0.0,2647.702,0.0,0.0,446.685,0.0,920.52,16.945,149.2075,-2273.35,-2647.7,446.67499999999995,920.5,132.25,-1435.825,8.125,8.55,8.8675,8.6725,168.75,169.0,169.0,169.5,10.625,0.42499999999999993,1022.85,1.302525,0.0,0.0,0.0,0.0,25.0,-7.5,-13.0,-8.600000000000001,92.0,1024.465,14.5,80.5,12.5,150.0,10.0,0.0,0.0,0.0,1535649.0,597370.0,28.77,22.65,0.9659258262890683,-0.25881904510252063,-0.7818314824680299,0.6234898018587334,0.49999999999999994,0.8660254037844387,84.25999999999999,86.0525,88.1325,101.01864583333334,16.09451749717749,100.8725
2026-01-11 08:00:00+00:00,100.8725,9.0,6.0,1.0,True,False,False,True,False,13002.190999999999,13431.39,4.009333333333333,-143.65166666666667,1785.3299225,0.0,2719.227,0.0,0.0,73.785,0.0,883.1524999999999,268.125,38.5225,-1785.3249999999998,-2719.2,147.55,883.175,-229.6,-1737.775,8.225,8.605,8.9425,8.7525,169.5,169.5,169.5,170.5,10.7,0.37499999999999994,1022.65,1.302475,1.0,0.0,1.0,0.0,35.25,-7.25,-13.0,-8.55,90.5,1024.45,14.5,90.0,12.5,145.0,10.0,0.0,0.0,1817611.0,1623342.0,718054.0,28.77,22.65,0.8660254037844387,-0.49999999999999983,-0.7818314824680299,0.6234898018587334,0.49999999999999994,0.8660254037844387,91.84,91.0925,94.3,101.42614583333335,15.955478801748303,98.30250000000001
2026-01-11 09:00:00+00:00,98.30250000000001,10.0,6.0,1.0,True,False,False,True,False,13005.6245,13562.55175,4.826083333333333,-23.023333333333333,2155.31949,0.0,3086.41175,0.0,0.0,0.0,0.0,675.555,211.92,30.8325,-2155.325,-3086.4,103.28750000000001,675.525,-181.10000000000002,-2432.45,8.475,8.925,9.2675,9.175,168.75,169.5,169.5,170.25,11.0,0.725,1022.675,1.300875,50.25,14.25,36.0,136.425,52.75,-6.6,-12.0,-8.25,88.5,1024.69,15.0,86.5,12.5,150.0,10.0,0.0,0.0,3592811.0,1993779.0,1083931.0,28.77,22.65,0.7071067811865476,-0.7071067811865475,-0.7818314824680299,0.6234898018587334,0.49999999999999994,0.8660254037844387,100.8725,93.105,94.755,101.64270833333335,15.872683807695289,97.67500000000001
2026-01-11 10:00:00+00:00,97.67500000000001,11.0,6.0,1.0,True,False,False,True,False,12436.91875,13395.93625,7.3835,62.42166666666667,2574.70442,0.0,2894.51625,0.0,0.0,0.0,0.0,364.0525,452.34,4.9725,-2574.725,-2894.5,59.025000000000006,364.05,-447.375,-3381.65,8.997499999999999,9.5175,9.8425,9.8175,170.0,171.0,171.0,173.0,11.65,0.9500000000000001,1022.625,1.299725,116.0,41.625,74.375,235.125,69.5,-5.7,-11.0,-7.6,87.0,1024.465,15.0,90.0,13.5,150.0,10.0,0.0,0.0,3088729.0,2728039.0,1519966.0,28.77,22.65,0.49999999999999994,-0.8660254037844387,-0.7818314824680299,0.6234898018587334,0.49999999999999994,0.8660254037844387,98.30250000000001,95.00999999999999,90.8775,101.75375000000001,15.833539062355728,96.365
2026-01-11 11:00:00+00:00,96.365,12.0,6.0,1.0,True,False,False,True,False,12297.528,13190.7665,6.56625,23.21333333333333,2656.6090925,0.0,2785.96775,0.0,0.0,0.0,121.36,0.0,447.6875,0.0,-2656.625,-2786.0,14.762500000000003,-121.325,-447.67499999999995,-3922.175,10.2275,11.0625,11.4775,11.505,175.75,177.0,177.0,178.5,13.025,1.125,1021.9,1.298,179.5,81.475,98.025,334.425,55.75,-4.949999999999999,-10.5,-6.7,88.0,1023.735,15.0,90.0,14.5,152.5,10.0,0.0,0.0,4845076.0,3175018.0,2152245.0,28.77,22.65,0.258819045102521,-0.9659258262890682,-0.7818314824680299,0.6234898018587334,0.49999999999999994,0.8660254037844387,97.67500000000001,95.9925,89.5425,101.76927083333334,15.827827594063168,94.3975
2026-01-11 12:00:00+00:00,94.3975,13.0,6.0,1.0,True,False,False,True,False,12209.14475,13187.748749999999,5.694166666666666,12.243333333333334,2636.8959075000002,0.0,2276.297,0.0,0.0,0.0,725.0450000000001,0.0,649.8075,0.0,-2636.925,-2276.3,-29.5,-725.025,-649.8,-4580.825,11.0075,11.995000000000001,12.4775,12.4775,175.25,176.5,176.5,178.25,14.075,1.2999999999999998,1020.975,1.2959749999999999,225.75,118.35,107.4,432.0,72.5,-4.05,-9.0,-5.449999999999999,90.5,1022.89,15.0,95.0,14.5,157.5,10.0,0.0,0.0,4611667.0,3360450.0,2589369.0,28.77,22.65,1.2246467991473532e-16,-1.0,-0.7818314824680299,0.6234898018587334,0.49999999999999994,0.8660254037844387,96.365,98.35,86.7775,101.60458333333334,15.885409727487644,95.625
2026-01-11 13:00:00+00:00,95.625,14.0,6.0,1.0,True,False,False,True,False,12398.9525,13410.87175,6.6845,51.03666666666666,3203.21667,0.0,2430.213,0.0,0.0,0.0,304.8225,0.0,695.3325,0.0,-3203.225,-2430.2,-73.7625,-304.8,-695.325,-4810.925,11.145,12.2325,12.69,12.7375,174.0,175.5,175.5,176.75,14.4,1.75,1020.075,1.29275,203.75,99.30000000000001,104.44999999999999,376.2,100.0,-3.35,-8.5,-4.800000000000001,90.0,1022.17,13.5,97.5,15.0,162.5,10.0,0.0,0.0,2527533.0,3707263.0,3123016.0,28.77,22.65,-0.2588190451025208,-0.9659258262890683,-0.7818314824680299,0.6234898018587334,0.49999999999999994,0.8660254037844387,94.3975,104.3675,91.825,101.2403125,15.91949944784229,97.875
2026-01-11 14:00:00+00:00,97.875,15.0,6.0,1.0,True,False,False,True,False,13176.8265,13338.36225,9.095166666666668,142.78833333333333,4086.2744725000002,0.0,2081.2815,0.0,0.0,0.0,285.495,0.0,673.265,0.0,-4086.25,-2081.3,-118.025,-285.5,-673.275,-5565.375,11.695,12.8475,13.342500000000001,13.379999999999999,170.0,171.25,171.25,172.5,14.875,1.925,1019.075,1.29065,141.5,54.075,87.425,246.175,98.0,-2.5999999999999996,-8.0,-4.1,89.5,1021.335,14.5,97.5,18.0,162.5,10.0,0.0,0.0,1117450.0,3906571.0,3216850.0,28.77,22.65,-0.4999999999999998,-0.8660254037844388,-0.7818314824680299,0.6234898018587334,0.49999999999999994,0.8660254037844387,95.625,110.9025,92.92,100.69749999999999,15.797353400381205,107.695
2026-01-11 15:00:00+00:00,107.695,16.0,6.0,1.0,True,False,False,True,False,14134.153,13596.778666666667,3.3993333333333333,-157.54333333333335,3967.415905,0.0,2003.229,0.0,0.0,0.0,0.0,102.5725,696.24,0.0,-3967.4,-2003.2,-162.28750000000002,102.575,-696.225,-5061.9,12.6025,14.08,14.625,14.705,168.25,169.5,169.5,170.75,16.175,2.175,1018.175,1.2883499999999999,75.75,20.125,55.625,146.65,95.25,-2.05,-7.5,-3.6999999999999997,89.0,1020.8399999999999,14.5,97.5,17.0,160.0,10.0,0.0,0.0,195303.0,4061997.0,3122102.0,28.77,22.65,-0.7071067811865471,-0.7071067811865479,-0.7818314824680299,0.6234898018587334,0.49999999999999994,0.8660254037844387,97.875,120.715,99.22749999999999,100.15500000000002,15.295634447520886,112.5125
2026-01-11 16:00:00+00:00,112.5125,17.0,6.0,1.0,True,False,False,True,False,14917.29625,13151.111677083334,4.322333333333334,-125.58500000000001,3676.0979225,27.432499999999997,2284.32625,0.0,103.2875,0.0,0.0,348.49,697.0450000000001,0.0,-3648.65,-2284.3,-206.55,348.45,-697.05,-4671.6,13.175,14.83,15.415,15.5425,168.5,169.5,169.5,170.75,16.95,2.325,1017.275,1.2865,14.25,1.225,13.025,14.850000000000001,98.5,-1.9500000000000002,-7.5,-3.05,92.5,1020.0550000000001,13.5,100.0,18.0,165.0,15.0,0.0,5.0,98.0,1373796.0,1081294.0,28.77,22.65,-0.8660254037844384,-0.5000000000000004,-0.7818314824680299,0.6234898018587334,0.49999999999999994,0.8660254037844387,107.695,132.655,118.425,99.31572916666666,13.926126144440342,98.5325
2026-01-11 17:00:00+00:00,98.5325,18.0,6.0,1.0,True,False,False,True,False,14767.524000000001,12705.4446875,5.091083333333333,-2.6916666666666673,3407.3816425,235.73475000000002,2429.1925,0.0,643.0475,0.0,683.7425000000001,0.0,696.92,0.0,-3171.625,-2429.2,-643.025,-683.75,-696.925,-5802.675,13.6075,15.4025,16.009999999999998,16.1675,169.0,170.0,170.0,171.25,17.475,2.4000000000000004,1016.475,1.28515,0.0,0.0,0.0,0.0,100.0,-1.8,-7.5,-2.7,94.5,1019.405,12.0,100.0,20.0,170.0,10.0,0.0,0.0,85.75,1721821.5,1695676.75,28.77,22.65,-0.9659258262890683,-0.25881904510252063,-0.7818314824680299,0.6234898018587334,0.49999999999999994,0.8660254037844387,112.5125,133.95000000000002,121.18,97.84000000000002,11.81260353071777,91.235
2026-01-11 18:00:00+00:00,91.235,19.0,6.0,1.0,True,False,False,True,False,14395.48325,12259.777697916667,4.145,-137.41666666666666,3721.9925125,416.6445,2342.71075,0.0,647.64,0.0,646.1775,0.0,697.1025,0.0,-3305.35,-2342.7,-647.6,-646.175,-697.1,-5881.95,14.2025,16.247500000000002,16.87,17.1525,167.0,168.25,168.25,169.5,18.375,2.675,1015.4,1.2825250000000001,0.0,0.0,0.0,0.0,99.75,-1.65,-7.5,-2.45,94.0,1018.77,11.0,100.0,21.0,167.5,10.0,0.0,0.0,73.5,2069847.0,2310059.5,28.77,22.65,-1.0,-1.8369701987210297e-16,-0.7818314824680299,0.6234898018587334,0.49999999999999994,0.8660254037844387,98.5325,128.0025,119.715,96.30802083333333,9.971453656923257,90.03
2026-01-11 19:00:00+00:00,90.03,20.0,6.0,1.0,True,False,False,True,False,13914.0885,11814.110708333334,3.4393333333333334,-232.86666666666667,4056.2099825,754.9795,2199.392,0.0,645.465,0.0,291.78,0.0,695.1675,0.0,-3301.225,-2199.4,-645.425,-291.775,-695.175,-5483.475,15.0275,17.255000000000003,17.935000000000002,18.310000000000002,165.25,165.75,166.0,167.25,19.375,2.875,1014.25,1.280125,0.0,0.0,0.0,0.0,99.5,-1.3,-7.5,-2.25,93.0,1017.9200000000001,12.5,99.0,22.5,162.5,10.0,0.0,0.0,61.25,2417872.5,2924442.25,28.77,22.65,-0.9659258262890684,0.2588190451025203,-0.7818314824680299,0.6234898018587334,0.49999999999999994,0.8660254037844387,91.235,119.19,112.45,95.09302083333334,8.76575996789648,88.4
2026-01-11 20:00:00+00:00,88.4,21.0,6.0,1.0,True,False,False,True,False,13457.97625,11368.44371875,3.1161666666666665,-79.16166666666666,3735.4974875,1043.819,2177.709,0.0,624.78,0.0,0.0,93.7325,616.9475,0.0,-2691.675,-2177.7,-624.775,93.725,-616.95,-4384.125,15.3725,17.7175,18.415,18.8325,168.0,168.75,168.75,169.75,19.925,3.1,1013.2,1.2777500000000002,0.0,0.0,0.0,0.0,100.0,-0.8500000000000001,-7.0,-2.2,91.0,1016.94,15.0,100.0,23.5,160.0,10.0,0.0,0.0,49.0,2765898.0,3538825.0,28.77,22.65,-0.8660254037844386,0.5000000000000001,-0.7818314824680299,0.6234898018587334,0.49999999999999994,0.8660254037844387,90.03,111.2075,99.6875,94.14270833333335,8.158038011302246,91.18
2026-01-11 21:00:00+00:00,91.18,22.0,6.0,1.0,True,False,False,True,False,13035.901249999999,10922.776729166668,2.5126666666666666,-136.09833333333333,3639.2708675,909.04275,1861.49775,0.0,419.965,0.0,546.79,0.0,28.625,32.285,-2730.2,-1861.5,-419.975,-546.825,3.6750000000000007,-4158.7,15.8325,18.2925,19.035,19.4625,167.75,168.5,168.5,170.0,20.45,3.225,1012.0,1.2756750000000001,0.0,0.0,0.0,0.0,100.0,-0.7,-7.0,-2.1,90.5,1015.74,15.0,100.0,24.0,162.5,15.0,0.0,5.0,36.75,3113923.5,4153207.75,28.77,22.65,-0.7071067811865477,0.7071067811865474,-0.7818314824680299,0.6234898018587334,0.49999999999999994,0.8660254037844387,88.4,106.5275,95.61,93.50322916666666,7.735611063212637,78.9975
2026-01-11 22:00:00+00:00,78.9975,23.0,6.0,1.0,True,False,False,True,False,12543.617,10477.109739583333,3.9691666666666667,-19.779999999999998,3669.4800225,1004.65175,1634.73975,0.0,512.8375,0.0,0.0525,0.15,40.4175,28.555,-2664.825,-1634.7,-512.8,0.07500000000000001,-11.850000000000001,-3598.125,16.182499999999997,18.7625,19.5175,19.9575,167.0,167.75,167.75,169.5,21.0,3.375,1010.85,1.2734999999999999,0.0,0.0,0.0,0.0,100.0,-0.45,-6.5,-1.9,90.0,1014.565,14.5,100.0,25.0,160.0,22.5,0.0,5.0,24.5,3461949.0,4767590.5,28.77,22.65,-0.5000000000000004,0.8660254037844384,-0.7818314824680299,0.6234898018587334,0.49999999999999994,0.8660254037844387,91.18,98.1975,89.21000000000001,92.70322916666667,8.207453150457193,77.22749999999999
2026-01-11 23:00:00+00:00,77.22749999999999,0.0,0.0,1.0,False,False,True,True,False,12371.281,10031.44275,8.271333333333333,154.22166666666666,4173.8958375,1137.625,1297.03475,0.0,639.425,0.0,0.0,695.8225,358.765,0.0,-3036.3,-1297.0,-639.425,695.825,-358.8,-3662.9,17.1525,19.995,20.79,21.1875,170.0,171.25,171.25,172.5,22.225,3.55,1009.8,1.271375,0.0,0.0,0.0,0.0,100.0,-0.30000000000000004,-6.0,-1.45,92.5,1013.8,12.0,100.0,26.0,162.5,27.5,0.0,5.0,12.25,3809974.5,5381973.25,28.77,22.65,-0.25881904510252157,0.9659258262890681,-0.7818314824680299,0.6234898018587334,0.49999999999999994,0.8660254037844387,78.9975,96.9025,92.4525,91.8834375,8.735404031512285,77.965
2026-01-12 00:00:00+00:00,77.965,1.0,0.0,1.0,False,False,True,True,False,12052.3055,10104.77075,6.721500000000001,38.309999999999995,3901.162525,1112.5175,1311.77975,0.0,642.2025,0.0,0.0,689.1975,124.82000000000001,7.9275,-2788.65,-1311.8,-642.175,689.2,-116.89999999999999,-3186.475,16.8675,19.66,20.475,20.955000000000002,173.0,174.0,174.0,175.25,21.799999999999997,3.925,1008.15,1.2676,0.0,0.0,0.0,0.0,100.0,0.0,-6.0,-1.25,92.0,1012.29,12.0,100.0,26.0,165.0,42.5,0.0,10.0,0.0,4158000.0,5996356.0,29.03,23.2,0.0,1.0,0.0,1.0,0.49999999999999994,0.8660254037844387,77.22749999999999,92.7475,88.8475,91.2675,9.181594833996057,77.685
2026-01-12 01:00:00+00:00,77.685,2.0,0.0,1.0,False,False,True,True,False,11816.848,10080.45275,6.400333333333333,126.17833333333333,3763.87414,852.583,1582.31275,0.0,647.64,0.0,0.0,675.3275,0.0,602.7775,-2911.3,-1582.3,-647.6,675.325,602.775,-2676.4,16.6225,19.4675,20.275,20.794999999999998,175.75,176.25,176.25,177.5,21.625,4.0,1007.3000000000001,1.266175,0.0,0.0,0.0,0.0,100.0,0.15,-6.0,-0.9,93.0,1011.12,10.5,100.0,26.5,165.0,40.0,0.0,10.0,0.0,4158000.0,5986422.0,29.03,23.2,0.25881904510252074,0.9659258262890683,0.0,1.0,0.49999999999999994,0.8660254037844387,77.965,88.035,86.5075,90.83625,9.574673425013668,71.105
2026-01-12 02:00:00+00:00,71.105,3.0,0.0,1.0,False,False,True,True,False,11773.3995,10040.27025,6.79,159.68666666666667,3561.8300025,978.321,1342.15425,0.0,647.64,0.0,0.0,362.375,0.0,538.1025,-2583.525,-1342.2,-647.6,362.375,538.1,-2666.2,16.245,19.0175,19.8275,20.2475,180.0,180.5,180.75,182.0,21.1,4.15,1006.625,1.264675,0.0,0.0,0.0,0.0,100.0,0.55,-5.0,-0.15000000000000002,94.5,1010.3,8.5,100.0,26.0,167.5,45.0,0.0,10.0,0.0,4152989.0,6041868.0,29.03,23.2,0.49999999999999994,0.8660254037844387,0.0,1.0,0.49999999999999994,0.8660254037844387,77.685,84.86,86.3125,90.263125,10.329850930414043,72.9225
2026-01-12 03:00:00+00:00,72.9225,4.0,0.0,1.0,False,False,True,True,False,11727.49925,10137.8315,6.200583333333333,174.43166666666667,3861.02087,835.8489999999999,1537.6435,0.0,646.4925,0.0,0.0,783.0075,0.0,643.4125,-3025.175,-1537.6,-646.475,783.025,643.425,-2629.6499999999996,15.7725,18.45,19.21,19.675,182.5,183.5,183.5,185.0,20.4,4.525,1005.8,1.2619,0.0,0.0,0.0,0.0,100.0,1.1,-4.5,0.35,95.0,1009.49,9.5,100.0,26.0,172.5,40.0,0.0,10.0,0.0,4146485.0,6021148.0,29.03,23.2,0.7071067811865475,0.7071067811865476,0.0,1.0,0.49999999999999994,0.8660254037844387,71.105,82.68,87.495,89.85656250000001,10.821597412132938,74.875
2026-01-12 04:00:00+00:00,74.875,5.0,0.0,1.0,False,False,True,True,False,11931.596249999999,10448.931,8.387333333333334,215.42666666666668,4094.3041775,900.5185,1359.05025,0.0,563.1275,0.0,0.0,891.2175,0.0,525.2950000000001,-3193.775,-1359.1,-563.125,891.2,525.3,-2680.15,15.227500000000001,17.8125,18.565,18.955,191.25,192.25,192.5,194.0,19.925,4.675,1005.175,1.26045,0.0,0.0,0.0,0.0,100.0,1.7,-4.0,1.05,96.0,1008.605,9.5,100.0,25.0,185.0,25.0,0.0,10.0,0.0,4145027.0,5831509.0,29.03,23.2,0.8660254037844386,0.5000000000000001,0.0,1.0,0.49999999999999994,0.8660254037844387,72.9225,82.255,90.8575,89.5490625,11.146952079334417,81.0625
2026-01-12 05:00:00+00:00,81.0625,6.0,0.0,1.0,False,False,True,True,False,12866.18225,11439.799500000001,8.453166666666666,212.71166666666667,4366.755815,715.5135,1102.079,0.0,58.335,0.0,0.0,722.175,0.0,257.1,-3651.25,-1102.1,-116.64999999999999,722.2,257.075,-3005.825,14.3275,16.73,17.4125,17.875,192.0,193.0,193.0,195.0,18.45,4.975,1004.85,1.2587,0.0,0.0,0.0,0.0,100.0,2.1500000000000004,-3.0,1.5,95.0,1008.09,10.0,100.0,24.0,187.5,27.5,0.0,10.0,0.0,4125681.0,5558186.0,29.03,23.2,0.9659258262890683,0.25881904510252074,0.0,1.0,0.49999999999999994,0.8660254037844387,74.875,81.6025,109.0225,89.52656250000001,11.164221136906976,87.4075
2026-01-12 06:00:00+00:00,87.4075,7.0,0.0,1.0,False,False,True,True,False,14566.236499999999,13156.58675,8.094416666666667,107.53999999999999,4214.9625225,815.99675,1332.73475,0.0,60.01,66.4625,0.0,749.2625,621.2625,0.0,-3398.975,-1332.7,6.474999999999994,749.275,-621.2750000000001,-3597.7250000000004,13.7775,16.0225,16.665,17.560000000000002,193.0,193.75,194.0,197.0,17.85,5.2,1004.725,1.257525,0.0,0.0,0.0,0.0,100.0,2.45,-2.5,2.0,97.0,1007.7,9.0,100.0,22.5,187.5,22.5,0.0,10.0,0.0,4149364.0,5203760.0,29.03,23.2,1.0,6.123233995736766e-17,0.0,1.0,0.49999999999999994,0.8660254037844387,81.0625,84.25999999999999,129.3125,89.65770833333333,11.118056477911281,98.11
2026-01-12 07:00:00+00:00,98.11,8.0,0.0,1.0,False,False,True,True,False,16231.077,14707.12425,9.873333333333333,188.12666666666667,3987.921665,268.692,1642.59725,0.0,11.8,0.0,0.0,532.675,495.32,0.0,-3719.2,-1642.6,-47.2,532.65,-495.325,-4104.325,12.9575,15.135000000000002,15.7425,16.9475,197.0,198.0,198.25,202.25,16.6,5.55,1004.4,1.25555,0.0,0.0,0.0,0.0,100.0,2.75,-2.0,2.4,97.5,1007.52,8.0,100.0,22.0,187.5,20.0,0.0,10.0,0.0,4129670.0,4817238.0,29.03,23.2,0.9659258262890683,-0.25881904510252063,0.0,1.0,0.49999999999999994,0.8660254037844387,87.4075,91.84,151.175,89.91895833333332,11.24451158190476,90.86
2026-01-12 08:00:00+00:00,90.86,9.0,0.0,1.0,False,False,True,True,False,16877.83775,15641.451000000001,4.7459999999999996,-112.35333333333332,3164.0875025,501.029,1515.93725,0.0,256.4125,0.0,0.0,102.195,540.58,0.0,-2663.05,-1515.9,-256.425,102.175,-540.6,-3736.8500000000004,12.53,14.6375,15.26,16.564999999999998,198.0,199.25,199.5,204.75,16.15,6.025,1004.275,1.25325,0.0,0.0,0.0,0.0,100.0,3.15,-1.5,2.95,98.5,1007.6600000000001,6.5,100.0,21.0,192.5,15.0,0.0,5.0,83126.0,4035437.0,4252105.0,29.03,23.2,0.8660254037844387,-0.49999999999999983,0.0,1.0,0.49999999999999994,0.8660254037844387,98.11,100.8725,152.15,89.50177083333334,11.00360875782167,93.53
2026-01-12 09:00:00+00:00,93.53,10.0,0.0,1.0,False,False,True,True,False,16966.4025,15251.238,5.6258333333333335,-17.436666666666667,3806.237575,132.5275,1268.7205,0.0,12.8275,0.0,0.0,282.545,637.7475,0.0,-3673.725,-1268.7,-51.3,282.55,-637.75,-4358.925,11.95,14.19,14.7725,16.1475,195.75,197.75,198.0,205.25,15.3,6.025,1004.15,1.25305,10.0,0.0,10.0,0.0,100.0,3.6,-0.5,3.45,98.5,1007.75,6.5,100.0,21.0,192.5,15.0,0.0,5.0,636167.0,3923541.0,3997323.0,29.03,23.2,0.7071067811865476,-0.7071067811865475,0.0,1.0,0.49999999999999994,0.8660254037844387,90.86,98.30250000000001,144.3,89.30291666666666,10.880079714848588,94.985
2026-01-12 10:00:00+00:00,94.985,11.0,0.0,1.0,False,False,True,True,False,16866.088,14839.31075,7.01225,101.15666666666667,4238.9625075,74.15875,1071.2645,0.0,400.4275,0.0,218.7125,0.0,688.0225,0.0,-4164.8,-1071.3,-400.425,-218.72500000000002,-688.0250000000001,-5739.8,11.3725,13.7675,14.317499999999999,15.82,196.5,198.75,199.0,205.25,14.525,6.3,1004.55,1.2523499999999999,21.75,0.1,21.65,0.575,100.0,4.15,0.0,3.9000000000000004,97.5,1007.605,8.0,100.0,21.0,192.5,15.0,0.0,5.0,1221941.0,3880150.0,3805669.0,29.03,23.2,0.49999999999999994,-0.8660254037844387,0.0,1.0,0.49999999999999994,0.8660254037844387,93.53,97.67500000000001,135.195,89.19083333333333,10.8036706389714,92.415
2026-01-12 11:00:00+00:00,92.415,12.0,0.0,1.0,False,False,True,True,False,16469.308,14657.137499999999,7.54975,68.02166666666668,4378.5248925,7.17,1144.16025,0.0,179.815,0.0,600.0375,0.0,632.335,0.0,-4371.35,-1144.2,-179.8,-600.025,-632.35,-6069.575,11.8325,14.5325,15.114999999999998,16.72,196.25,198.5,198.5,204.5,14.775,6.3,1004.4,1.2521499999999999,48.5,2.725,45.775,10.8,100.0,4.65,0.5,4.35,98.0,1007.47,7.5,100.0,21.0,195.0,15.0,0.0,5.0,1586078.0,3823862.0,3408345.0,29.03,23.2,0.258819045102521,-0.9659258262890682,0.0,1.0,0.49999999999999994,0.8660254037844387,94.985,96.365,132.54500000000002,89.02625,10.719385857043504,91.98750000000001
2026-01-12 12:00:00+00:00,91.98750000000001,13.0,0.0,1.0,False,False,True,True,False,16114.89125,14596.0715,6.254416666666667,-7.6033333333333335,4069.70333,257.44675,1063.57425,0.0,644.4375,0.0,534.5825,0.0,696.545,0.0,-3812.275,-1063.6,-644.4,-534.575,-696.55,-5953.7,11.33,14.075,14.675,16.42,195.0,198.0,198.0,205.25,14.225,6.275,1003.95,1.2517,46.25,2.0500000000000003,44.2,7.324999999999999,100.0,5.1,1.5,5.05,99.5,1006.73,5.0,100.0,19.0,195.0,15.0,0.0,5.0,1631595.0,3775620.0,3285113.0,29.03,23.2,1.2246467991473532e-16,-1.0,0.0,1.0,0.49999999999999994,0.8660254037844387,92.415,94.3975,131.66,88.92583333333334,10.678090191833832,93.97
2026-01-12 13:00:00+00:00,93.97,14.0,0.0,1.0,False,False,True,True,False,16251.0655,14530.17975,8.279833333333334,83.57,4375.395,187.01475,825.49475,0.0,562.87,0.0,191.3875,0.0,696.5425,0.0,-4188.375,-825.5,-562.85,-191.4,-696.55,-5845.55,10.795,14.030000000000001,14.6225,16.1175,196.0,199.25,199.5,206.0,13.4,6.775,1003.65,1.2490999999999999,49.75,2.35,47.4,8.625,100.0,5.45,2.0,5.25,98.5,1006.485,6.5,100.0,18.0,190.0,10.0,0.0,0.0,1202202.0,3550440.0,2915661.0,29.03,23.2,-0.2588190451025208,-0.9659258262890683,0.0,1.0,0.49999999999999994,0.8660254037844387,91.98750000000001,95.625,136.605,88.856875,10.63821595582814,87.5325
2026-01-12 14:00:00+00:00,87.5325,15.0,0.0,1.0,False,False,True,True,False,16699.244,13957.47575,4.637833333333333,-65.11833333333333,4082.84145,62.292249999999996,604.146,0.0,470.43,0.0,0.0,125.5875,696.825,0.0,-4020.55,-604.1,-470.425,125.6,-696.825,-5213.25,10.46,13.825,14.425,15.965,199.0,204.75,205.0,212.25,13.625,6.95,1003.65,1.2483,33.5,0.75,32.75,3.4,100.0,5.55,2.5,5.4,98.0,1006.25,7.5,100.0,17.0,185.0,15.0,0.0,5.0,577659.0,3445504.0,2503441.0,29.03,23.2,-0.4999999999999998,-0.8660254037844388,0.0,1.0,0.49999999999999994,0.8660254037844387,93.97,97.875,147.01749999999998,88.42593749999999,10.465093344182646,92.0
2026-01-12 15:00:00+00:00,92.0,16.0,0.0,1.0,False,False,True,True,False,17122.98625,15115.582666666667,4.8021666666666665,-64.90333333333334,3458.739565,0.0,508.354,0.0,648.2475,0.0,0.0,155.5875,697.4775,0.0,-3458.75,-508.4,-648.275,155.6,-697.475,-4775.975,9.6275,13.0475,13.6975,15.037500000000001,196.0,202.5,203.0,212.0,12.9,6.975,1003.575,1.2481,13.5,0.0,13.5,0.0,100.0,5.9,2.5,5.6,97.5,1006.04,8.0,100.0,17.0,180.0,20.0,0.0,10.0,89591.0,3072736.0,2332942.0,29.03,23.2,-0.7071067811865471,-0.7071067811865479,0.0,1.0,0.49999999999999994,0.8660254037844387,87.5325,107.695,176.0,87.77197916666667,9.668711049475666,102.9525
2026-01-12 16:00:00+00:00,102.9525,17.0,0.0,1.0,False,False,True,True,False,17536.69425,14624.743333333334,7.262166666666667,112.65666666666667,3282.5398425000003,0.04975,390.4975,0.0,635.37,0.0,207.9575,0.0,697.435,0.0,-3282.475,-390.5,-635.375,-207.975,-697.425,-4920.9,9.8625,13.305,13.95,14.98,198.75,206.0,206.25,215.5,12.5,7.025,1003.425,1.2477,2.5,0.0,2.5,0.0,100.0,4.6,1.0,4.6,100.0,1005.5,5.0,100.0,16.5,185.0,12.5,0.0,5.0,0.0,1038882.0,776180.0,29.03,23.2,-0.8660254037844384,-0.5000000000000004,0.0,1.0,0.49999999999999994,0.8660254037844387,92.0,112.5125,221.0975,87.37364583333334,8.759288640562515,110.92750000000001
2026-01-12 17:00:00+00:00,110.92750000000001,18.0,0.0,1.0,False,False,True,True,False,17258.46475,14133.904,7.455583333333334,100.24499999999999,4379.85565,0.0,491.8535,0.0,338.465,0.0,194.9925,0.0,633.0425,0.0,-4379.825,-491.9,-338.45,-194.975,-633.05,-5669.35,9.817499999999999,13.2275,13.79,15.155000000000001,200.5,206.25,206.5,216.25,12.399999999999999,7.1,1003.425,1.247325,0.0,0.0,0.0,0.0,100.0,4.75,1.5,4.65,99.5,1005.265,5.0,100.0,16.0,187.5,12.5,0.0,5.0,0.0,1404574.0,921229.5,29.03,23.2,-0.9659258262890683,-0.25881904510252063,0.0,1.0,0.49999999999999994,0.8660254037844387,102.9525,98.5325,213.585,87.89010416666667,9.754688239596955,101.71
2026-01-12 18:00:00+00:00,101.71,19.0,0.0,1.0,False,False,True,True,False,16768.32475,13643.064666666667,5.07375,-57.66166666666666,3902.538115,0.0,1049.80975,0.0,484.23,0.0,297.005,0.0,678.5425,0.0,-3902.525,-1049.8,-484.25,-297.0,-678.55,-5624.775,9.4525,13.015,13.8275,15.7475,200.5,207.0,208.25,222.0,12.1,7.05,1003.525,1.247725,0.0,0.0,0.0,0.0,100.0,4.8,1.5,4.75,100.0,1005.125,5.0,97.5,15.0,182.5,22.5,0.0,5.0,0.0,1770266.0,1066279.0,29.03,23.2,-1.0,-1.8369701987210297e-16,0.0,1.0,0.49999999999999994,0.8660254037844387,110.92750000000001,91.235,182.8,88.32656250000001,10.137682551096365,93.6775
2026-01-12 19:00:00+00:00,93.6775,20.0,0.0,1.0,False,False,True,True,False,16241.005,13152.225333333334,4.5625,-80.0,4101.786165,2.3085,1657.85675,0.0,0.0,0.0,104.675,0.0,572.69,0.0,-4099.475,-1657.9,-187.29166666666669,-104.675,-572.675,-5191.3,9.345,13.0475,13.94,15.5275,205.25,212.75,213.75,225.75,11.95,7.1,1003.9,1.24795,0.0,0.0,0.0,0.0,100.0,5.2,2.0,5.15,99.0,1005.5550000000001,5.5,92.5,15.5,195.0,22.5,0.0,5.0,0.0,2135958.0,1211328.5,29.03,23.2,-0.9659258262890684,0.2588190451025203,0.0,1.0,0.49999999999999994,0.8660254037844387,101.71,90.03,147.0325,88.47854166666667,10.191527729183708,91.555
2026-01-12 20:00:00+00:00,91.555,21.0,0.0,1.0,False,False,True,True,False,15487.97325,12661.386,4.168666666666667,-65.05333333333333,3479.1666775,491.6675,1337.1535,0.0,0.0,82.24000000000001,400.3775,0.0,656.88,0.0,-2987.5,-1337.2,109.66666666666667,-400.4,-656.9,-4296.8,9.61,13.3125,14.115,15.6675,211.5,218.25,219.75,229.75,12.175,7.3,1004.075,1.24725,0.0,0.0,0.0,0.0,100.0,5.6,2.5,5.5,98.0,1005.79,6.0,92.5,16.0,207.5,15.0,0.0,5.0,0.0,2501650.0,1356378.0,29.03,23.2,-0.8660254037844386,0.5000000000000001,0.0,1.0,0.49999999999999994,0.8660254037844387,93.6775,88.4,129.1025,88.61000000000001,10.210800201790253,89.9975
2026-01-12 21:00:00+00:00,89.9975,22.0,0.0,1.0,False,False,True,True,False,14436.07825,12170.546666666667,5.168,-24.916666666666668,3011.4958475000003,704.8322499999999,1569.09175,0.0,0.0,0.0,764.365,0.0,684.3475000000001,0.0,-2306.675,-1569.1,64.16666666666667,-764.375,-684.35,-4147.65,9.49,13.325,14.1225,15.3325,211.5,218.75,220.0,230.25,12.025,7.375,1004.5,1.247475,0.0,0.0,0.0,0.0,100.0,6.05,3.0,5.949999999999999,99.0,1006.255,5.5,92.5,18.0,215.0,10.0,0.0,0.0,0.0,2867342.0,1501427.5,29.03,23.2,-0.7071067811865477,0.7071067811865474,0.0,1.0,0.49999999999999994,0.8660254037844387,91.555,91.18,123.85000000000001,88.56072916666666,10.20070784199892,84.5875
2026-01-12 22:00:00+00:00,84.5875,23.0,0.0,1.0,False,False,True,True,False,13526.992,11679.707333333334,3.3603333333333336,-56.59666666666667,2918.1183475,733.05675,1883.55425,0.0,12.9475,26.9525,765.15,0.0,668.4625,0.0,-2185.05,-1883.6,18.666666666666668,-765.175,-668.45,-4075.55,9.095,13.1475,13.9675,16.2375,215.75,221.25,222.25,231.5,11.825,7.425,1004.75,1.247525,0.0,0.0,0.0,0.0,93.25,6.6,3.0,6.449999999999999,99.0,1006.5,6.5,87.0,20.0,217.5,15.0,0.0,5.0,0.0,3233034.0,1646477.0,29.03,23.2,-0.5000000000000004,0.8660254037844384,0.0,1.0,0.49999999999999994,0.8660254037844387,89.9975,78.9975,111.3,88.79364583333334,10.035331767527172,79.1
2026-01-12 23:00:00+00:00,79.1,0.0,1.0,1.0,False,False,True,True,False,11660.356749999999,11188.868,3.8276666666666666,-41.51166666666666,2814.2547139,755.44098,1905.5540899999999,0.0,12.4296,47.0317,776.7796999999999,0.0,641.7239999999999,10.934800000000001,-2058.8030000000003,-1905.6,39.078,-776.804,-630.777,-3908.161,9.725,13.807500000000001,14.6025,16.6075,215.0,220.5,221.5,231.25,12.225,7.375,1004.9,1.247975,0.0,0.0,0.0,0.0,100.0,6.65,3.0,6.5,99.0,1006.74,6.0,84.5,20.0,217.5,10.0,0.0,0.0,0.0,3598726.0,1791526.5,29.03,23.2,-0.25881904510252157,0.9659258262890681,0.0,1.0,0.49999999999999994,0.8660254037844387,84.5875,77.22749999999999,104.695,88.87166666666667,9.94840225501294,80.2825
2026-01-13 00:00:00+00:00,80.2825,1.0,1.0,1.0,False,False,True,True,False,11269.92,10820.57025,4.986916666666667,0.0183333333333333,2710.3910803,777.82521,1927.5539299999998,0.0,11.9117,67.1109,788.4094,0.0,614.9855,21.869600000000002,-1932.556,-1927.6,59.489333333333335,-788.433,-593.104,-3740.772,9.835,14.0075,14.865,16.93,217.0,223.0,224.0,232.25,12.024999999999999,7.4750000000000005,1005.5,1.24825,0.0,0.0,0.0,0.0,77.25,6.4,3.0,6.300000000000001,98.0,1007.225,6.0,89.0,19.5,222.5,15.0,0.0,5.0,0.0,3964418.0,1936576.0,29.1,23.2,0.0,1.0,0.7818314824680298,0.6234898018587336,0.49999999999999994,0.8660254037844387,79.1,77.965,104.6,88.96822916666667,9.848683190483587,80.5
2026-01-13 01:00:00+00:00,80.5,2.0,1.0,1.0,False,False,True,True,False,11090.54525,10526.1555,6.017666666666667,21.285,2606.5274467,800.20944,1949.55377,0.0,11.393799999999999,87.1901,800.0391,0.0,588.247,32.8044,-1806.3090000000002,-1949.6,79.90066666666667,-800.062,-555.431,-3573.3830000000003,9.557500000000001,13.754999999999999,14.625,16.365,213.5,220.25,221.5,232.75,11.65,7.575,1005.625,1.247975,0.0,0.0,0.0,0.0,81.25,6.199999999999999,3.0,6.1,99.5,1007.47,5.5,91.5,19.5,222.5,10.0,0.0,0.0,0.0,3918273.0,2097147.0,29.1,23.2,0.25881904510252074,0.9659258262890683,0.7818314824680298,0.6234898018587336,0.49999999999999994,0.8660254037844387,80.2825,77.685,101.545,89.08552083333335,9.724443344390112,79.55250000000001
2026-01-13 02:00:00+00:00,79.55250000000001,3.0,1.0,1.0,False,False,True,True,False,11231.573,10382.725,4.206833333333333,2.6133333333333337,2502.6638131,822.59367,1971.55361,0.0,10.8759,107.2693,811.6687999999999,0.0,561.5085,43.739200000000004,-1680.0620000000001,-1971.6,100.31200000000001,-811.691,-517.758,-3405.994,9.17,13.2075,14.035,15.559999999999999,214.5,220.25,221.75,231.25,11.125,7.5,1005.85,1.2486,0.0,0.0,0.0,0.0,57.25,6.2,2.5,6.1,99.5,1007.97,5.0,96.5,20.0,220.0,15.0,0.0,5.0,0.0,3725047.0,1986373.0,29.1,23.2,0.49999999999999994,0.8660254037844387,0.7818314824680298,0.6234898018587336,0.49999999999999994,0.8660254037844387,80.5,71.105,100.0875,89.4375,9.183151810458297,81.1525
2026-01-13 03:00:00+00:00,81.1525,4.0,1.0,1.0,False,False,True,True,False,11107.88425,10455.0645,4.693666666666667,-37.98166666666667,2398.8001795,844.9779,1993.5534499999999,0.0,10.358,127.3485,823.2985,0.0,534.77,54.67400000000001,-1553.815,-1993.6,120.72333333333334,-823.3199999999999,-480.08500000000004,-3238.605,8.9,12.897499999999999,13.745000000000001,15.08,214.5,220.75,222.5,231.25,10.675,7.375,1006.075,1.249425,0.0,0.0,0.0,0.0,99.25,6.3,3.0,6.2,99.5,1008.115,5.0,100.0,19.0,222.5,15.0,0.0,5.0,0.0,3176001.0,1655648.0,29.1,23.2,0.7071067811865475,0.7071067811865476,0.7818314824680298,0.6234898018587336,0.49999999999999994,0.8660254037844387,79.55250000000001,72.9225,102.4525,89.78041666666667,8.679486487599156,82.515
2026-01-13 04:00:00+00:00,82.515,5.0,1.0,1.0,False,False,True,True,False,11211.62975,10873.38075,4.430416666666667,-39.84666666666667,2294.9365458999996,867.36213,2015.5532899999998,0.0,9.8401,147.42770000000002,834.9282,0.0,508.0315,65.6088,-1427.5680000000002,-2015.6,141.13466666666667,-834.949,-442.41200000000003,-3071.2160000000003,8.8475,12.725,13.4675,13.8225,210.0,217.5,218.5,228.0,10.55,7.425,1006.175,1.249325,0.0,0.0,0.0,0.0,100.0,6.35,3.0,6.300000000000001,99.5,1008.04,5.0,100.0,18.0,217.5,20.0,0.0,10.0,0.0,2857651.0,1372683.0,29.1,23.2,0.8660254037844386,0.5000000000000001,0.7818314824680298,0.6234898018587336,0.49999999999999994,0.8660254037844387,81.1525,74.875,107.0,90.09875,8.237910608622967,90.0
2026-01-13 05:00:00+00:00,90.0,6.0,1.0,1.0,False,False,True,True,False,11934.36025,11732.78175,6.813000000000001,51.583333333333336,2294.9365458999996,867.36213,2015.5532899999998,0.0,9.8401,147.42770000000002,834.9282,0.0,508.0315,65.6088,-1427.5680000000002,-2015.6,141.13466666666667,-834.949,-442.41200000000003,-3071.2160000000003,7.625,11.31,11.9225,12.24,209.0,217.5,218.25,231.75,9.3,7.3,1006.475,1.2502499999999999,0.0,0.0,0.0,0.0,100.0,6.4,3.0,6.35,99.5,1008.4200000000001,5.5,100.0,18.0,217.5,20.0,0.0,10.0,0.0,2725551.0,1185309.0,29.1,23.2,0.9659258262890683,0.25881904510252074,0.7818314824680298,0.6234898018587336,0.49999999999999994,0.8660254037844387,82.515,81.0625,121.2875,90.47114583333332,8.010538133255496,99.11
2026-01-13 06:00:00+00:00,99.11,7.0,1.0,1.0,False,False,True,True,False,13285.223750000001,13309.62975,7.7645,53.745,2294.9365458999996,867.36213,2015.5532899999998,0.0,9.8401,147.42770000000002,834.9282,0.0,508.0315,65.6088,-1427.5680000000002,-2015.6,141.13466666666667,-834.949,-442.41200000000003,-3071.2160000000003,7.7675,11.24,11.94,12.52,203.25,211.0,212.0,220.25,9.15,7.05,1006.8,1.25175,0.0,0.0,0.0,0.0,100.0,6.4,3.5,6.300000000000001,99.0,1008.7850000000001,5.5,100.0,17.0,207.5,20.0,0.0,10.0,0.0,2353874.0,997022.0,29.1,23.2,1.0,6.123233995736766e-17,0.7818314824680298,0.6234898018587336,0.49999999999999994,0.8660254037844387,90.0,87.4075,138.4975,90.95875000000001,8.170515057470901,119.0325
2026-01-13 07:00:00+00:00,119.0325,8.0,1.0,1.0,False,False,True,True,False,14424.1735,14632.06825,8.901166666666667,132.55833333333334,2294.9365458999996,867.36213,2015.5532899999998,0.0,9.8401,147.42770000000002,834.9282,0.0,508.0315,65.6088,-1427.5680000000002,-2015.6,141.13466666666667,-834.949,-442.41200000000003,-3071.2160000000003,8.1375,11.715,12.4825,12.44,197.0,206.0,207.25,222.5,9.875,6.925,1006.8499999999999,1.25235,0.0,0.0,0.0,0.0,100.0,6.3,3.5,6.199999999999999,99.5,1009.005,5.5,100.0,14.5,197.5,15.0,0.0,5.0,0.0,1668693.0,883126.0,29.1,23.2,0.9659258262890683,-0.25881904510252063,0.7818314824680298,0.6234898018587336,0.49999999999999994,0.8660254037844387,99.11,98.11,164.185,91.83052083333332,9.899876398525386,130.3825
2026-01-13 08:00:00+00:00,130.3825,9.0,1.0,1.0,False,False,True,True,False,14775.2655,14904.1945,7.276083333333333,79.85666666666665,2294.9365458999996,867.36213,2015.5532899999998,0.0,9.8401,147.42770000000002,834.9282,0.0,508.0315,65.6088,-1427.5680000000002,-2015.6,141.13466666666667,-834.949,-442.41200000000003,-3071.2160000000003,7.22,10.4925,11.155,11.3675,187.75,199.5,201.25,216.25,9.125,7.25,1006.9,1.250975,0.0,0.0,0.0,0.0,100.0,6.4,3.5,6.300000000000001,99.5,1009.425,5.0,100.0,13.5,187.5,15.0,0.0,5.0,194599.0,1834992.0,854747.0,29.1,23.2,0.8660254037844387,-0.49999999999999983,0.7818314824680298,0.6234898018587336,0.49999999999999994,0.8660254037844387,119.0325,90.86,168.82,93.47729166666666,12.63948677920422,128.4675
2026-01-13 09:00:00+00:00,128.4675,10.0,1.0,1.0,False,False,True,True,False,14724.204,14501.599,8.441833333333333,57.156666666666666,2294.9365458999996,867.36213,2015.5532899999998,0.0,9.8401,147.42770000000002,834.9282,0.0,508.0315,65.6088,-1427.5680000000002,-2015.6,141.13466666666667,-834.949,-442.41200000000003,-3071.2160000000003,7.395,10.8525,11.535,11.897499999999999,187.5,198.25,200.0,210.0,8.875,7.25,1007.1,1.251225,12.5,0.0,12.5,0.0,100.0,6.45,4.0,6.4,99.5,1009.675,5.0,100.0,14.5,182.5,10.0,0.0,0.0,880438.0,1712576.0,1070008.0,29.1,23.2,0.7071067811865476,-0.7071067811865475,0.7818314824680298,0.6234898018587336,0.49999999999999994,0.8660254037844387,130.3825,93.53,154.8425,94.93302083333333,14.518136726537213,121.13
2026-01-13 10:00:00+00:00,121.13,11.0,1.0,1.0,False,False,True,True,False,14620.517,14068.000250000001,10.89225,44.53,2294.9365458999996,867.36213,2015.5532899999998,0.0,9.8401,147.42770000000002,834.9282,0.0,508.0315,65.6088,-1427.5680000000002,-2015.6,141.13466666666667,-834.949,-442.41200000000003,-3071.2160000000003,7.715,11.33,12.120000000000001,12.4075,184.0,193.5,195.0,208.0,9.5,7.15,1007.1750000000001,1.2517749999999999,41.75,2.375,39.375,12.9,98.25,6.85,4.0,6.75,99.0,1009.45,5.5,100.0,15.5,170.0,10.0,0.0,0.0,1328483.0,1837378.0,1479823.0,29.1,23.2,0.49999999999999994,-0.8660254037844387,0.7818314824680298,0.6234898018587336,0.49999999999999994,0.8660254037844387,128.4675,94.985,147.265,96.02239583333333,15.471786480263479,113.84
2026-01-13 11:00:00+00:00,113.84,12.0,1.0,1.0,False,False,True,True,False,14355.025,14046.431,3.8395,-115.40833333333333,2294.9365458999996,867.36213,2015.5532899999998,0.0,9.8401,147.42770000000002,834.9282,0.0,508.0315,65.6088,-1427.5680000000002,-2015.6,141.13466666666667,-834.949,-442.41200000000003,-3071.2160000000003,8.2775,11.8925,12.71,13.559999999999999,183.0,191.5,192.75,203.25,10.0,7.15,1006.85,1.251375,91.75,19.5,72.25,77.32499999999999,100.0,7.15,4.0,7.0,98.5,1009.21,6.5,100.0,17.5,175.0,10.0,0.0,0.0,1613009.0,2525417.0,1954302.0,29.1,23.2,0.258819045102521,-0.9659258262890682,0.7818314824680298,0.6234898018587336,0.49999999999999994,0.8660254037844387,121.13,92.415,133.84,96.91510416666667,15.867631129180362,110.7225
2026-01-13 12:00:00+00:00,110.7225,13.0,1.0,1.0,False,False,True,True,False,14279.30325,14210.63075,6.2540000000000004,93.09333333333333,2294.9365458999996,867.36213,2015.5532899999998,0.0,9.8401,147.42770000000002,834.9282,0.0,508.0315,65.6088,-1427.5680000000002,-2015.6,141.13466666666667,-834.949,-442.41200000000003,-3071.2160000000003,8.530000000000001,12.3675,13.1275,14.36,184.0,190.0,191.25,200.5,10.475,7.4,1006.375,1.2496999999999998,70.75,8.125,62.625,29.599999999999998,100.0,7.5,4.5,7.449999999999999,99.5,1008.5550000000001,5.5,100.0,16.5,180.0,20.0,0.0,10.0,1352520.0,3311467.0,2324083.0,29.1,23.2,1.2246467991473532e-16,-1.0,0.7818314824680298,0.6234898018587336,0.49999999999999994,0.8660254037844387,113.84,91.98750000000001,125.725,97.69572916666665,16.07417236153251,105.8575
2026-01-13 13:00:00+00:00,105.8575,14.0,1.0,1.0,False,False,True,True,False,14154.617,13989.8635,7.46675,182.245,2294.9365458999996,867.36213,2015.5532899999998,0.0,9.8401,147.42770000000002,834.9282,0.0,508.0315,65.6088,-1427.5680000000002,-2015.6,141.13466666666667,-834.949,-442.41200000000003,-3071.2160000000003,9.1225,13.065,13.879999999999999,15.35,185.5,190.25,190.75,201.0,11.025,7.225,1005.55,1.2494,54.75,6.2749999999999995,48.474999999999994,24.424999999999997,100.0,7.85,5.0,7.6499999999999995,98.5,1007.565,6.5,100.0,17.5,177.5,22.5,0.0,10.0,1285714.0,3119442.0,2197109.0,29.1,23.2,-0.2588190451025208,-0.9659258262890683,0.7818314824680298,0.6234898018587336,0.49999999999999994,0.8660254037844387,110.7225,93.97,125.32,98.19104166666666,16.13740296365078,101.8275
2026-01-13 14:00:00+00:00,101.8275,15.0,1.0,1.0,False,False,True,True,False,14310.45425,14026.37975,6.294250000000001,58.05,2294.9365458999996,867.36213,2015.5532899999998,0.0,9.8401,147.42770000000002,834.9282,0.0,508.0315,65.6088,-1427.5680000000002,-2015.6,141.13466666666667,-834.949,-442.41200000000003,-3071.2160000000003,8.6825,12.84,13.6875,14.975,187.5,191.5,192.5,198.5,10.825000000000001,7.475,1004.95,1.24755,27.25,0.35,26.9,1.575,100.0,7.9,5.0,7.75,98.5,1007.04,6.5,100.0,18.5,175.0,37.5,0.0,10.0,1054900.0,2884410.0,1908246.0,29.1,23.2,-0.4999999999999998,-0.8660254037844388,0.7818314824680298,0.6234898018587336,0.49999999999999994,0.8660254037844387,105.8575,87.5325,133.7975,98.78666666666665,15.990034492762156,108.5
2026-01-13 15:00:00+00:00,108.5,16.0,1.0,1.0,False,False,True,True,False,14655.61275,14572.57675,4.591083333333333,-77.89,2294.9365458999996,867.36213,2015.5532899999998,0.0,9.8401,147.42770000000002,834.9282,0.0,508.0315,65.6088,-1427.5680000000002,-2015.6,141.13466666666667,-834.949,-442.41200000000003,-3071.2160000000003,8.5775,12.4075,13.115,13.9175,177.5,183.5,184.75,195.25,10.575,7.7,1004.65,1.2462,16.0,0.0,16.0,0.0,100.0,8.0,5.0,7.75,98.5,1006.94,6.5,100.0,18.5,180.0,42.5,0.0,10.0,243132.0,3269523.0,1852353.0,29.1,23.2,-0.7071067811865471,-0.7071067811865479,0.7818314824680298,0.6234898018587336,0.49999999999999994,0.8660254037844387,101.8275,92.0,144.9675,99.47416666666668,16.04018583980173,107.66
2026-01-13 16:00:00+00:00,107.66,17.0,1.0,1.0,False,False,True,True,False,14826.65975,14886.26575,4.3345,-41.916666666666664,2294.9365458999996,867.36213,2015.5532899999998,0.0,9.8401,147.42770000000002,834.9282,0.0,508.0315,65.6088,-1427.5680000000002,-2015.6,141.13466666666667,-834.949,-442.41200000000003,-3071.2160000000003,9.8,13.685,14.55,16.025,185.25,189.25,190.0,197.75,11.975,7.8,1004.4,1.245425,9.0,0.5,8.5,5.7,99.75,8.1,5.0,7.449999999999999,95.5,1006.5350000000001,9.5,100.0,18.5,187.5,48.5,0.0,5.0,0.0,3760239.0,1982310.0,29.1,23.2,-0.8660254037844384,-0.5000000000000004,0.7818314824680298,0.6234898018587336,0.49999999999999994,0.8660254037844387,108.5,102.9525,152.9925,99.67031250000001,16.113186105615437,97.89750000000001
2026-01-13 17:00:00+00:00,97.89750000000001,18.0,1.0,1.0,False,False,True,True,False,14267.615249999999,14029.454249999999,7.033666666666666,100.99833333333332,944.7093090999998,1158.35712,2301.5512099999996,0.0,3.1073999999999993,408.45730000000003,986.1143,0.0,160.431,207.76120000000003,213.6430000000001,-2301.6,406.482,-986.1260000000001,47.33699999999999,-895.159,10.2575,14.325,15.1825,16.39,189.5,194.5,195.5,203.0,12.575,7.675,1004.45,1.246075,0.0,0.0,0.0,0.0,100.0,8.1,5.0,7.1,94.0,1006.46,11.0,100.0,21.0,190.0,43.5,0.0,5.0,0.0,3768958.0,2567512.0,29.1,23.2,-0.9659258262890683,-0.25881904510252063,0.7818314824680298,0.6234898018587336,0.49999999999999994,0.8660254037844387,107.66,110.92750000000001,148.26749999999998,99.12739583333335,15.935936990350774,90.2925
2026-01-13 18:00:00+00:00,90.2925,19.0,1.0,1.0,False,False,True,True,False,13758.79025,13085.845000000001,5.964583333333334,54.085,840.8456754999997,1180.74135,2323.55105,0.0,2.5894999999999992,428.5365,997.7439999999999,0.0,133.6925,218.69600000000003,339.8900000000001,-2323.6,426.8933333333334,-997.7550000000001,85.00999999999999,-727.77,9.817499999999999,13.8625,14.7325,16.1575,195.75,200.75,201.5,209.75,12.625,7.7,1004.5,1.246,0.0,0.0,0.0,0.0,100.0,7.95,5.0,6.7,91.5,1006.415,12.0,100.0,21.0,200.0,50.5,0.0,10.0,0.0,3665401.0,3052996.0,29.1,23.2,-1.0,-1.8369701987210297e-16,0.7818314824680298,0.6234898018587336,0.49999999999999994,0.8660254037844387,97.89750000000001,101.71,139.1175,98.65166666666669,16.025655953248755,87.6525
2026-01-13 19:00:00+00:00,87.6525,20.0,1.0,1.0,False,False,True,True,False,12962.04875,13038.098189655173,4.204,-79.345,736.9820418999998,1203.12558,2345.55089,0.0,2.071599999999999,448.6157,1009.3737,0.0,106.95400000000001,229.63080000000002,466.1370000000001,-2345.6,447.3046666666667,-1009.384,122.68299999999999,-560.381,10.205,14.4975,15.4525,17.2675,205.5,210.25,211.0,219.0,12.5,7.75,1004.5,1.245775,0.0,0.0,0.0,0.0,100.0,8.3,5.0,6.65,89.5,1006.6,13.5,100.0,21.0,205.0,57.5,0.0,5.0,0.0,1971909.0,1521938.0,29.1,23.2,-0.9659258262890684,0.2588190451025203,0.7818314824680298,0.6234898018587336,0.49999999999999994,0.8660254037844387,90.2925,93.6775,121.5975,98.40062499999999,16.153643724270548,89.14250000000001
2026-01-13 20:00:00+00:00,89.14250000000001,21.0,1.0,1.0,False,False,True,True,False,12472.71,12990.351379310347,4.319416666666666,0.6349999999999999,633.1184082999998,1225.50981,2367.55073,0.0,1.5536999999999992,468.6949,1021.0033999999999,0.0,80.21550000000002,240.56560000000002,592.3840000000001,-2367.6,467.71600000000007,-1021.013,160.356,-392.99199999999996,9.435,13.315,14.3425,16.02,216.0,219.25,220.5,232.25,12.675,7.6,1004.625,1.2466,0.0,0.0,0.0,0.0,100.0,8.05,5.0,6.5,90.0,1006.78,13.0,100.0,20.0,205.0,47.5,0.0,5.0,0.0,1752199.0,1605716.0,29.1,23.2,-0.8660254037844386,0.5000000000000001,0.7818314824680298,0.6234898018587336,0.49999999999999994,0.8660254037844387,87.6525,91.555,86.81,98.30010416666666,16.20551773784886,89.295
2026-01-13 21:00:00+00:00,89.295,22.0,1.0,1.0,False,False,True,True,False,11816.62425,12942.604568965518,3.8485,-36.96666666666667,529.2547746999998,1247.89404,2389.55057,0.0,1.0357999999999992,488.7741,1032.6331,0.0,53.47700000000002,251.5004,718.6310000000001,-2389.6,488.12733333333335,-1032.642,198.029,-225.60299999999995,9.1175,12.5225,13.3175,14.71,224.25,228.5,229.5,241.0,11.9,7.65,1004.875,1.2467000000000001,0.0,0.0,0.0,0.0,100.0,7.699999999999999,5.0,6.4,91.5,1006.875,12.0,100.0,19.5,210.0,47.0,0.0,5.0,0.0,1532489.0,1689494.0,29.1,23.2,-0.7071067811865477,0.7071067811865474,0.7818314824680298,0.6234898018587336,0.49999999999999994,0.8660254037844387,89.14250000000001,89.9975,87.19,98.27083333333333,16.22179240194798,82.405
2026-01-13 22:00:00+00:00,82.405,23.0,1.0,1.0,False,False,True,True,False,11300.806,12894.85775862069,2.35975,-68.4,425.3911410999998,1270.27827,2411.55041,0.0,0.5178999999999991,508.8533,1044.2628,0.0,26.738500000000016,262.4352,844.8780000000002,-2411.6,508.5386666666667,-1044.2710000000002,235.702,-58.21399999999994,8.84,11.875,12.62,13.99,246.75,251.5,252.75,260.0,11.875,7.425,1005.4,1.248325,0.0,0.0,0.0,0.0,100.0,7.550000000000001,4.0,6.4,92.0,1007.105,11.0,100.0,20.0,207.5,46.0,0.0,5.0,0.0,1312779.0,1773272.0,29.1,23.2,-0.5000000000000004,0.8660254037844384,0.7818314824680298,0.6234898018587336,0.49999999999999994,0.8660254037844387,89.295,84.5875,77.2875,98.17989583333333,16.307724504703263,85.5625
2026-01-13 23:00:00+00:00,85.5625,0.0,2.0,1.0,False,False,True,True,False,10793.891,12847.110948275864,1.7646666666666666,-251.45833333333334,321.5275075,1292.6625,2433.55025,0.0,0.0,528.9325,1055.8925,0.0,0.0,273.37,971.125,-2433.6,528.95,-1055.9,273.375,109.17499999999998,8.1875,10.865,11.5,11.84,253.0,256.75,257.75,266.5,10.325,7.575,1005.925,1.248325,0.0,0.0,0.0,0.0,100.0,7.3,4.0,6.3,93.0,1007.25,12.0,100.0,21.5,217.5,49.0,0.0,10.0,0.0,1093069.0,1857050.0,29.1,23.2,-0.25881904510252157,0.9659258262890681,0.7818314824680298,0.6234898018587336,0.49999999999999994,0.8660254037844387,82.405,79.1,88.1725,98.44916666666667,16.02997097265217,84.295
2026-01-14 00:00:00+00:00,84.295,1.0,2.0,1.0,False,False,True,True,False,10521.46675,12799.364137931036,6.214833333333333,65.34,0.0,1336.7314125,1993.5165,0.0,0.0,501.1375,1081.3025,0.0,0.0,460.0375,1336.725,-1993.5,501.15,-1081.3,460.02500000000003,718.25,5.95,7.4,7.7775,7.655,321.5,320.25,321.25,319.0,7.85,7.3500000000000005,1006.35,1.24985,0.0,0.0,0.0,0.0,100.0,7.05,3.5,6.1,93.0,1007.3499999999999,12.0,100.0,22.5,225.0,48.0,0.0,10.0,0.0,873359.0,1940828.0,29.57,23.96,0.0,1.0,0.9749279121818236,-0.22252093395631434,0.49999999999999994,0.8660254037844387,85.5625,80.2825,82.78999999999999,98.61635416666667,15.852199288152399,85.8825
2026-01-14 01:00:00+00:00,85.8825,2.0,2.0,1.0,False,False,True,True,False,10325.37975,12799.364137931036,3.4881666666666664,-122.305,0.0,1343.16142,1983.3295,0.0,0.0,587.99,1083.415,0.0,0.0,241.4625,1343.175,-1983.3,588.0,-1083.45,241.45,593.375,6.2275,7.7175,8.195,8.48,309.75,312.5,313.0,315.5,7.625,7.05,1006.875,1.2518500000000001,0.0,0.0,0.0,0.0,100.0,6.75,4.0,5.95,95.0,1007.76,9.5,100.0,17.0,247.5,49.5,0.0,10.0,0.0,839438.0,1793942.0,29.57,23.96,0.25881904510252074,0.9659258262890683,0.9749279121818236,-0.22252093395631434,0.49999999999999994,0.8660254037844387,84.295,80.5,79.58749999999999,98.84062499999999,15.62114331968514,86.17
2026-01-14 02:00:00+00:00,86.17,3.0,2.0,1.0,False,False,True,True,False,10275.80075,12799.364137931036,2.5246666666666666,-293.8833333333333,0.0,1377.29409,1436.32975,0.0,0.0,389.92,1080.01,0.0,0.0,126.95750000000001,1377.275,-1436.3,389.925,-1079.975,126.95,455.07500000000005,6.275,7.8625,8.35,8.64,311.5,314.25,314.5,316.75,7.875,6.925,1007.75,1.253475,0.0,0.0,0.0,0.0,100.0,6.55,3.5,5.949999999999999,96.0,1008.36,9.0,100.0,15.0,265.0,50.5,0.0,10.0,0.0,1227073.0,1421239.0,29.57,23.96,0.49999999999999994,0.8660254037844387,0.9749279121818236,-0.22252093395631434,0.49999999999999994,0.8660254037844387,85.8825,79.55250000000001,79.0175,99.11635416666667,15.321413066628551,87.645
2026-01-14 03:00:00+00:00,87.645,4.0,2.0,1.0,False,False,True,True,False,10284.305,12799.364137931036,1.5079999999999998,-298.36333333333334,0.0,1497.36251,1430.556,0.0,0.0,510.415,1073.735,0.0,0.0,309.31,1497.375,-1430.6,510.425,-1073.75,309.3,885.7,6.3675,7.905,8.31,8.5425,305.75,308.25,308.5,310.75,7.425,6.95,1008.425,1.2542,0.0,0.0,0.0,0.0,100.0,6.35,3.5,6.050000000000001,97.5,1008.705,7.5,100.0,14.0,270.0,48.5,0.0,10.0,0.0,972236.0,1308868.0,29.57,23.96,0.7071067811865475,0.7071067811865476,0.9749279121818236,-0.22252093395631434,0.49999999999999994,0.8660254037844387,86.17,81.1525,77.6275,99.38687499999999,15.045274594897995,89.655
2026-01-14 04:00:00+00:00,89.655,5.0,2.0,1.0,False,False,True,True,False,10591.425,12799.364137931036,3.066666666666667,-138.855,0.0,1231.2544125,1051.0445,0.0,0.0,461.39,1007.155,0.0,254.05,65.97,1231.25,-1051.0,461.4,-1007.175,-188.1,234.65,5.88,7.1775,7.5625,7.74,302.75,306.75,306.75,308.0,7.25,6.975,1008.975,1.2548,0.0,0.0,0.0,0.0,100.0,6.15,3.0,5.9,97.5,1009.01,7.5,98.0,13.5,272.5,49.5,0.0,10.0,0.0,957639.0,755686.0,29.57,23.96,0.8660254037844386,0.5000000000000001,0.9749279121818236,-0.22252093395631434,0.49999999999999994,0.8660254037844387,87.645,82.515,78.575,99.684375,14.76513474168898,93.215
2026-01-14 05:00:00+00:00,93.215,6.0,2.0,1.0,False,False,True,True,False,11320.9495,12799.364137931036,3.396083333333333,-81.88833333333334,213.04250249999998,785.0350000000001,1386.536,0.0,0.0,467.15250000000003,728.2825,0.0,484.6975,0.0,572.0,-1386.5,467.175,-728.275,-484.67499999999995,-520.475,5.25,6.4375,6.835,6.975,300.5,303.0,303.0,303.5,7.1,6.925000000000001,1009.425,1.2556,0.0,0.0,0.0,0.0,100.0,6.0,3.0,5.75,97.0,1009.6400000000001,8.0,81.0,13.0,275.0,49.0,0.0,10.0,0.0,1029039.0,417938.0,29.57,23.96,0.9659258262890683,0.25881904510252074,0.9749279121818236,-0.22252093395631434,0.49999999999999994,0.8660254037844387,89.655,90.0,89.5425,99.81833333333333,14.687833930832815,104.65
2026-01-14 06:00:00+00:00,104.65,7.0,2.0,1.0,False,False,True,True,False,12378.026,12799.364137931036,4.2405,-77.865,191.9058425,280.5110025,1855.98025,0.0,0.0,317.4625,460.48,0.0,579.2175,0.0,88.6,-1856.0,317.475,-460.475,-579.225,-1097.6,6.180000000000001,7.1475,7.52,7.5175,304.25,304.75,305.25,305.5,7.824999999999999,6.7,1010.375,1.2577500000000001,0.0,0.0,0.0,0.0,96.75,5.550000000000001,3.0,5.300000000000001,97.5,1010.6,8.0,67.5,12.5,290.0,27.5,0.0,10.0,0.0,628988.0,311285.0,29.57,23.96,1.0,6.123233995736766e-17,0.9749279121818236,-0.22252093395631434,0.49999999999999994,0.8660254037844387,93.215,99.11,94.4575,100.04916666666666,14.719716381857788,127.87
2026-01-14 07:00:00+00:00,127.87,8.0,2.0,1.0,False,False,True,True,False,13490.907,12799.364137931036,9.603166666666668,148.10333333333335,82.0285,242.696165,2228.73175,0.0,0.0,280.0,123.9,0.0,258.7575,0.0,160.675,-2228.7,279.975,-123.9,-258.75,-499.20000000000005,5.2,5.92,6.1575,6.192500000000001,301.5,301.75,301.75,301.75,6.675,6.225,1010.725,1.260325,0.0,0.0,0.0,0.0,72.75,5.050000000000001,2.5,4.95,98.5,1011.45,5.5,61.5,10.5,295.0,17.5,0.0,5.0,0.0,285624.0,196430.0,29.57,23.96,0.9659258262890683,-0.25881904510252063,0.9749279121818236,-0.22252093395631434,0.49999999999999994,0.8660254037844387,104.65,119.0325,104.77000000000001,100.41739583333333,15.313802748117679,130.2925
2026-01-14 08:00:00+00:00,130.2925,9.0,2.0,1.0,False,False,True,True,False,13902.4665,12799.364137931036,9.266833333333333,136.43333333333334,45.46,731.5084175,2449.07175,0.0,0.0,365.14,342.8575,0.0,666.1825,0.0,686.025,-2449.1,365.15,-342.875,-666.2,-570.125,4.2775,5.005,5.2275,5.31,295.75,297.0,297.0,297.25,5.525,6.4,1011.65,1.2607249999999999,0.75,0.0,0.75,0.0,53.75,4.75,2.5,4.65,98.5,1012.55,6.0,37.5,9.5,287.5,2.5,0.0,0.0,484494.0,248891.0,128247.0,29.57,23.96,0.8660254037844387,-0.49999999999999983,0.9749279121818236,-0.22252093395631434,0.49999999999999994,0.8660254037844387,127.87,130.3825,111.2325,100.41364583333332,15.306155055969706,114.88
2026-01-14 09:00:00+00:00,114.88,10.0,2.0,1.0,False,False,True,True,False,13423.162,12799.364137931036,4.526,-139.60833333333332,349.28783999999996,1.495835,2497.829,0.0,0.0,72.44,475.25,0.0,676.095,0.0,-347.8,-2497.8,144.85,-475.275,-676.075,-2051.15,4.0525,4.824999999999999,5.135,5.295,273.75,278.25,278.75,280.0,5.175000000000001,6.475,1012.475,1.2614,44.75,10.475,34.275,99.825,26.75,4.550000000000001,2.5,4.449999999999999,98.5,1013.5550000000001,6.0,29.5,10.0,280.0,0.0,0.0,0.0,3994528.0,173424.0,107467.0,29.57,23.96,0.7071067811865476,-0.7071067811865475,0.9749279121818236,-0.22252093395631434,0.49999999999999994,0.8660254037844387,130.2925,128.4675,107.69749999999999,99.84750000000001,14.450766434466093,103.33
2026-01-14 10:00:00+00:00,103.33,11.0,2.0,1.0,False,False,True,True,False,12709.116,12799.364137931036,3.552333333333333,-180.77333333333334,1235.58041,0.0,2695.50425,0.0,95.305,0.0,184.675,0.0,694.3725,0.0,-1235.575,-2695.5,-190.6,-184.675,-694.375,-2883.8,3.6900000000000004,4.225,4.4725,4.577500000000001,242.25,245.5,246.5,250.0,4.75,6.4,1013.35,1.2628249999999999,124.75,50.975,73.775,283.225,58.0,5.1,3.0,4.75,97.0,1014.2,8.0,27.5,9.5,272.5,2.5,0.0,0.0,6163233.0,154935.0,175485.0,29.57,23.96,0.49999999999999994,-0.8660254037844387,0.9749279121818236,-0.22252093395631434,0.49999999999999994,0.8660254037844387,114.88,121.13,99.1725,99.10583333333334,13.750807558631097,97.9975
2026-01-14 11:00:00+00:00,97.9975,12.0,2.0,1.0,False,False,True,True,False,12165.14775,12799.364137931036,3.372666666666667,-178.61333333333332,2361.285815,0.0,2142.66925,0.0,424.155,0.0,707.245,0.0,677.37,0.0,-2361.3,-2142.7,-424.15,-707.225,-677.375,-4705.75,3.9425,4.5874999999999995,4.8125,4.87,236.5,240.75,241.0,242.5,5.175,6.324999999999999,1013.7249999999999,1.2636500000000002,166.25,76.725,89.525,310.15,47.75,5.35,3.5,4.8,96.0,1014.63,10.0,30.0,9.5,265.0,2.5,1.0,0.0,7665565.0,129944.0,358136.0,29.57,23.96,0.258819045102521,-0.9659258262890682,0.9749279121818236,-0.22252093395631434,0.49999999999999994,0.8660254037844387,103.33,113.84,95.3775,98.44572916666665,13.388222161726109,100.2825
2026-01-14 12:00:00+00:00,100.2825,13.0,2.0,1.0,False,False,True,True,False,12142.836,12799.364137931036,2.7891666666666666,-320.09166666666664,2846.59145,0.0,2228.16575,0.0,26.57,70.5225,295.04,0.0,687.785,0.0,-2846.6,-2228.2,58.6,-295.025,-687.775,-4342.5,4.125,4.78,4.9575,5.035,237.5,239.5,239.5,241.5,5.175000000000001,6.55,1013.525,1.26235,225.0,115.65,109.35,413.85,36.25,5.6,4.0,4.6,94.0,1014.625,12.5,25.0,9.0,260.0,7.5,1.0,5.0,7325947.0,124898.0,502490.0,29.57,23.96,1.2246467991473532e-16,-1.0,0.9749279121818236,-0.22252093395631434,0.49999999999999994,0.8660254037844387,97.9975,110.7225,91.5875,98.01072916666668,13.139281556677558,114.215
2026-01-14 13:00:00+00:00,114.215,14.0,2.0,1.0,False,False,True,True,False,12356.009750000001,12799.364137931036,4.627666666666666,-132.155,2522.084425,0.0,2458.658,0.0,0.0,295.21500000000003,0.0,357.9375,602.15,0.0,-2522.1,-2458.7,295.2,357.9,-602.15,-3085.75,4.77,5.635,5.9825,6.0725,218.25,220.25,220.5,223.75,6.475,6.275,1013.25,1.263275,238.5,131.125,107.375,481.225,89.25,5.75,4.5,4.35,91.5,1014.425,15.0,18.0,7.5,235.0,0.0,0.0,0.0,7090022.0,110695.0,476066.0,29.57,23.96,-0.2588190451025208,-0.9659258262890683,0.9749279121818236,-0.22252093395631434,0.49999999999999994,0.8660254037844387,100.2825,105.8575,94.035,98.35895833333335,13.463045736318417,138.32999999999998
2026-01-14 14:00:00+00:00,138.32999999999998,15.0,2.0,1.0,False,False,True,True,False,13071.8475,12799.364137931036,5.1315,-101.19333333333334,2270.1433349999998,0.0,2290.69375,0.0,0.0,382.8025,0.0,864.0975,10.5825,25.1225,-2270.125,-2290.7,382.8,864.0999999999999,14.525,-1581.35,4.5725,5.425,5.7025,5.755,215.0,218.0,218.25,222.25,6.325,6.2,1012.975,1.2632750000000001,154.75,66.25,88.5,287.6,84.0,5.699999999999999,4.5,4.5,92.0,1014.3,13.5,16.0,6.5,225.0,0.0,0.0,0.0,5108330.0,97229.0,310421.0,29.57,23.96,-0.4999999999999998,-0.8660254037844388,0.9749279121818236,-0.22252093395631434,0.49999999999999994,0.8660254037844387,114.215,101.8275,100.395,99.87989583333335,15.741068110532723,147.8525
2026-01-14 15:00:00+00:00,147.8525,16.0,2.0,1.0,False,False,True,True,False,13760.59075,12799.364137931036,5.915916666666667,-35.108333333333334,1605.7466625,0.0,1384.2925,0.0,0.0,606.4399999999999,0.0,744.145,286.7125,1.99,-1605.75,-1384.3,606.45,744.125,-284.725,-885.9499999999999,4.745,5.575,5.8549999999999995,6.1175,196.0,201.25,201.5,207.75,6.025,6.1,1013.0,1.26375,92.5,30.125,62.375,207.625,91.5,5.3,5.05,4.65,96.0,1014.4,10.5,21.5,4.0,192.5,0.0,0.0,0.0,1337472.0,139413.0,106906.0,29.57,23.96,-0.7071067811865471,-0.7071067811865479,0.9749279121818236,-0.22252093395631434,0.49999999999999994,0.8660254037844387,138.32999999999998,108.5,111.72999999999999,101.51958333333334,18.487959575771914,193.20499999999998
2026-01-14 16:00:00+00:00,193.20499999999998,17.0,2.0,1.0,False,False,True,True,False,14105.7185,12799.364137931036,8.597583333333334,36.89,1978.025835,0.0,802.0635,0.0,0.0,622.4275,0.0,397.3225,0.0,271.02250000000004,-1978.0249999999999,-802.1,622.425,397.29999999999995,271.025,-887.775,5.3975,6.4975000000000005,6.727499999999999,6.5525,192.5,199.25,199.25,202.75,6.975,6.075,1013.05,1.26395,20.75,3.35,17.4,39.375,94.0,4.7,3.85,2.1,84.0,1014.015,16.0,76.0,5.5,167.5,10.0,0.0,5.0,0.0,79922.0,33972.0,29.57,23.96,-0.8660254037844384,-0.5000000000000004,0.9749279121818236,-0.22252093395631434,0.49999999999999994,0.8660254037844387,147.8525,107.66,124.255,105.08395833333333,26.313414818515042,180.95749999999998
2026-01-14 17:00:00+00:00,180.95749999999998,18.0,2.0,1.0,False,False,True,True,False,13565.627,11987.668362068966,10.598333333333333,221.98166666666665,2992.426675,0.0,323.66075,0.0,0.0,622.67,184.235,0.0,6.1675,81.86,-2992.425,-323.7,622.65,-184.225,75.67500000000001,-2559.2,4.970000000000001,6.3125,6.5925,6.7225,189.0,191.75,191.75,192.5,7.0,6.05,1012.8,1.263725,0.0,0.0,0.0,0.0,99.5,4.6,3.0,2.35,85.5,1013.9649999999999,16.0,81.5,6.5,155.0,17.5,0.0,5.0,0.0,449864.75,193930.75,29.57,23.96,-0.9659258262890683,-0.25881904510252063,0.9749279121818236,-0.22252093395631434,0.49999999999999994,0.8660254037844387,193.20499999999998,97.89750000000001,111.455,108.54479166666665,30.462233004634435,158.07
2026-01-14 18:00:00+00:00,158.07,19.0,2.0,1.0,False,False,True,True,False,12980.6545,11939.921551724137,8.097166666666666,56.788333333333334,3803.146655,0.0,401.12875,0.0,0.0,581.6324999999999,0.0,399.59749999999997,0.21,54.480000000000004,-3803.15,-401.1,581.6500000000001,399.6,54.25,-2867.925,5.3275,7.1075,7.385,7.53,176.75,181.5,181.5,186.0,6.675,6.075,1012.075,1.262675,0.0,0.0,0.0,0.0,100.0,4.449999999999999,2.5,2.65,88.5,1013.3499999999999,14.5,77.5,9.0,140.0,17.5,0.0,5.0,0.0,819807.5,353889.5,29.57,23.96,-1.0,-1.8369701987210297e-16,0.9749279121818236,-0.22252093395631434,0.49999999999999994,0.8660254037844387,180.95749999999998,90.2925,96.85,111.36885416666665,31.808522186425872,129.59
2026-01-14 19:00:00+00:00,129.59,20.0,2.0,1.0,False,False,True,True,False,12454.971,11892.174741379311,7.480083333333334,90.06666666666666,4374.435875,0.0,1233.1945,0.0,0.0,575.65,0.0,924.8175,213.27,0.0,-4374.45,-1233.2,575.65,924.8,-213.27499999999998,-3395.55,6.5225,8.254999999999999,8.59,8.5625,173.75,178.25,178.25,186.25,8.025,6.025,1011.575,1.2623250000000001,0.0,0.0,0.0,0.0,100.0,4.5,2.0,3.55,93.0,1013.03,13.0,86.0,11.5,142.5,10.0,0.0,0.0,0.0,1189750.25,513848.25,29.57,23.96,-0.9659258262890684,0.2588190451025203,0.9749279121818236,-0.22252093395631434,0.49999999999999994,0.8660254037844387,158.07,87.6525,90.62,113.11625,31.600255373555623,99.8
2026-01-14 20:00:00+00:00,99.8,21.0,2.0,1.0,False,False,True,True,False,11914.92325,11844.427931034483,7.606166666666667,125.69333333333333,4182.1168275,0.0,1118.67425,0.0,0.0,511.6175,0.0,363.05,641.395,0.0,-4182.125,-1118.7,511.625,363.075,-641.4,-4228.5,7.025,8.9525,9.3275,9.469999999999999,168.0,179.0,179.25,187.75,9.125,6.05,1011.075,1.2615500000000002,0.0,0.0,0.0,0.0,100.0,4.95,2.5,4.3,95.0,1012.54,10.5,95.0,11.5,145.0,15.0,0.0,5.0,0.0,1559693.0,673807.0,29.57,23.96,-0.8660254037844386,0.5000000000000001,0.9749279121818236,-0.22252093395631434,0.49999999999999994,0.8660254037844387,129.59,89.14250000000001,92.75,113.56031250000001,31.32237736091276,92.4075
2026-01-14 21:00:00+00:00,92.4075,22.0,2.0,1.0,False,False,True,True,False,11332.04125,11796.681120689655,6.080500000000001,6.966666666666668,3549.4198374999996,0.0,1320.7965,0.0,0.0,618.01,649.11,0.0,617.1025,0.0,-3549.425,-1320.8,618.0,-649.1,-617.075,-4527.825,7.3675,9.605,10.190000000000001,10.8825,163.75,172.5,173.25,182.75,9.5,6.05,1010.475,1.26085,0.0,0.0,0.0,0.0,100.0,5.5,2.5,5.25,98.5,1011.94,6.5,100.0,13.5,155.0,20.0,0.0,10.0,0.0,1929635.75,833765.75,29.57,23.96,-0.7071067811865477,0.7071067811865474,0.9749279121818236,-0.22252093395631434,0.49999999999999994,0.8660254037844387,99.8,89.295,90.98,113.69,31.223829302383233,92.0
2026-01-14 22:00:00+00:00,92.0,23.0,2.0,1.0,False,False,True,True,False,10641.25125,11748.934310344828,7.470166666666667,14.341666666666667,3001.1819125,312.75925,794.71625,0.0,0.0,408.895,547.8725,0.0,689.75,0.0,-2688.425,-794.7,408.9,-547.9,-689.75,-3715.8500000000004,7.875,10.27,10.75,11.5,165.25,174.5,174.75,188.5,9.825,6.225,1009.875,1.2593,0.0,0.0,0.0,0.0,100.0,6.35,3.5,6.1,98.0,1011.4649999999999,7.5,95.0,13.5,165.0,20.0,0.0,10.0,0.0,2299578.5,993724.5,29.57,23.96,-0.5000000000000004,0.8660254037844384,0.9749279121818236,-0.22252093395631434,0.49999999999999994,0.8660254037844387,92.4075,82.405,87.3275,114.08979166666666,30.86520606778614,97.9425
2026-01-14 23:00:00+00:00,97.9425,0.0,3.0,1.0,False,False,True,True,False,12144.9795,11701.1875,3.146333333333333,-65.07666666666667,3523.23998,638.43975,435.47,0.0,0.0,193.54500000000002,531.5625,0.0,668.575,0.0,-2884.825,-435.5,193.54999999999998,-531.55,-668.575,-4000.275,7.42,9.9425,10.6175,11.9475,167.0,176.5,177.5,190.5,9.125,6.25,1009.325,1.2585250000000001,0.0,0.0,0.0,0.0,100.0,6.4,3.5,6.199999999999999,98.0,1010.78,6.5,79.0,14.5,165.0,15.0,0.0,5.0,0.0,2669521.25,1153683.25,29.57,23.96,-0.25881904510252157,0.9659258262890681,0.9749279121818236,-0.22252093395631434,0.49999999999999994,0.8660254037844387,92.0,85.5625,83.505,114.60562499999999,30.468618489125625,92.975
2026-01-15 00:00:00+00:00,92.975,1.0,3.0,1.0,False,False,True,True,False,11807.7575,11291.498,2.8005,-151.63166666666666,3610.1324825,1067.1315,163.8105,0.0,0.0,41.79,571.0625,0.0,697.545,0.0,-2543.0,-163.8,167.2,-571.05,-697.525,-3810.775,8.6175,11.65,12.395,13.5125,166.25,176.5,177.25,188.5,10.375,6.575,1008.95,1.256575,0.0,0.0,0.0,0.0,100.0,6.550000000000001,3.5,6.25,97.5,1009.97,8.0,79.0,16.0,170.0,12.5,0.0,5.0,0.0,3039464.0,1313642.0,29.38,23.96,0.0,1.0,0.43388373911755823,-0.900968867902419,0.49999999999999994,0.8660254037844387,97.9425,84.295,82.38,114.96729166666665,30.142960151482452,87.9325
2026-01-15 01:00:00+00:00,87.9325,2.0,3.0,1.0,False,False,True,True,False,11523.847,10640.82325,4.42725,-41.876666666666665,3429.2616475,1347.995,492.54725,0.0,0.0,0.0,959.2375,0.0,697.6025,0.0,-2081.275,-492.5,43.156249999999986,-959.25,-697.6,-3861.2250000000004,8.515,11.815000000000001,12.6125,14.52,173.75,180.5,181.75,192.75,10.45,6.925,1007.975,1.2538,0.0,0.0,0.0,0.0,100.0,6.4,3.0,6.15,97.5,1009.205,7.5,58.5,17.5,175.0,10.0,0.0,5.0,0.0,3353888.0,1865271.0,29.38,23.96,0.25881904510252074,0.9659258262890683,0.43388373911755823,-0.900968867902419,0.49999999999999994,0.8660254037844387,92.975,85.8825,84.52250000000001,115.05270833333333,30.059748345701475,82.78999999999999
2026-01-15 02:00:00+00:00,82.78999999999999,3.0,3.0,1.0,False,False,True,True,False,11384.69925,10263.440499999999,3.525583333333333,-61.82833333333333,3459.210835,1256.3625,629.302,0.0,0.0,0.0,933.6775,0.0,696.4175,0.0,-2202.825,-629.3,-80.88750000000002,-933.7,-696.4,-3990.25,8.58,11.9425,12.7425,14.1325,177.25,183.75,185.25,195.5,10.625,6.975,1007.325,1.25275,0.0,0.0,0.0,0.0,96.25,6.35,3.0,6.1,98.5,1009.05,6.5,76.5,18.5,185.0,22.5,0.0,10.0,0.0,3426385.0,2234512.0,29.38,23.96,0.49999999999999994,0.8660254037844387,0.43388373911755823,-0.900968867902419,0.49999999999999994,0.8660254037844387,87.9325,86.17,82.4725,114.911875,30.208500326625188,80.49000000000001
2026-01-15 03:00:00+00:00,80.49000000000001,4.0,3.0,1.0,False,False,True,True,False,11406.768,10167.670750000001,2.5766666666666667,-101.17166666666667,3492.0908275,1241.235,997.55275,0.0,0.0,0.0,867.385,0.0,697.435,0.0,-2250.85,-997.6,-204.93125000000003,-867.4000000000001,-697.425,-4065.075,9.465,12.8775,13.78,15.5425,180.25,185.0,186.75,194.5,11.775,7.125,1006.9000000000001,1.251575,0.0,0.0,0.0,0.0,100.0,6.4,3.0,6.25,99.0,1008.5899999999999,6.5,92.5,18.5,187.5,15.0,0.0,5.0,0.0,3689934.0,2546438.0,29.38,23.96,0.7071067811865475,0.7071067811865476,0.43388373911755823,-0.900968867902419,0.49999999999999994,0.8660254037844387,82.78999999999999,87.645,85.0575,114.61375,30.52296372690456,81.185
2026-01-15 04:00:00+00:00,81.185,5.0,3.0,1.0,False,False,True,True,False,11441.061249999999,10334.4585,1.775,-164.44833333333332,3484.37581,1500.8475,996.4015,0.0,328.9825,0.0,958.6324999999999,0.0,684.165,0.0,-1983.5,-996.4,-328.975,-958.625,-684.1500000000001,-4204.4,9.684999999999999,13.7325,14.7275,16.7175,186.5,191.25,192.25,201.25,11.875,7.4,1006.375,1.2496749999999999,0.0,0.0,0.0,0.0,100.0,6.65,3.0,6.5,98.5,1008.185,6.5,95.0,19.0,190.0,20.0,0.0,10.0,0.0,3830466.0,2744460.0,29.38,23.96,0.8660254037844386,0.5000000000000001,0.43388373911755823,-0.900968867902419,0.49999999999999994,0.8660254037844387,80.49000000000001,89.655,87.1575,114.26083333333332,30.87107352842009,89.83250000000001
2026-01-15 05:00:00+00:00,89.83250000000001,6.0,3.0,1.0,False,False,True,True,False,11782.03775,11012.513500000001,2.239833333333333,-144.55,3767.9342225,1330.3325,1293.10825,0.0,227.375,0.0,1025.2125,0.0,505.355,0.0,-2437.625,-1293.1,-227.35,-1025.2,-505.35,-4518.825,10.5,14.5875,15.495,17.0,194.75,200.25,201.25,208.25,13.025,7.475,1006.15,1.249075,0.0,0.0,0.0,0.0,100.0,6.9,3.5,6.65,97.0,1008.165,8.5,95.0,20.0,200.0,20.0,0.0,10.0,0.0,3753494.0,2651547.0,29.38,23.96,0.9659258262890683,0.25881904510252074,0.43388373911755823,-0.900968867902419,0.49999999999999994,0.8660254037844387,81.185,93.215,96.69,114.11989583333333,30.97886573132666,96.54249999999999
2026-01-15 06:00:00+00:00,96.54249999999999,7.0,3.0,1.0,False,False,True,True,False,12511.745,12336.92875,6.375916666666667,-1.8933333333333342,3712.6383175,1008.28025,1584.52975,0.0,288.7325,0.0,893.89,0.0,470.535,0.0,-2704.375,-1584.5,-288.7,-893.875,-470.54999999999995,-4753.65,10.335,14.25,15.1125,16.5975,200.75,205.25,206.25,215.0,12.575,7.625,1005.85,1.248,0.0,0.0,0.0,0.0,100.0,7.15,4.0,6.85,97.5,1008.27,8.0,95.0,21.0,202.5,17.5,0.0,10.0,0.0,3683718.0,2756098.0,29.38,23.96,1.0,6.123233995736766e-17,0.43388373911755823,-0.900968867902419,0.49999999999999994,0.8660254037844387,89.83250000000001,104.65,124.69,113.78208333333333,31.130454757452796,95.9975
2026-01-15 07:00:00+00:00,95.9975,8.0,3.0,1.0,False,False,True,True,False,13353.909,13459.707,4.0825,4.0616666666666665,3361.0150175,782.8995,1469.4105,0.0,236.7525,0.0,639.3025,0.0,656.015,0.0,-2578.125,-1469.4,-315.6666666666667,-639.3,-656.0,-4477.55,9.6325,13.32,14.192499999999999,15.655000000000001,203.0,209.0,210.0,216.5,11.925,7.45,1006.05,1.24905,0.0,0.0,0.0,0.0,100.0,7.15,3.5,6.8,97.5,1008.315,8.0,100.0,21.0,202.5,20.0,0.0,10.0,0.0,3703261.0,3033966.0,29.38,23.96,0.9659258262890683,-0.25881904510252063,0.43388373911755823,-0.900968867902419,0.49999999999999994,0.8660254037844387,96.54249999999999,127.87,167.815,112.4540625,31.183129896075325,101.2425
2026-01-15 08:00:00+00:00,101.2425,9.0,3.0,1.0,False,False,True,True,False,13864.461,13824.756000000001,8.375,252.62,2859.6449825,804.9545,1613.971,0.0,0.0,0.0,677.86,0.0,564.305,0.0,-2054.7,-1614.0,-272.58333333333337,-677.85,-564.3,-3700.325,8.335,11.6875,12.525,13.635,207.75,214.75,215.75,224.5,10.0,7.475,1005.925,1.248775,0.0,0.0,0.0,0.0,100.0,7.199999999999999,3.5,7.0,98.0,1008.69,7.5,100.0,21.0,207.5,20.0,0.0,10.0,156958.0,2765040.0,3092455.0,29.38,23.96,0.8660254037844387,-0.49999999999999983,0.43388373911755823,-0.900968867902419,0.49999999999999994,0.8660254037844387,95.9975,130.2925,191.9025,111.24364583333335,31.02400280409823,98.0825
2026-01-15 09:00:00+00:00,98.0825,10.0,3.0,1.0,False,False,True,True,False,14041.034,13835.09625,7.11175,144.26166666666668,2528.2266475,1016.037,1493.89325,0.0,229.4925,0.0,613.1700000000001,0.0,647.0775,0.0,-1512.2,-1493.9,-229.5,-613.1500000000001,-647.05,-3375.4,8.3425,11.7475,12.532499999999999,12.945,203.0,209.25,210.75,221.0,10.325,7.25,1006.225,1.250125,6.25,0.0,6.25,0.0,100.0,7.1,4.0,7.0,99.5,1008.815,5.5,100.0,16.5,200.0,22.5,0.0,10.0,746026.0,1936343.0,2585090.0,29.38,23.96,0.7071067811865476,-0.7071067811865475,0.43388373911755823,-0.900968867902419,0.49999999999999994,0.8660254037844387,101.2425,114.88,205.64999999999998,110.54375,31.127701515377776,95.6775
2026-01-15 10:00:00+00:00,95.6775,11.0,3.0,1.0,False,False,True,True,False,14130.653,14034.05625,4.66575,-125.87166666666667,2564.6958400000003,916.193,865.72775,0.0,343.97,0.0,811.4475,0.0,538.13,0.0,-1648.475,-865.7,-343.975,-811.45,-538.15,-3558.475,8.38,12.120000000000001,12.934999999999999,13.65,201.25,208.75,210.0,215.75,10.55,7.2250000000000005,1006.625,1.250775,22.25,0.375,21.875,2.125,100.0,7.3999999999999995,4.5,7.25,99.0,1009.04,5.5,100.0,17.5,200.0,15.0,0.0,5.0,1148743.0,2322337.0,2384755.0,29.38,23.96,0.49999999999999994,-0.8660254037844387,0.43388373911755823,-0.900968867902419,0.49999999999999994,0.8660254037844387,98.0825,103.33,207.8,110.22489583333333,31.24378519488175,94.10249999999999
2026-01-15 11:00:00+00:00,94.10249999999999,12.0,3.0,1.0,False,False,True,True,False,14028.353,13828.47,3.7648333333333333,-160.995,2646.6866625000002,806.83375,794.73675,0.0,242.3075,0.0,1056.9975,0.0,422.3775,0.0,-1839.85,-794.7,-242.3,-1057.0,-422.375,-3760.2250000000004,8.1225,11.31,12.1225,13.615,195.0,201.0,201.75,208.75,10.1,7.2,1006.6,1.2508,51.5,7.925,43.575,31.650000000000002,100.0,7.6,4.5,7.300000000000001,97.5,1009.115,6.5,100.0,16.5,200.0,15.0,0.0,5.0,1473040.0,2696835.0,2404064.0,29.38,23.96,0.258819045102521,-0.9659258262890682,0.43388373911755823,-0.900968867902419,0.49999999999999994,0.8660254037844387,95.6775,97.9975,214.435,110.06260416666667,31.320083096181882,97.4675
2026-01-15 12:00:00+00:00,97.4675,13.0,3.0,1.0,False,False,True,True,False,13817.178,13836.68425,7.160666666666667,61.94833333333334,2337.0941825,855.91875,1222.5695,0.0,612.735,0.0,1058.7225,0.0,321.6325,0.0,-1481.175,-1222.6,-612.75,-1058.725,-321.65,-3779.925,8.59,11.55,12.3325,13.7675,194.5,198.5,198.75,204.25,10.6,7.25,1006.625,1.25065,53.0,4.775,48.224999999999994,17.05,100.0,7.8999999999999995,5.0,7.550000000000001,97.0,1008.84,8.0,100.0,16.0,205.0,20.0,0.0,10.0,1342786.0,2557918.0,2556347.0,29.38,23.96,1.2246467991473532e-16,-1.0,0.43388373911755823,-0.900968867902419,0.49999999999999994,0.8660254037844387,94.10249999999999,100.2825,225.0,109.9453125,31.363542220301525,102.2575
2026-01-15 13:00:00+00:00,102.2575,14.0,3.0,1.0,False,False,True,True,False,13886.54975,13747.991,8.341666666666667,124.48,2665.5366475,563.58925,1327.421,0.0,521.805,0.0,1060.4625,0.0,552.2475,0.0,-2101.95,-1327.4,-521.8,-1060.45,-552.25,-4568.325,8.942499999999999,11.8525,12.629999999999999,13.565,198.0,201.5,202.5,206.25,11.275,7.1,1005.75,1.2502,18.75,0.2,18.55,0.65,100.0,8.05,5.5,7.550000000000001,96.0,1008.63,8.5,100.0,16.0,202.5,20.0,0.0,10.0,1401447.0,2667768.0,2871903.0,29.38,23.96,-0.2588190451025208,-0.9659258262890683,0.43388373911755823,-0.900968867902419,0.49999999999999994,0.8660254037844387,97.4675,114.215,249.0075,109.44708333333331,31.387733417021174,117.4125
2026-01-15 14:00:00+00:00,117.4125,15.0,3.0,1.0,False,False,True,True,False,14339.54675,13737.062,7.626333333333334,110.26,2943.148325,266.77324999999996,1522.6025,0.0,122.57,0.0,878.06,0.0,695.6375,0.0,-2676.375,-1522.6,-122.575,-878.05,-695.625,-4753.3,8.0075,10.7125,11.4525,12.8475,193.0,196.5,197.75,200.5,11.2,7.025,1005.2,1.2499,27.0,0.575,26.425,2.4749999999999996,100.0,8.100000000000001,5.5,7.35,94.5,1008.2950000000001,10.0,100.0,15.0,192.5,20.0,0.0,10.0,885970.0,2540814.0,3039094.0,29.38,23.96,-0.4999999999999998,-0.8660254037844388,0.43388373911755823,-0.900968867902419,0.49999999999999994,0.8660254037844387,102.2575,138.32999999999998,247.355,108.57552083333331,30.83642657301656,130.485
2026-01-15 15:00:00+00:00,130.485,16.0,3.0,1.0,False,False,True,True,False,14848.849,14029.634333333333,6.7004166666666665,20.066666666666666,3414.48331,114.61725,1278.42575,0.0,269.33500000000004,0.0,703.785,0.0,687.05,0.0,-3299.85,-1278.4,-269.325,-703.775,-687.05,-5279.625,8.73,11.844999999999999,12.674999999999999,13.985,181.25,185.0,186.25,192.0,11.0,7.125,1004.9,1.24905,18.5,0.45,18.05,2.75,100.0,8.2,5.5,7.3,93.5,1008.065,12.0,100.0,15.0,185.0,20.0,0.0,10.0,586681.0,2916598.0,2440788.0,29.38,23.96,-0.7071067811865471,-0.7071067811865479,0.43388373911755823,-0.900968867902419,0.49999999999999994,0.8660254037844387,117.4125,147.8525,248.26,107.85187499999999,30.06886006798495,137.82
2026-01-15 16:00:00+00:00,137.82,17.0,3.0,1.0,False,False,True,True,False,15288.97275,13547.405229166667,7.27625,35.80166666666666,3230.263345,315.983,1033.16,0.0,575.12,0.0,1082.7575,0.0,696.825,0.0,-2914.3,-1033.2,-575.125,-1082.775,-696.85,-5527.275,8.9475,11.9775,12.735,13.935,172.25,176.75,178.0,184.25,11.35,7.05,1004.625,1.24905,5.25,0.0,5.25,0.0,100.0,7.55,4.5,5.800000000000001,89.5,1006.895,12.0,99.5,17.5,177.5,38.0,0.0,5.0,107.0,1618632.0,1074154.0,29.38,23.96,-0.8660254037844384,-0.5000000000000004,0.43388373911755823,-0.900968867902419,0.49999999999999994,0.8660254037844387,130.485,193.20499999999998,225.0,105.54416666666667,24.917477798101,110.0275
2026-01-15 17:00:00+00:00,110.0275,18.0,3.0,1.0,False,False,True,True,False,14946.587,13065.176125,8.555333333333332,241.34333333333333,4072.477515,119.2825,1136.2915,0.0,489.435,0.0,1083.0675,0.0,697.7175,0.0,-3953.2,-1136.3,-489.42499999999995,-1083.075,-697.725,-6507.5,9.1075,12.4725,13.145,14.4625,172.25,172.25,173.5,179.75,11.850000000000001,7.15,1004.0,1.247825,0.0,0.0,0.0,0.0,99.75,7.65,4.5,5.95,89.0,1006.425,12.0,100.0,19.5,167.5,34.5,0.0,0.0,93.625,1971022.5,1601127.125,29.38,23.96,-0.9659258262890683,-0.25881904510252063,0.43388373911755823,-0.900968867902419,0.49999999999999994,0.8660254037844387,137.82,180.95749999999998,194.115,102.58875,19.11470845573746,98.9975
2026-01-15 18:00:00+00:00,98.9975,19.0,3.0,1.0,False,False,True,True,False,14546.339,12582.947020833333,5.292916666666667,97.545,3260.26497,536.82925,1427.24875,0.0,614.73,0.0,1083.1475,0.0,668.2950000000001,0.0,-2723.45,-1427.2,-614.7,-1083.15,-668.275,-5446.45,8.8275,13.272499999999999,14.2925,15.899999999999999,162.25,166.75,168.0,173.25,11.475,7.175,1003.5,1.2470999999999999,0.0,0.0,0.0,0.0,100.0,7.699999999999999,4.5,5.9,88.5,1005.925,13.0,100.0,20.0,162.5,33.0,0.0,0.0,80.25,2323413.0,2128100.25,29.38,23.96,-1.0,-1.8369701987210297e-16,0.43388373911755823,-0.900968867902419,0.49999999999999994,0.8660254037844387,110.0275,158.07,135.715,100.12739583333335,15.025901486360887,93.755
2026-01-15 19:00:00+00:00,93.755,20.0,3.0,1.0,False,False,True,True,False,14145.7735,12100.717916666668,6.817833333333334,18.701666666666664,2560.9191475,1406.6599999999999,298.4585,0.0,522.5225,0.0,1083.7625,0.0,567.035,0.0,-1154.25,-298.5,-522.525,-1083.775,-567.025,-3402.2,9.629999999999999,13.99,14.885,16.6625,162.25,168.0,168.5,174.5,12.325,7.35,1003.125,1.245875,0.0,0.0,0.0,0.0,100.0,7.8999999999999995,4.5,6.0,88.0,1005.575,14.5,100.0,22.0,165.0,31.5,0.0,0.0,66.875,2675803.5,2655073.375,29.38,23.96,-0.9659258262890684,0.2588190451025203,0.43388373911755823,-0.900968867902419,0.49999999999999994,0.8660254037844387,98.9975,129.59,99.145,98.63427083333333,13.69218073587655,90.035
2026-01-15 20:00:00+00:00,90.035,21.0,3.0,1.0,False,False,True,True,False,13593.36275,11618.488812500002,6.8275,82.41499999999999,2164.14917,1587.1575,202.50025,0.0,382.34000000000003,0.0,1082.2975000000001,0.0,346.6225,0.0,-577.0,-202.5,-382.35,-1082.3,-346.6,-2438.9,10.620000000000001,15.45,16.4375,18.32,159.25,164.5,165.25,172.25,13.05,7.525,1002.525,1.24435,0.0,0.0,0.0,0.0,100.0,8.15,5.0,6.05,87.0,1005.14,16.0,100.0,23.0,165.0,30.5,0.0,5.0,53.5,3028194.0,3182046.5,29.38,23.96,-0.8660254037844386,0.5000000000000001,0.43388373911755823,-0.900968867902419,0.49999999999999994,0.8660254037844387,93.755,99.8,91.2975,98.22739583333333,13.800691706026127,88.1875
2026-01-15 21:00:00+00:00,88.1875,22.0,3.0,1.0,False,False,True,True,False,13024.3645,11136.259708333335,5.63675,-10.85,2120.961665,1483.32,1003.696,0.0,181.93,0.0,1079.725,0.0,0.0,106.7925,-637.65,-1003.7,-181.925,-1079.725,106.8,-2043.45,11.3325,15.9625,17.105,19.247500000000002,162.25,169.0,170.25,177.25,14.525,7.550000000000001,1001.975,1.243525,0.0,0.0,0.0,0.0,100.0,8.35,5.0,6.15,86.0,1004.7,16.0,100.0,25.0,165.0,30.5,0.0,5.0,40.125,3380584.5,3709019.625,29.38,23.96,-0.7071067811865477,0.7071067811865474,0.43388373911755823,-0.900968867902419,0.49999999999999994,0.8660254037844387,90.035,92.4075,88.3675,98.0515625,13.90455885540167,81.155
2026-01-15 22:00:00+00:00,81.155,23.0,3.0,1.0,False,False,True,True,False,12495.913,10654.030604166668,5.7655,6.5,1525.9849875,1636.15,1697.61825,0.0,225.26250000000002,0.0,1070.1775,0.0,25.325000000000003,25.6425,110.15,-1697.6,-225.25,-1070.15,0.3000000000000007,-1609.35,11.1725,15.7625,16.955,19.1875,159.0,165.25,166.25,172.5,14.575,7.7,1001.45,1.242225,0.0,0.0,0.0,0.0,100.0,8.7,5.0,6.25,85.0,1004.165,16.0,100.0,25.0,165.0,30.5,0.0,5.0,26.75,3732975.0,4235992.75,29.38,23.96,-0.5000000000000004,0.8660254037844384,0.43388373911755823,-0.900968867902419,0.49999999999999994,0.8660254037844387,88.1875,92.0,78.265,97.5996875,14.280904309155002,80.955
2026-01-15 23:00:00+00:00,80.955,0.0,4.0,1.0,False,False,True,True,False,12088.233,10171.801500000001,6.380333333333334,54.95666666666667,961.5308325,1334.3975,1950.33375,0.0,0.0,0.0,1052.5075000000002,0.0,214.01,0.0,372.84999999999997,-1950.3,-194.675,-1052.5,-214.02499999999998,-1381.1999999999998,12.2425,17.02,18.2625,20.2275,164.5,169.75,170.75,176.75,15.2,8.05,1001.025,1.240125,0.0,0.0,0.0,0.0,100.0,8.65,5.0,6.25,85.0,1003.65,16.0,100.0,26.5,167.5,39.0,0.0,10.0,13.375,4085365.5,4762965.875,29.38,23.96,-0.25881904510252157,0.9659258262890681,0.43388373911755823,-0.900968867902419,0.49999999999999994,0.8660254037844387,81.155,97.9425,78.8775,96.89187499999998,14.678617068679408,75.0
2026-01-16 00:00:00+00:00,75.0,1.0,4.0,1.0,False,False,True,True,False,11647.8365,9883.18,6.90925,50.61666666666667,1228.0483525,1297.3175,1807.5485,0.0,82.045,0.0,1079.0675,0.0,144.7975,0.0,69.275,-1807.5,-164.1,-1079.05,-144.825,-1688.525,12.7875,17.8275,19.1075,21.1725,166.5,171.0,172.0,178.25,15.8,8.175,1000.475,1.238925,0.0,0.0,0.0,0.0,100.0,9.5,6.0,6.300000000000001,81.0,1003.29,16.0,100.0,27.5,170.0,35.5,0.0,10.0,0.0,4437756.0,5289939.0,29.46,23.62,0.0,1.0,-0.433883739117558,-0.9009688679024191,0.49999999999999994,0.8660254037844387,80.955,92.975,70.6675,96.14291666666666,15.33122862051525,70.52
2026-01-16 01:00:00+00:00,70.52,2.0,4.0,1.0,False,False,True,True,False,11509.4735,9764.76325,5.046916666666666,1.895,1206.8933325,1519.675,1583.50225,0.0,482.65999999999997,0.0,1079.9325,0.0,234.225,0.0,312.775,-1583.5,-482.65,-1079.9,-234.22500000000002,-1879.925,12.7225,17.6575,18.9025,20.9775,174.5,179.0,180.0,185.25,15.825000000000001,8.125,1000.375,1.2389999999999999,0.0,0.0,0.0,0.0,100.0,9.5,6.0,6.5,81.5,1003.065,16.0,100.0,29.0,177.5,34.5,0.0,10.0,0.0,4459226.0,5473833.0,29.46,23.62,0.25881904510252074,0.9659258262890683,-0.433883739117558,-0.9009688679024191,0.49999999999999994,0.8660254037844387,75.0,87.9325,54.055,95.41739583333333,16.127967766652088,67.23
2026-01-16 02:00:00+00:00,67.23,3.0,4.0,1.0,False,False,True,True,False,11597.243,9628.0275,5.630916666666666,11.033333333333333,1146.9224975,1425.0375,1581.32275,0.0,613.4,0.0,1079.635,0.0,178.5875,0.0,278.125,-1581.3,-613.4,-1079.65,-178.575,-1988.85,13.28,17.84,19.105,20.805,187.75,191.25,192.25,198.0,16.450000000000003,8.125,1000.775,1.239525,0.0,0.0,0.0,0.0,100.0,9.45,5.5,6.75,84.0,1003.53,16.0,100.0,30.0,187.5,33.5,0.0,10.0,0.0,4460730.0,5329001.0,29.46,23.62,0.49999999999999994,0.8660254037844387,-0.433883739117558,-0.9009688679024191,0.49999999999999994,0.8660254037844387,70.52,82.78999999999999,46.5775,94.7690625,16.949478650641304,70.8075
2026-01-16 03:00:00+00:00,70.8075,4.0,4.0,1.0,False,False,True,True,False,11689.610499999999,9615.02275,1.7661666666666667,-100.89,864.2758225,1565.5925,2192.129,0.0,114.2925,0.0,1078.1325,0.0,306.4575,0.0,701.3000000000001,-2192.1,-152.4,-1078.125,-306.45000000000005,-1345.575,13.0425,16.9425,18.0825,19.692500000000003,203.0,207.75,208.5,213.0,16.225,8.1,1001.475,1.2405,0.0,0.0,0.0,0.0,99.75,9.35,5.5,6.8,84.0,1004.165,16.0,100.0,30.0,195.0,25.0,0.0,10.0,0.0,4435904.0,5738645.0,29.46,23.62,0.7071067811865475,0.7071067811865476,-0.433883739117558,-0.9009688679024191,0.49999999999999994,0.8660254037844387,67.23,80.49000000000001,47.845,94.36562500000001,17.413025581974285,81.2375
2026-01-16 04:00:00+00:00,81.2375,5.0,4.0,1.0,False,False,True,True,False,11883.95875,9950.96625,1.9517499999999999,-143.98333333333332,235.921675,1421.225,2445.03075,0.0,56.695,105.3625,1078.2575000000002,0.0,111.075,0.595,1185.3,-2445.0,64.9,-1078.25,-110.475,-566.025,12.2275,15.57,16.805,17.919999999999998,222.0,226.75,227.75,231.5,15.175,7.85,1002.65,1.24305,0.0,0.0,0.0,0.0,86.75,9.0,5.5,6.8,86.5,1005.0999999999999,16.0,100.0,29.5,207.5,22.5,0.0,10.0,0.0,4453617.0,6004340.0,29.46,23.62,0.8660254037844386,0.5000000000000001,-0.433883739117558,-0.9009688679024191,0.49999999999999994,0.8660254037844387,70.8075,81.185,57.662499999999994,94.3678125,17.41130099515147,90.7225
2026-01-16 05:00:00+00:00,90.7225,6.0,4.0,1.0,False,False,True,True,False,12346.7055,10692.7965,4.787583333333333,-16.308333333333334,177.64083499999998,1434.865,2001.04525,0.0,0.0,434.905,1077.0875,0.0,187.695,0.0,1257.25,-2001.0,434.9,-1077.075,-187.675,-72.9,12.295,14.7925,15.515,15.9,237.0,243.0,243.25,242.75,15.350000000000001,7.825,1003.9,1.244675,0.0,0.0,0.0,0.0,86.5,8.600000000000001,5.0,6.45,86.5,1006.4,16.0,100.0,25.0,215.0,17.5,0.0,5.0,0.0,4312207.0,5827093.0,29.46,23.62,0.9659258262890683,0.25881904510252074,-0.433883739117558,-0.9009688679024191,0.49999999999999994,0.8660254037844387,81.2375,89.83250000000001,77.72,94.40489583333334,17.402166898418983,98.6
2026-01-16 06:00:00+00:00,98.6,7.0,4.0,1.0,False,False,True,True,False,13225.5785,12193.27475,4.539666666666666,-1.101666666666667,351.10335,987.43075,1902.33275,0.0,0.0,399.0175,1076.61,0.0,12.9625,50.205000000000005,636.3,-1902.3,399.025,-1076.65,37.25,-479.6,10.192499999999999,12.1225,12.78,13.3475,240.75,245.5,245.75,246.25,12.95,7.175,1005.325,1.249375,0.0,0.0,0.0,0.0,100.0,8.3,5.0,6.300000000000001,88.0,1007.5899999999999,16.0,95.0,22.0,217.5,15.0,0.0,5.0,0.0,3392723.0,5534476.0,29.46,23.62,1.0,6.123233995736766e-17,-0.433883739117558,-0.9009688679024191,0.49999999999999994,0.8660254037844387,90.7225,96.54249999999999,89.19,94.49062500000001,17.418215918631166,105.2
2026-01-16 07:00:00+00:00,105.2,8.0,4.0,1.0,False,False,True,True,False,14166.6315,13701.72725,7.089583333333334,53.86666666666667,379.9691625,859.6795,1898.33225,0.0,0.0,506.66999999999996,1080.3225,0.0,544.8575,0.0,479.725,-1898.3,506.67499999999995,-1080.35,-544.85,-1113.375,8.5725,10.225,10.817499999999999,11.07,225.0,234.75,235.0,237.5,11.45,6.925000000000001,1006.7,1.252175,0.0,0.0,0.0,0.0,100.0,7.75,4.5,5.949999999999999,89.0,1008.49,16.0,92.5,17.5,222.5,15.0,0.0,5.0,0.0,2096451.0,4798019.0,29.46,23.62,0.9659258262890683,-0.25881904510252063,-0.433883739117558,-0.9009688679024191,0.49999999999999994,0.8660254037844387,98.6,95.9975,92.62,94.8740625,17.55359384750963,113.4425
2026-01-16 08:00:00+00:00,113.4425,9.0,4.0,1.0,False,False,True,True,False,14629.582,14379.351,6.361166666666667,-78.36666666666666,0.0,1406.5591650000001,2578.34425,0.0,0.0,518.2125,1078.2575000000002,0.0,594.6725,0.0,1406.575,-2578.3,518.1999999999999,-1078.25,-594.675,-392.775,7.595000000000001,9.315,10.030000000000001,10.3,217.0,225.25,226.25,230.75,9.8,7.1,1008.05,1.253075,1.25,0.0,1.25,0.0,99.75,7.15,4.5,5.9,92.0,1009.475,14.5,90.0,14.5,217.5,15.0,0.0,5.0,350254.0,1115654.0,3374300.0,29.46,23.62,0.8660254037844387,-0.49999999999999983,-0.433883739117558,-0.9009688679024191,0.49999999999999994,0.8660254037844387,105.2,101.2425,92.28,95.38239583333332,17.918884037565896,104.19
2026-01-16 09:00:00+00:00,104.19,10.0,4.0,1.0,False,False,True,True,False,14701.7675,13760.304,9.171666666666665,199.85,73.500835,1327.420835,2500.66225,0.0,0.0,405.86,1078.2875,0.0,480.13,0.0,1253.925,-2500.7,405.85,-1078.275,-480.15,-523.825,7.48,9.612499999999999,10.1875,10.4575,204.5,209.5,210.5,216.0,9.649999999999999,6.875,1009.175,1.2555,35.0,5.575,29.424999999999997,51.125,100.0,6.9,4.0,5.800000000000001,92.5,1010.49,14.5,88.0,13.0,205.0,10.0,0.0,0.0,1824041.0,832271.0,1926063.0,29.46,23.62,0.7071067811865476,-0.7071067811865475,-0.433883739117558,-0.9009688679024191,0.49999999999999994,0.8660254037844387,113.4425,98.0825,103.0575,95.63687499999999,18.00207284637848,93.6525
2026-01-16 10:00:00+00:00,93.6525,11.0,4.0,1.0,False,False,True,True,False,14688.6295,13148.269,5.293666666666667,-36.69166666666667,364.921665,1043.51825,2383.257,0.0,0.0,622.5475,1075.55,0.0,534.415,0.0,678.5749999999999,-2383.3,622.55,-1075.55,-534.4,-904.675,6.49,8.5725,9.115,9.6525,199.25,207.75,208.5,211.0,8.175,6.775,1010.2249999999999,1.25725,56.25,8.275,47.975,42.575,99.0,7.5,5.0,6.15,91.5,1011.365,15.0,91.5,14.5,197.5,10.0,0.0,0.0,3284375.0,856634.0,1201221.0,29.46,23.62,0.49999999999999994,-0.8660254037844387,-0.433883739117558,-0.9009688679024191,0.49999999999999994,0.8660254037844387,104.19,95.6775,103.4075,95.55250000000001,18.006619133216226,94.6725
2026-01-16 11:00:00+00:00,94.6725,12.0,4.0,1.0,False,False,True,True,False,14714.863,12582.768,3.0900000000000003,-172.41833333333335,841.0491850000001,670.649,2083.60025,0.0,0.0,618.6725,1019.06,0.0,328.425,0.0,-170.425,-2083.6,618.65,-1019.075,-328.425,-1420.1,6.3325,8.125,8.635,10.08,191.5,201.0,202.25,210.25,7.95,6.824999999999999,1010.975,1.2579500000000001,138.0,48.025,89.975,183.8,100.0,8.05,5.5,6.199999999999999,88.5,1012.05,16.0,87.5,14.5,200.0,15.0,0.0,5.0,4508340.0,1354808.0,776834.0,29.46,23.62,0.258819045102521,-0.9659258262890682,-0.433883739117558,-0.9009688679024191,0.49999999999999994,0.8660254037844387,93.6525,94.10249999999999,95.5925,95.57625,18.004999320841176,94.53
2026-01-16 12:00:00+00:00,94.53,13.0,4.0,1.0,False,False,True,True,False,14570.66725,12354.056,3.3953333333333333,-335.64833333333337,1795.96943,106.08975,1314.27675,0.0,0.0,591.9225,984.9125,0.0,153.5675,0.0,-1689.9,-1314.3,591.95,-984.925,-153.575,-2565.0,6.66,8.96,9.5425,10.2625,193.75,197.5,198.75,205.5,8.375,7.025,1011.15,1.257275,201.0,91.675,109.325,315.4,74.5,8.5,6.0,6.5,88.0,1012.165,16.0,90.0,12.5,192.5,15.0,0.0,5.0,5532633.0,1415493.0,596200.0,29.46,23.62,1.2246467991473532e-16,-1.0,-0.433883739117558,-0.9009688679024191,0.49999999999999994,0.8660254037844387,94.6725,97.4675,93.75999999999999,95.45385416666666,18.00156791147091,106.8025
2026-01-16 13:00:00+00:00,106.8025,14.0,4.0,1.0,False,False,True,True,False,14874.16025,12391.173,5.895,-78.28500000000001,3752.8133175000003,0.0,1423.4495,0.0,0.0,561.12,136.0375,0.0,130.595,0.0,-3752.8,-1423.4,561.125,-136.05,-130.625,-3814.2,6.465,8.657499999999999,9.2575,9.8875,185.0,193.75,194.5,201.0,8.075,6.9,1011.5,1.258275,221.0,112.75,108.25,400.5,65.75,8.7,7.0,6.6,87.0,1012.485,16.0,92.5,12.5,192.5,15.0,0.0,5.0,5268125.0,1097227.0,653917.0,29.46,23.62,-0.2588190451025208,-0.9659258262890683,-0.433883739117558,-0.9009688679024191,0.49999999999999994,0.8660254037844387,94.53,102.2575,94.0375,95.64322916666667,18.099891596468414,128.66
2026-01-16 14:00:00+00:00,128.66,15.0,4.0,1.0,False,False,True,True,False,15005.973750000001,13478.53225,4.98525,-81.805,3628.253305,0.0,1426.65275,0.0,0.0,599.845,0.0,987.6425,113.095,10.815,-3628.25,-1426.7,599.85,987.6500000000001,-102.275,-2499.7,6.345,9.0225,9.65,10.2175,181.25,184.5,185.25,189.5,8.15,6.949999999999999,1011.9,1.2585250000000001,148.0,63.975,84.025,276.575,85.0,9.0,7.5,6.75,86.0,1012.8,16.0,89.0,10.5,185.0,15.0,0.0,5.0,2992256.0,905324.0,701440.0,29.46,23.62,-0.4999999999999998,-0.8660254037844388,-0.433883739117558,-0.9009688679024191,0.49999999999999994,0.8660254037844387,106.8025,117.4125,90.96000000000001,96.11187500000001,18.81936404821802,157.4325
2026-01-16 15:00:00+00:00,157.4325,16.0,4.0,1.0,False,False,True,True,False,15409.24425,14477.853333333333,5.080333333333333,-59.07,3129.998335,0.0,1228.623,0.0,0.0,602.755,0.0,1043.7325,0.0,333.0225,-3129.975,-1228.6,602.75,1043.7,333.025,-1457.675,5.8774999999999995,8.557500000000001,9.165,9.7325,179.75,185.0,186.25,191.0,8.15,7.1,1012.225,1.258275,100.0,34.400000000000006,65.6,227.9,99.25,8.9,8.0,6.9,87.5,1013.0350000000001,16.0,88.0,7.5,170.0,10.0,0.0,0.0,671132.0,881815.0,490976.0,29.46,23.62,-0.7071067811865471,-0.7071067811865479,-0.433883739117558,-0.9009688679024191,0.49999999999999994,0.8660254037844387,128.66,130.485,91.575,97.2346875,21.56317814702381,166.825
2026-01-16 16:00:00+00:00,166.825,17.0,4.0,1.0,False,False,True,True,False,15891.508,14167.342010416665,8.443333333333333,67.62833333333333,2683.631655,0.0,1282.69625,0.0,0.0,620.13,0.0,958.9275,0.0,652.09,-2683.625,-1282.7,620.1500000000001,958.9250000000001,652.075,-773.1500000000001,5.895,8.175,8.69,9.105,169.25,177.0,179.0,185.0,7.275,7.0,1012.75,1.259375,18.25,2.0999999999999996,16.15,24.6,100.0,8.399999999999999,6.5,6.1,85.5,1013.45,16.0,92.5,9.0,157.5,15.0,0.0,0.0,1714.0,385068.0,88704.0,29.46,23.62,-0.8660254037844384,-0.5000000000000004,-0.433883739117558,-0.9009688679024191,0.49999999999999994,0.8660254037844387,157.4325,137.82,94.0,98.44322916666665,24.543586112916945,161.10999999999999
2026-01-16 17:00:00+00:00,161.10999999999999,18.0,4.0,1.0,False,False,True,True,False,15530.52675,13856.8306875,7.075666666666667,57.736666666666665,2691.5154825,0.0,1298.07025,0.0,0.0,622.7874999999999,0.0,465.03749999999997,54.065,18.385,-2691.525,-1298.1,622.8000000000001,465.05,-35.675,-1963.875,5.422499999999999,8.219999999999999,8.7775,9.31,164.75,179.0,180.25,185.0,7.425,7.2,1013.075,1.2589,0.0,0.0,0.0,0.0,95.5,8.1,6.5,6.2,88.0,1013.785,16.0,92.5,10.0,145.0,15.0,0.0,5.0,1499.75,492498.0,97265.625,29.46,23.62,-0.9659258262890683,-0.25881904510252063,-0.433883739117558,-0.9009688679024191,0.49999999999999994,0.8660254037844387,166.825,110.0275,91.8775,100.57166666666666,27.614676446658528,153.21
2026-01-16 18:00:00+00:00,153.21,19.0,4.0,1.0,False,False,True,True,False,14977.89625,13546.319364583333,7.736666666666666,80.85666666666665,3392.5107675,0.0,1424.875,0.0,0.0,620.5525,0.0,302.49,0.0,218.09750000000003,-3392.5,-1424.9,620.525,302.5,218.1,-2607.575,5.0075,7.5275,7.9675,8.5525,168.0,185.0,187.0,184.25,6.8,7.075,1013.625,1.260125,0.0,0.0,0.0,0.0,90.25,7.65,5.5,6.1,89.5,1014.4,16.0,95.0,10.5,147.5,22.5,0.0,5.0,1285.5,599928.0,105827.25,29.46,23.62,-1.0,-1.8369701987210297e-16,-0.433883739117558,-0.9009688679024191,0.49999999999999994,0.8660254037844387,161.10999999999999,98.9975,87.52250000000001,102.83052083333332,29.624443619607458,133.0
2026-01-16 19:00:00+00:00,133.0,20.0,4.0,1.0,False,False,True,True,False,14479.47525,13235.808041666667,6.6634166666666665,45.39833333333333,3566.510345,0.0,1165.983,0.0,0.0,616.3725,0.0,277.0775,473.0275,0.0,-3566.5,-1166.0,616.35,277.1,-473.025,-3437.6,4.8149999999999995,7.0825,7.5925,7.672499999999999,157.0,181.5,182.75,176.25,6.525,6.95,1014.05,1.261225,0.0,0.0,0.0,0.0,98.0,7.4,5.5,6.05,91.5,1014.8,14.5,97.5,10.5,147.5,37.5,0.0,5.0,1071.25,707358.0,114388.875,29.46,23.62,-0.9659258262890684,0.2588190451025203,-0.433883739117558,-0.9009688679024191,0.49999999999999994,0.8660254037844387,153.21,93.755,85.2,104.46572916666668,30.179632361901998,116.59
2026-01-16 20:00:00+00:00,116.59,21.0,4.0,1.0,False,False,True,True,False,14084.7375,12925.29671875,6.7251666666666665,7.911666666666666,3526.6241775,0.0,1103.32925,0.0,0.0,616.915,105.475,0.0,674.2975,0.0,-3526.625,-1103.3,616.95,-105.475,-674.3,-3965.3,5.047499999999999,7.29,7.735,7.75,156.5,166.25,168.0,177.0,6.375,7.05,1014.525,1.2613750000000001,0.0,0.0,0.0,0.0,100.0,7.25,5.0,6.15,92.5,1015.2,13.5,100.0,11.5,147.5,10.0,0.0,0.0,857.0,814788.0,122950.5,29.46,23.62,-0.8660254037844386,0.5000000000000001,-0.433883739117558,-0.9009688679024191,0.49999999999999994,0.8660254037844387,133.0,90.035,85.6,105.5721875,30.114278583860752,116.05
2026-01-16 21:00:00+00:00,116.05,22.0,4.0,1.0,False,False,True,True,False,13673.542,12614.785395833333,5.4855833333333335,-23.325,3377.0816525,0.0,1439.89275,0.0,0.0,622.6075,537.3199999999999,0.0,661.6675,0.0,-3377.075,-1439.9,622.6,-537.275,-661.675,-4313.425,4.3975,6.87,7.342499999999999,7.53,142.75,158.25,160.0,172.75,6.225,6.925,1014.825,1.2623,0.0,0.0,0.0,0.0,99.5,7.1,5.0,6.2,94.0,1015.485,13.0,100.0,11.5,145.0,10.0,0.0,0.0,642.75,922218.0,131512.125,29.46,23.62,-0.7071067811865477,0.7071067811865474,-0.433883739117558,-0.9009688679024191,0.49999999999999994,0.8660254037844387,116.59,88.1875,85.0,106.73312499999999,29.95156625840355,102.6225
2026-01-16 22:00:00+00:00,102.6225,23.0,4.0,1.0,False,False,True,True,False,13295.58875,12304.274072916667,7.846916666666667,100.11166666666666,3234.965825,0.0,1617.42875,0.0,0.0,622.18,396.9075,0.0,674.1725,0.0,-3234.95,-1617.4,622.2,-396.925,-674.2,-4088.225,4.5825,7.265,7.625,7.577500000000001,136.5,148.25,150.5,162.75,5.75,6.95,1015.15,1.2626,0.0,0.0,0.0,0.0,99.25,7.050000000000001,5.5,6.05,94.0,1015.73,13.0,100.0,10.5,150.0,10.0,0.0,0.0,428.5,1029648.0,140073.75,29.46,23.62,-0.5000000000000004,0.8660254037844384,-0.433883739117558,-0.9009688679024191,0.49999999999999994,0.8660254037844387,116.05,81.155,78.2275,107.62760416666667,29.471187048052588,104.5025
2026-01-16 23:00:00+00:00,104.5025,0.0,5.0,1.0,True,False,False,True,False,12908.11425,11993.76275,7.706416666666667,33.766666666666666,2942.9851675,0.0,1095.14175,0.0,0.0,569.5925,681.185,0.0,661.0425,0.0,-2942.975,-1095.1,569.575,-681.175,-661.05,-3989.3999999999996,4.7725,6.715,7.1675,6.51,134.25,153.5,155.25,163.25,5.95,6.85,1015.075,1.262925,0.0,0.0,0.0,0.0,92.25,6.75,5.0,5.85,94.0,1015.8,12.0,100.0,10.5,142.5,10.0,0.0,0.0,214.25,1137078.0,148635.375,29.46,23.62,-0.25881904510252157,0.9659258262890681,-0.433883739117558,-0.9009688679024191,0.49999999999999994,0.8660254037844387,102.6225,80.955,75.16499999999999,108.60875,28.93163219219345,101.245
2026-01-17 00:00:00+00:00,101.245,1.0,5.0,1.0,True,False,False,True,False,12500.73375,11857.32375,6.007416666666667,-9.781666666666666,2035.0215050000002,0.0,1516.63975,0.0,0.0,622.79,749.12,0.0,330.5425,0.0,-2035.025,-1516.6,622.775,-749.1,-330.54999999999995,-2871.075,4.922499999999999,6.7475000000000005,7.1975,6.675,129.5,146.0,147.75,156.5,6.025,6.975,1015.3,1.26265,0.0,0.0,0.0,0.0,100.0,6.7,4.5,5.800000000000001,93.5,1015.8,12.0,100.0,10.5,127.5,10.0,0.0,0.0,0.0,1244508.0,157197.0,29.46,23.62,0.0,1.0,-0.9749279121818236,-0.2225209339563146,0.49999999999999994,0.8660254037844387,104.5025,75.0,69.84,109.70229166666667,28.089826091416647,98.14750000000001
2026-01-17 01:00:00+00:00,98.14750000000001,2.0,5.0,1.0,True,False,False,True,False,12154.69375,11540.92325,6.3365,0.288333333333333,1684.6634225,0.0,1496.4885,0.0,0.0,601.485,980.9,0.0,443.9175,4.985,-1684.65,-1496.5,601.5,-980.875,-438.94999999999993,-2877.125,4.6025,6.665,7.105,7.25,120.75,145.5,146.75,158.25,5.8,6.775,1015.4,1.2637,0.0,0.0,0.0,0.0,100.0,6.550000000000001,4.5,5.9,95.5,1015.815,10.5,100.0,11.5,122.5,20.0,0.0,10.0,0.0,1361622.0,178195.0,29.46,23.62,0.25881904510252074,0.9659258262890683,-0.9749279121818236,-0.2225209339563146,0.49999999999999994,0.8660254037844387,101.245,70.52,66.2375,110.8534375,26.957566926041896,96.0
2026-01-17 02:00:00+00:00,96.0,3.0,5.0,1.0,True,False,False,True,False,11804.45025,11225.324499999999,6.684833333333333,46.31666666666667,2575.566835,0.0,1124.476,0.0,0.0,584.645,739.5475,0.0,460.735,0.0,-2575.575,-1124.5,584.65,-739.55,-460.72499999999997,-3472.325,4.7875,7.4425,7.8575,7.0425,124.0,145.0,147.0,150.25,6.0,6.925,1015.425,1.26305,0.0,0.0,0.0,0.0,100.0,6.6,4.0,5.85,95.0,1015.75,10.5,100.0,12.0,117.5,22.5,0.0,10.0,0.0,1097817.0,193949.0,29.46,23.62,0.49999999999999994,0.8660254037844387,-0.9749279121818236,-0.2225209339563146,0.49999999999999994,0.8660254037844387,98.14750000000001,67.23,66.535,112.0521875,25.535543688635304,94.74000000000001
2026-01-17 03:00:00+00:00,94.74000000000001,4.0,5.0,1.0,True,False,False,True,False,11775.98775,11124.88425,5.236166666666667,-4.421666666666667,2479.4201725000003,0.0,1587.395,0.0,0.0,612.55,715.0675,0.0,524.5125,0.0,-2479.425,-1587.4,612.55,-715.075,-524.525,-3503.3,5.1225000000000005,7.78,8.092500000000001,7.405,112.25,127.5,127.5,141.0,6.175,6.75,1015.075,1.2634,0.0,0.0,0.0,0.0,100.0,6.6,4.5,5.9,95.5,1015.475,10.5,100.0,12.0,117.5,22.5,0.0,10.0,0.0,1076134.0,396270.0,29.46,23.62,0.7071067811865475,0.7071067811865476,-0.9749279121818236,-0.2225209339563146,0.49999999999999994,0.8660254037844387,96.0,70.8075,66.5125,113.049375,24.29187930432488,94.3725
2026-01-17 04:00:00+00:00,94.3725,5.0,5.0,1.0,True,False,False,True,False,11826.7905,11169.5955,5.333166666666667,-7.036666666666667,2647.1154975,0.0,1798.60525,0.0,0.0,610.3125,908.9875,0.0,219.355,0.0,-2647.125,-1798.6,610.325,-909.0,-219.35,-3614.7749999999996,4.2575,5.539999999999999,5.8225,5.3675,111.0,138.25,138.75,149.25,5.15,6.625,1015.4,1.264375,0.0,0.0,0.0,0.0,98.75,6.75,4.5,5.85,94.5,1015.31,11.5,100.0,13.0,120.0,30.0,0.0,10.0,0.0,1330412.0,465477.0,29.46,23.62,0.8660254037844386,0.5000000000000001,-0.9749279121818236,-0.2225209339563146,0.49999999999999994,0.8660254037844387,94.74000000000001,81.2375,68.9775,113.59666666666668,23.684370002758236,94.25
2026-01-17 05:00:00+00:00,94.25,6.0,5.0,1.0,True,False,False,True,False,12158.307,11238.57925,6.900833333333334,5.348333333333334,2275.5966550000003,0.0,2306.338,0.0,0.0,445.655,728.4975,0.0,697.015,0.0,-2275.625,-2306.3,445.65,-728.525,-697.0,-3832.05,4.74,6.4725,6.865,7.210000000000001,115.0,131.75,132.25,152.0,5.875,6.65,1015.5,1.264375,0.0,0.0,0.0,0.0,100.0,7.05,4.0,5.800000000000001,92.0,1015.435,13.5,99.0,14.0,130.0,27.5,0.0,10.0,0.0,996558.0,558876.0,29.46,23.62,0.9659258262890683,0.25881904510252074,-0.9749279121818236,-0.2225209339563146,0.49999999999999994,0.8660254037844387,94.3725,90.7225,71.63,113.74364583333333,23.546792763457557,96.24000000000001
2026-01-17 06:00:00+00:00,96.24000000000001,7.0,5.0,1.0,True,False,False,True,False,12777.20925,11778.617,4.883333333333334,-39.18833333333334,2311.1972575,0.0,2079.5365,0.0,0.0,363.7275,544.9675,0.0,694.7875,0.0,-2311.175,-2079.5,363.725,-544.975,-694.8,-3707.125,5.547499999999999,7.405,7.885,8.085,108.0,117.75,119.0,139.75,6.725,6.55,1015.475,1.264825,0.0,0.0,0.0,0.0,92.5,7.050000000000001,4.0,5.65,91.0,1015.685,14.5,95.0,14.0,137.5,17.5,0.0,5.0,0.0,891883.0,618035.0,29.46,23.62,1.0,6.123233995736766e-17,-0.9749279121818236,-0.2225209339563146,0.49999999999999994,0.8660254037844387,94.25,98.6,78.0,113.64531249999999,23.617604781277834,104.25
2026-01-17 07:00:00+00:00,104.25,8.0,5.0,1.0,True,False,False,True,False,13557.811,12565.702000000001,7.3581666666666665,27.716666666666665,2931.2964225,0.0,1644.81575,0.0,0.0,575.65,125.47999999999999,0.0,687.48,0.0,-2931.275,-1644.8,575.65,-125.475,-687.475,-3579.825,4.7225,7.18,7.6875,8.39,122.5,139.25,140.25,150.0,5.925,6.4,1015.975,1.2661,0.0,0.0,0.0,0.0,99.25,6.65,4.0,5.35,91.5,1016.165,14.5,95.0,13.5,135.0,15.0,0.0,5.0,0.0,1136331.0,521448.0,29.46,23.62,0.9659258262890683,-0.25881904510252063,-0.9749279121818236,-0.2225209339563146,0.49999999999999994,0.8660254037844387,96.24000000000001,105.2,86.0525,113.60572916666666,23.633165594589826,114.3175
2026-01-17 08:00:00+00:00,114.3175,9.0,5.0,1.0,True,False,False,True,False,14286.17475,12374.14375,8.5955,190.395,2459.860835,0.0,2006.2535,0.0,0.0,619.8824999999999,445.2975,0.0,678.2774999999999,0.0,-2459.825,-2006.3,619.875,-445.275,-678.275,-3465.1,4.734999999999999,7.3774999999999995,8.0175,8.6,126.5,140.0,140.75,153.75,6.15,6.725,1016.35,1.265075,1.0,0.0,1.0,0.0,97.5,6.45,3.5,5.1,91.5,1016.835,14.5,95.0,14.5,135.0,10.0,0.0,0.0,530920.0,935966.0,648043.0,29.46,23.62,0.8660254037844387,-0.49999999999999983,-0.9749279121818236,-0.2225209339563146,0.49999999999999994,0.8660254037844387,104.25,113.4425,91.0925,113.64218749999999,23.633577753959802,110.26
2026-01-17 09:00:00+00:00,110.26,10.0,5.0,1.0,True,False,False,True,False,14662.22025,11238.23075,6.630750000000001,7.343333333333334,2257.3308375,0.0,2211.28475,0.0,0.0,538.3075,1082.7775000000001,0.0,697.73,0.0,-2257.325,-2211.3,538.325,-1082.775,-697.725,-4052.375,4.9525,7.1125,7.72,8.7775,135.25,145.75,147.75,164.0,6.2,6.675,1016.775,1.26585,42.75,7.675,35.075,68.72500000000001,95.25,6.6,4.0,5.15,90.5,1017.4,14.5,85.0,13.5,145.0,10.0,0.0,0.0,3243116.0,900797.0,516559.0,29.46,23.62,0.7071067811865476,-0.7071067811865475,-0.9749279121818236,-0.2225209339563146,0.49999999999999994,0.8660254037844387,114.3175,104.19,93.105,113.89510416666667,23.560392409249594,98.5675
2026-01-17 10:00:00+00:00,98.5675,11.0,5.0,1.0,True,False,False,True,False,14468.96925,9814.1645,5.019833333333334,-121.66166666666666,2878.71667,0.0,1940.3825,0.0,0.0,43.765,1078.7,0.0,697.965,0.0,-2878.7,-1940.4,87.5,-1078.675,-697.95,-5096.725,5.1225000000000005,7.1775,7.7525,8.2325,140.5,152.5,154.5,173.75,6.375,6.625,1017.25,1.266675,131.0,50.675,80.325,265.025,90.5,7.3,5.5,5.449999999999999,88.5,1017.8199999999999,16.0,90.5,11.5,140.0,10.0,0.0,0.0,6246210.0,791132.0,474610.0,29.46,23.62,0.49999999999999994,-0.8660254037844387,-0.9749279121818236,-0.2225209339563146,0.49999999999999994,0.8660254037844387,110.26,93.6525,95.00999999999999,114.09989583333333,23.397588091965897,102.855
2026-01-17 11:00:00+00:00,102.855,12.0,5.0,1.0,True,False,False,True,False,14386.2405,8719.55825,5.1575,-162.55,2945.680935,0.0,2029.78225,0.0,0.0,36.0375,1083.175,0.0,697.6725,0.0,-2945.675,-2029.8,144.2,-1083.175,-697.675,-5197.925,4.39,6.2325,6.7875,8.0425,148.0,160.5,161.75,165.5,5.525,6.775,1017.625,1.266475,197.75,94.7,103.05,365.325,99.0,8.0,6.5,5.550000000000001,84.5,1017.925,16.0,87.5,10.5,140.0,10.0,0.0,0.0,8265630.0,555276.0,442804.0,29.46,23.62,0.258819045102521,-0.9659258262890682,-0.9749279121818236,-0.2225209339563146,0.49999999999999994,0.8660254037844387,98.5675,94.6725,95.9925,114.44083333333333,23.16060955901087,102.7225
2026-01-17 12:00:00+00:00,102.7225,13.0,5.0,1.0,True,False,False,True,False,14237.781500000001,8661.414499999999,5.211833333333333,-91.425,3627.5712575,0.0,2060.477,0.0,0.0,438.8175,1082.9325,0.0,697.0600000000001,0.0,-3627.575,-2060.5,438.85,-1082.975,-697.075,-5483.875,4.4,6.245,6.725,7.2,159.75,171.5,173.0,177.5,5.475,7.025,1017.85,1.265625,240.25,128.725,111.525,443.0,95.75,8.55,7.0,6.05,85.0,1017.8,16.0,83.0,10.5,132.5,15.0,0.0,5.0,8816347.0,302872.0,376970.0,29.46,23.62,1.2246467991473532e-16,-1.0,-0.9749279121818236,-0.2225209339563146,0.49999999999999994,0.8660254037844387,102.855,94.53,98.35,114.7821875,22.91344746271012,107.57
2026-01-17 13:00:00+00:00,107.57,14.0,5.0,1.0,True,False,False,True,False,14192.436,9503.5395,5.800666666666666,-31.833333333333332,4357.6708275,0.0,1798.586,0.0,0.0,562.1475,1038.785,0.0,673.505,0.0,-4357.65,-1798.6,562.15,-1038.825,-673.525,-5957.475,3.78,5.0675,5.427499999999999,5.655,151.0,167.75,169.5,174.75,4.85,7.0,1018.0,1.2659,219.75,110.97500000000001,108.775,389.075,61.25,8.65,7.5,6.1,84.5,1017.9000000000001,16.0,81.5,9.0,135.0,17.5,0.0,5.0,7134693.0,118774.0,223237.0,29.46,23.62,-0.2588190451025208,-0.9659258262890683,-0.9749279121818236,-0.2225209339563146,0.49999999999999994,0.8660254037844387,102.7225,106.8025,104.3675,114.81416666666667,22.902359294009475,122.4075
2026-01-17 14:00:00+00:00,122.4075,15.0,5.0,1.0,True,False,False,True,False,14727.858,11019.563,5.780583333333333,-42.538333333333334,3519.501905,0.0,1703.62275,0.0,0.0,615.8924999999999,363.8775,0.0,468.975,0.0,-3519.5,-1703.6,615.9,-363.875,-468.975,-4162.375,2.6100000000000003,4.0425,4.3525,4.2675,157.25,183.0,184.75,183.75,4.725,7.1,1018.35,1.2659,184.25,88.225,96.025,368.35,75.75,8.85,8.0,6.4,84.5,1018.085,15.0,82.5,6.5,122.5,15.0,0.0,5.0,4812068.0,78221.0,95319.0,29.46,23.62,-0.4999999999999998,-0.8660254037844388,-0.9749279121818236,-0.2225209339563146,0.49999999999999994,0.8660254037844387,107.57,128.66,110.9025,114.55364583333333,22.773209004403856,134.085
2026-01-17 15:00:00+00:00,134.085,16.0,5.0,1.0,True,False,False,True,False,15355.880000000001,12556.702333333335,7.212916666666667,37.230000000000004,1393.100825,0.0,1487.27475,0.0,0.0,622.6075,463.2325,0.0,670.87,0.0,-1393.125,-1487.3,622.625,-463.25,-670.875,-2276.425,2.2800000000000002,2.76,3.0300000000000002,3.4725,197.0,203.0,204.5,160.0,3.65,7.075,1018.8,1.26655,112.0,43.425,68.575,276.025,87.75,8.6,8.0,6.4,86.5,1018.5999999999999,16.0,80.0,6.5,102.5,10.0,0.0,0.0,1213371.0,74963.0,37942.0,29.46,23.62,-0.7071067811865471,-0.7071067811865479,-0.9749279121818236,-0.2225209339563146,0.49999999999999994,0.8660254037844387,122.4075,157.4325,120.715,113.58083333333333,21.313807561147797,140.1875
2026-01-17 16:00:00+00:00,140.1875,17.0,5.0,1.0,True,False,False,True,False,15862.0275,12508.156979166668,9.213583333333334,82.09666666666666,1375.31266,0.0,1237.51275,0.0,0.0,622.365,501.195,0.0,170.375,75.13,-1375.3,-1237.5,622.375,-501.175,-95.25,-1658.775,3.235,3.5625,3.7725,3.75,173.0,100.75,103.0,131.75,4.225,6.625,1019.225,1.2691,28.25,6.2250000000000005,22.025000000000002,68.5,82.75,8.9,8.0,5.95,82.5,1019.05,16.0,87.5,6.5,97.5,10.0,0.0,0.0,4596.0,32528.0,0.0,29.46,23.62,-0.8660254037844384,-0.5000000000000004,-0.9749279121818236,-0.2225209339563146,0.49999999999999994,0.8660254037844387,134.085,166.825,132.655,112.4709375,18.987194323219025,142.84750000000003
2026-01-17 17:00:00+00:00,142.84750000000003,18.0,5.0,1.0,True,False,False,True,False,15374.6725,12459.611625000001,8.143666666666666,63.965,1322.2413325,0.0,1445.9855,0.0,0.0,622.4875,886.8025,0.0,52.53,9.425,-1322.225,-1446.0,622.5,-886.8,-43.099999999999994,-1991.175,3.7425,4.6825,4.88,5.585,82.5,105.5,107.5,118.5,4.95,6.25,1019.7,1.271425,0.0,0.0,0.0,0.0,69.5,8.3,7.5,5.6,83.5,1019.725,16.0,85.5,5.5,100.0,10.0,0.0,0.0,4021.5,83548.625,22221.75,29.46,23.62,-0.9659258262890683,-0.25881904510252063,-0.9749279121818236,-0.2225209339563146,0.49999999999999994,0.8660254037844387,140.1875,161.10999999999999,133.95000000000002,111.71,17.238596908379257,138.5875
2026-01-17 18:00:00+00:00,138.5875,19.0,5.0,1.0,True,False,False,True,False,14930.0195,12411.066270833335,6.925416666666666,20.618333333333332,1387.4284225000001,0.0,1565.4635,0.0,0.0,622.6675,1033.6275,0.0,315.815,0.0,-1387.4250000000002,-1565.5,622.675,-1033.625,-315.8,-2505.55,3.8825000000000003,5.3774999999999995,5.7325,5.9975,80.75,98.0,99.5,124.5,5.075,6.225,1020.15,1.2721,0.0,0.0,0.0,0.0,83.5,7.85,6.5,5.35,85.0,1020.21,16.0,80.5,6.5,100.0,10.0,0.0,0.0,3447.0,134569.25,44443.5,29.46,23.62,-1.0,-1.8369701987210297e-16,-0.9749279121818236,-0.2225209339563146,0.49999999999999994,0.8660254037844387,142.84750000000003,153.21,128.0025,111.10072916666667,15.91571971216151,119.55000000000001
2026-01-17 19:00:00+00:00,119.55000000000001,20.0,5.0,1.0,True,False,False,True,False,14394.8345,12362.520916666668,6.897,12.453333333333335,1207.2925925,0.0,1913.45925,0.0,0.0,622.4875,1034.29,0.0,545.3575,0.0,-1207.3,-1913.5,622.475,-1034.3,-545.35,-2642.825,3.795,5.0675,5.39,6.2575,76.75,116.5,117.5,122.0,5.35,6.25,1020.5,1.272425,0.0,0.0,0.0,0.0,68.75,6.95,5.5,5.05,88.0,1020.5150000000001,16.0,77.0,6.5,90.0,10.0,0.0,0.0,2872.5,185589.875,66665.25,29.46,23.62,-0.9659258262890684,0.2588190451025203,-0.9749279121818236,-0.2225209339563146,0.49999999999999994,0.8660254037844387,138.5875,133.0,119.19,110.54031250000001,15.337376329407011,107.625
2026-01-17 20:00:00+00:00,107.625,21.0,5.0,1.0,True,False,False,True,False,13911.89675,12313.9755625,5.694333333333333,-28.23,821.164905,0.0,2026.08625,0.0,0.0,594.1675,1074.6825,0.0,696.46,0.0,-821.175,-2026.1,594.15,-1074.675,-696.45,-2504.625,3.695,5.157500000000001,5.4775,5.890000000000001,159.75,114.5,114.75,123.0,5.475,6.4,1020.9,1.272225,0.0,0.0,0.0,0.0,61.25,6.45,5.0,4.6,88.5,1020.75,15.0,67.5,7.0,100.0,7.5,0.0,0.0,2298.0,236610.5,88887.0,29.46,23.62,-0.8660254037844386,0.5000000000000001,-0.9749279121818236,-0.2225209339563146,0.49999999999999994,0.8660254037844387,119.55000000000001,116.59,111.2075,110.16677083333333,15.292736437944457,108.9925
2026-01-17 21:00:00+00:00,108.9925,22.0,5.0,1.0,True,False,False,True,False,13373.838749999999,12265.430208333333,6.05625,5.298333333333333,722.2836475,158.81225,2016.4095,0.0,0.0,621.8225,1074.0725,0.0,557.37,0.0,-563.475,-2016.4,621.8,-1074.05,-557.375,-2077.2,4.1450000000000005,5.335,5.55,5.465,72.5,106.5,106.5,118.75,5.425,6.324999999999999,1021.2,1.272975,0.0,0.0,0.0,0.0,83.75,5.800000000000001,4.0,4.25,89.5,1021.05,14.5,72.5,9.0,95.0,7.5,0.0,0.0,1723.5,287631.125,111108.75,29.46,23.62,-0.7071067811865477,0.7071067811865474,-0.9749279121818236,-0.2225209339563146,0.49999999999999994,0.8660254037844387,107.625,116.05,106.5275,109.87270833333334,15.242461142934168,107.0225
2026-01-17 22:00:00+00:00,107.0225,23.0,5.0,1.0,True,False,False,True,False,12615.28025,12216.884854166667,5.646,-17.14333333333333,308.402515,492.775,1653.19125,0.0,0.0,615.585,1072.2024999999999,0.0,0.0,80.4625,184.4,-1653.2,615.575,-1072.1999999999998,80.45,-605.0749999999999,4.0025,4.745,4.9425,4.785,76.5,103.75,103.75,133.0,5.425,6.275,1021.3,1.2733249999999998,0.0,0.0,0.0,0.0,83.5,5.5,4.0,4.05,90.5,1021.19,14.5,72.5,8.0,92.5,7.5,0.0,0.0,1149.0,338651.75,133330.5,29.46,23.62,-0.5000000000000004,0.8660254037844384,-0.9749279121818236,-0.2225209339563146,0.49999999999999994,0.8660254037844387,108.9925,102.6225,98.1975,110.05604166666667,15.177789549433786,110.715
2026-01-17 23:00:00+00:00,110.715,0.0,6.0,1.0,True,False,False,True,False,13321.142,12168.3395,5.659416666666667,-29.791666666666668,74.54251,501.50025,1256.6005,0.0,0.0,622.0025,1050.5425,0.0,0.0,312.57,426.95,-1256.6,622.0,-1050.525,312.55,-3.1500000000000057,4.5725,5.4125,5.5925,5.4175,84.25,109.0,109.0,116.0,5.45,6.525,1021.55,1.2725,0.0,0.0,0.0,0.0,81.75,4.85,2.5,3.65,92.0,1021.3,14.0,75.0,9.0,92.5,7.5,0.0,0.0,574.5,389672.375,155552.25,29.46,23.62,-0.25881904510252157,0.9659258262890681,-0.9749279121818236,-0.2225209339563146,0.49999999999999994,0.8660254037844387,107.0225,104.5025,96.9025,110.31489583333335,15.131863973934326,109.19
2026-01-18 00:00:00+00:00,109.19,1.0,6.0,1.0,True,False,False,True,False,13157.673,12009.743750000001,4.969833333333333,-11.729999999999999,117.26581999999999,639.514,1111.0895,0.0,0.0,619.7675,1080.245,0.0,0.0,463.76,522.25,-1111.1,619.75,-1080.275,463.775,247.77499999999998,5.335,5.7375,5.925,5.35,73.5,89.0,89.0,101.5,6.449999999999999,6.125,1021.55,1.2743250000000002,0.0,0.0,0.0,0.0,69.25,4.55,2.5,3.4499999999999997,93.0,1021.2,13.5,66.5,9.0,107.5,7.5,0.0,0.0,0.0,440693.0,177774.0,29.46,23.62,0.0,1.0,-0.7818314824680299,0.6234898018587334,0.49999999999999994,0.8660254037844387,110.715,101.245,92.7475,110.6459375,15.011239734824576,107.39
2026-01-18 01:00:00+00:00,107.39,2.0,6.0,1.0,True,False,False,True,False,12892.7085,11667.65475,7.850499999999999,56.865,532.996665,685.3795,1059.774,0.0,0.0,612.9275,1079.25,0.0,0.0,376.2125,152.375,-1059.8,612.925,-1079.225,376.2,-202.675,4.645,6.2825,6.5175,6.225,87.5,116.5,116.5,114.75,5.425,6.375,1021.475,1.2731,0.0,0.0,0.0,0.0,71.5,3.75,1.5,3.15,95.0,1021.1949999999999,10.5,50.5,8.0,107.5,5.0,0.0,0.0,0.0,378261.0,260263.0,29.46,23.62,0.25881904510252074,0.9659258262890683,-0.7818314824680299,0.6234898018587334,0.49999999999999994,0.8660254037844387,109.19,98.14750000000001,88.035,111.03104166666668,14.793637272796557,102.53999999999999
2026-01-18 02:00:00+00:00,102.53999999999999,3.0,6.0,1.0,True,False,False,True,False,12764.05325,11393.569,6.8870000000000005,44.84166666666667,429.3016725,577.3995,1036.51825,0.0,0.0,616.4975,1076.2925,0.0,0.0,524.8275,148.075,-1036.5,616.5,-1076.3,524.825,-46.00000000000002,5.055,5.8825,6.0925,6.11,92.5,123.25,123.25,121.25,5.8500000000000005,6.025,1021.65,1.274925,0.0,0.0,0.0,0.0,98.5,3.55,1.5,2.85,95.0,1021.4000000000001,10.5,57.5,9.0,102.5,5.0,0.0,0.0,0.0,353168.0,302250.0,29.46,23.62,0.49999999999999994,0.8660254037844387,-0.7818314824680299,0.6234898018587334,0.49999999999999994,0.8660254037844387,107.39,96.0,84.86,111.30354166666667,14.56316468751203,102.235
2026-01-18 03:00:00+00:00,102.235,4.0,6.0,1.0,True,False,False,True,False,12675.81525,11129.8985,7.690333333333332,47.82666666666667,535.088335,546.54025,1120.177,0.0,0.0,613.41,1069.205,0.0,0.0,444.4825,11.450000000000001,-1120.2,613.425,-1069.2,444.5,-279.875,5.015000000000001,5.3725000000000005,5.545,5.2775,86.25,105.25,105.25,125.25,6.225,5.875,1021.475,1.2753999999999999,0.0,0.0,0.0,0.0,100.0,3.15,1.0,2.55,95.5,1021.12,10.0,58.0,9.0,90.0,5.0,0.0,0.0,0.0,413609.0,250055.0,29.46,23.62,0.7071067811865475,0.7071067811865476,-0.7818314824680299,0.6234898018587334,0.49999999999999994,0.8660254037844387,102.53999999999999,94.74000000000001,82.68,111.61583333333333,14.269943360592238,102.08
2026-01-18 04:00:00+00:00,102.08,5.0,6.0,1.0,True,False,False,True,False,12626.20675,11058.16,8.528166666666667,64.18,382.544175,573.82275,1409.91625,0.0,0.0,617.5799999999999,1062.805,0.0,0.0,418.61,191.275,-1409.9,617.6,-1062.8000000000002,418.625,-187.82500000000002,5.415,5.217499999999999,5.41,5.9875,85.75,101.5,101.5,119.25,6.5,5.8,1021.2,1.275375,0.0,0.0,0.0,0.0,96.5,2.8499999999999996,0.5,2.4,96.0,1020.95,9.0,67.5,9.0,90.0,7.5,0.0,0.0,0.0,416265.0,349500.0,29.46,23.62,0.8660254037844386,0.5000000000000001,-0.7818314824680299,0.6234898018587334,0.49999999999999994,0.8660254037844387,102.235,94.3725,82.255,111.93697916666667,13.948108586502661,101.0475
2026-01-18 05:00:00+00:00,101.0475,6.0,6.0,1.0,True,False,False,True,False,12755.97275,11131.5,6.976249999999999,20.105,163.50001,601.156,1543.5065,0.0,0.0,617.705,890.96,0.0,41.9625,301.0725,437.675,-1543.5,617.7,-890.95,259.09999999999997,37.65000000000003,5.49,5.745,5.95,6.4625,98.0,112.25,112.25,110.0,6.5249999999999995,5.8500000000000005,1021.175,1.27515,0.0,0.0,0.0,0.0,100.0,2.8,0.5,2.1,94.5,1020.9100000000001,10.5,70.0,8.0,90.0,7.5,0.0,0.0,0.0,294408.0,383976.0,29.46,23.62,0.9659258262890683,0.25881904510252074,-0.7818314824680299,0.6234898018587334,0.49999999999999994,0.8660254037844387,102.08,94.25,81.6025,112.22020833333333,13.638931069390946,100.3225
2026-01-18 06:00:00+00:00,100.3225,7.0,6.0,1.0,True,False,False,True,False,13127.6665,11539.836,5.4398333333333335,8.271666666666667,1.69,1108.3920925,1418.758,0.0,0.0,543.505,757.6225000000001,0.0,88.7025,0.0,1106.7,-1418.8,543.525,-757.65,-88.7,449.20000000000005,6.1025,6.46,6.7,6.6975,97.5,110.75,110.75,119.5,7.5,4.975,1021.15,1.2791000000000001,0.0,0.0,0.0,0.0,100.0,2.45,0.0,1.85,94.0,1021.02,11.0,75.0,9.0,90.0,7.5,0.0,0.0,0.0,317081.0,412841.0,29.46,23.62,1.0,6.123233995736766e-17,-0.7818314824680299,0.6234898018587334,0.49999999999999994,0.8660254037844387,101.0475,96.24000000000001,84.25999999999999,112.39031250000001,13.45518179058466,105.435
2026-01-18 07:00:00+00:00,105.435,8.0,6.0,1.0,True,False,False,True,False,13710.84475,12125.722,5.7925,15.120000000000001,0.0,1562.0485025,1568.6555,0.0,0.0,622.3025,563.8050000000001,0.0,35.879999999999995,2.5374999999999996,1562.025,-1568.7,622.325,-563.8,-33.35,1195.05,6.0,6.640000000000001,6.875,6.91,101.25,110.25,110.25,116.25,7.35,5.25,1021.175,1.27785,0.0,0.0,0.0,0.0,89.25,2.0,-0.5,1.5,95.0,1021.2,10.5,74.0,8.0,80.0,10.0,0.0,0.0,0.0,434393.0,400489.0,29.46,23.62,0.9659258262890683,-0.25881904510252063,-0.7818314824680299,0.6234898018587334,0.49999999999999994,0.8660254037844387,100.3225,104.25,91.84,112.4396875,13.42615433691087,107.4075
2026-01-18 08:00:00+00:00,107.4075,9.0,6.0,1.0,True,False,False,True,False,14175.62625,11966.45725,8.216666666666667,82.70333333333333,0.0,1250.1236675,1266.38925,0.0,0.0,563.6025,1018.3475,0.0,61.9975,166.4575,1250.125,-1266.4,563.625,-1018.35,104.475,583.25,5.7175,6.2975,6.52,6.737500000000001,111.75,121.0,121.0,125.75,6.85,5.15,1021.375,1.2786,2.0,0.0,2.0,0.0,76.25,2.0,-1.0,1.55,96.0,1021.45,9.5,69.5,9.0,87.5,7.5,0.0,0.0,774106.0,481703.0,429498.0,29.46,23.62,0.8660254037844387,-0.49999999999999983,-0.7818314824680299,0.6234898018587334,0.49999999999999994,0.8660254037844387,105.435,114.3175,100.8725,112.15177083333333,13.45818725032396,101.91
2026-01-18 09:00:00+00:00,101.91,10.0,6.0,1.0,True,False,False,True,False,14407.3315,11213.87375,6.139583333333333,-46.31666666666667,228.9583375,803.0725,2076.35025,0.0,0.0,269.19,498.72,0.0,102.2775,183.7225,574.125,-2076.4,269.175,-498.70000000000005,81.425,-93.04999999999998,5.2725,5.8825,6.1,6.3774999999999995,111.25,121.25,121.0,132.25,6.45,4.3,1021.4749999999999,1.2826499999999998,49.0,11.925,37.075,104.875,100.0,2.25,-0.5,1.75,95.5,1021.64,10.5,62.5,9.5,95.0,5.0,0.0,0.0,3482319.0,374077.0,490968.0,29.46,23.62,0.7071067811865476,-0.7071067811865475,-0.7818314824680299,0.6234898018587334,0.49999999999999994,0.8660254037844387,107.4075,110.26,98.30250000000001,111.80385416666667,13.616221882675847,98.4425
2026-01-18 10:00:00+00:00,98.4425,11.0,6.0,1.0,True,False,False,True,False,14585.53075,10342.57175,5.7651666666666666,-57.55333333333333,864.6091625,652.35,1776.42125,0.0,0.0,306.3225,1029.31,0.0,133.715,25.4775,-212.275,-1776.4,306.325,-1029.325,-108.25,-1487.6,5.14,5.64,5.85,6.2524999999999995,113.5,116.0,116.0,129.5,6.25,5.375,1021.45,1.277625,102.25,31.125,71.125,156.85,78.75,3.1500000000000004,1.8,2.35,94.5,1021.53,12.0,59.5,7.5,95.0,5.0,0.0,0.0,5293738.0,317526.0,603951.0,29.46,23.62,0.49999999999999994,-0.8660254037844387,-0.7818314824680299,0.6234898018587334,0.49999999999999994,0.8660254037844387,101.91,98.5675,97.67500000000001,111.79864583333335,13.62152791777715,96.855
2026-01-18 11:00:00+00:00,96.855,12.0,6.0,1.0,True,False,False,True,False,14678.2785,9613.02775,9.622333333333334,280.02333333333337,833.8224849999999,886.79175,2234.1325,0.0,0.0,0.0,1070.815,0.0,623.45,0.0,52.949999999999996,-2234.1,231.875,-1070.825,-623.425,-2199.85,5.4775,5.9399999999999995,6.175,6.24,106.25,113.75,113.75,133.5,6.775,5.2,1021.0999999999999,1.277975,175.25,76.475,98.775,287.825,99.25,4.15,2.85,2.7,90.5,1021.2,16.0,39.5,6.5,95.0,0.0,1.0,0.0,6405487.0,231860.0,567867.0,29.46,23.62,0.258819045102521,-0.9659258262890682,-0.7818314824680299,0.6234898018587334,0.49999999999999994,0.8660254037844387,98.4425,102.855,96.365,111.54864583333334,13.846020107409288,96.9625
2026-01-18 12:00:00+00:00,96.9625,13.0,6.0,1.0,True,False,False,True,False,14730.1805,9713.4915,9.120833333333334,112.15666666666667,861.2741875,720.85175,1912.98125,0.0,0.0,157.43,1069.6975,0.0,550.3275,0.0,-140.45,-1913.0,157.425,-1069.7,-550.325,-2081.25,4.9075,5.49,5.6925,5.9225,112.5,123.5,123.5,144.25,6.25,5.025,1020.4250000000001,1.277975,225.25,115.75,109.5,389.675,88.0,4.949999999999999,3.9,3.45,89.5,1020.5450000000001,16.0,31.5,7.5,95.0,0.0,1.0,0.0,6256299.0,260535.0,806163.0,29.46,23.62,1.2246467991473532e-16,-1.0,-0.7818314824680299,0.6234898018587334,0.49999999999999994,0.8660254037844387,96.855,102.7225,94.3975,111.30864583333333,14.05401795362697,100.7825
2026-01-18 13:00:00+00:00,100.7825,14.0,6.0,1.0,True,False,False,True,False,15045.45725,10378.015500000001,8.825833333333332,73.105,690.0866725,603.5245,1389.56775,0.0,0.0,133.755,1043.2325,0.0,526.27,0.0,-86.55000000000001,-1389.6,133.775,-1043.25,-526.275,-1869.7,4.8975,5.8975,6.115,6.05,118.75,124.75,124.75,147.0,5.825,5.45,1019.775,1.275225,208.25,102.6,105.65,352.575,100.0,5.300000000000001,4.7,3.45,88.5,1019.975,15.0,20.0,6.5,90.0,0.0,1.0,0.0,5353942.0,415875.0,1074028.0,29.46,23.62,-0.2588190451025208,-0.9659258262890683,-0.7818314824680299,0.6234898018587334,0.49999999999999994,0.8660254037844387,96.9625,107.57,95.625,111.02583333333335,14.200057192679894,105.16499999999999
2026-01-18 14:00:00+00:00,105.16499999999999,15.0,6.0,1.0,True,False,False,True,False,15464.582999999999,11545.177749999999,9.583333333333334,91.57666666666667,348.8199975,604.9745,1051.6695,0.0,0.0,0.0,959.52,0.0,579.8875,0.0,256.15,-1051.7,164.4625,-959.5,-579.9,-1546.175,4.82,5.9325,6.14,5.9,110.25,122.25,122.25,147.25,6.075,5.525,1019.35,1.274325,154.25,62.9,91.35,257.25,98.5,5.65,4.5,3.5,86.0,1019.595,16.0,17.0,5.0,90.0,0.0,0.0,0.0,3370315.0,462703.0,1145310.0,29.46,23.62,-0.4999999999999998,-0.8660254037844388,-0.7818314824680299,0.6234898018587334,0.49999999999999994,0.8660254037844387,100.7825,122.4075,97.875,110.30739583333333,14.034393670380522,114.195
2026-01-18 15:00:00+00:00,114.195,16.0,6.0,1.0,True,False,False,True,False,15996.33425,12694.388,7.4079999999999995,34.3,423.6225,358.38725,376.41425,0.0,0.0,97.56,1052.2150000000001,0.0,382.15250000000003,28.845,-65.25,-376.4,195.15,-1052.225,-353.325,-1467.3000000000002,4.5825,5.5775,5.79,5.404999999999999,106.5,120.25,120.5,146.5,6.0,5.5,1019.1,1.274125,101.5,34.7,66.8,214.27499999999998,93.75,5.45,4.0,3.6999999999999997,88.5,1019.575,16.0,12.5,7.0,70.0,0.0,0.0,0.0,877219.0,572654.0,1013237.0,29.46,23.62,-0.7071067811865471,-0.7071067811865479,-0.7818314824680299,0.6234898018587334,0.49999999999999994,0.8660254037844387,105.16499999999999,134.085,107.695,109.47864583333332,13.127190334403302,130.2325
2026-01-18 16:00:00+00:00,130.2325,17.0,6.0,1.0,True,False,False,True,False,16528.264750000002,12646.514375,8.783,72.94833333333332,2.7925,540.7716725,1216.122,0.0,0.0,479.0,980.4175,0.0,105.2425,11.7075,537.975,-1216.1,479.02500000000003,-980.4,-93.525,-361.0,5.82,6.46,6.6975,6.0125,109.0,119.0,119.0,143.25,6.9,5.525,1018.95,1.27385,28.0,5.675,22.325,60.85,83.0,4.2,2.0,2.5,89.0,1019.365,15.0,13.5,10.0,85.0,7.5,0.0,0.0,4118.0,211486.0,272718.0,29.46,23.62,-0.8660254037844384,-0.5000000000000004,-0.7818314824680299,0.6234898018587334,0.49999999999999994,0.8660254037844387,114.195,140.1875,112.5125,109.06385416666666,12.242107283861074,141.515
2026-01-18 17:00:00+00:00,141.515,18.0,6.0,1.0,True,False,False,True,False,16252.27125,12598.64075,9.383166666666666,142.37333333333333,0.0,1325.62317,1914.4005,0.0,0.0,204.82,1076.9775,0.0,507.1775,0.0,1325.625,-1914.4,273.06666666666666,-1076.975,-507.17499999999995,-532.3000000000001,6.145,7.1175,7.385,6.705,115.75,121.75,121.75,143.75,7.425,5.55,1018.925,1.273725,0.0,0.0,0.0,0.0,75.75,3.6500000000000004,1.0,2.35,91.0,1019.565,14.5,29.0,11.5,95.0,2.5,0.0,0.0,3603.25,463416.875,349022.875,29.46,23.62,-0.9659258262890683,-0.25881904510252063,-0.7818314824680299,0.6234898018587334,0.49999999999999994,0.8660254037844387,130.2325,142.84750000000003,98.5325,109.00833333333333,12.08423253275996,123.785
2026-01-18 18:00:00+00:00,123.785,19.0,6.0,1.0,True,False,False,True,False,15874.02725,12550.767125,6.230833333333334,10.485000000000001,0.0,1844.423675,2193.0025,0.0,0.0,0.0,1075.5075000000002,0.0,693.815,0.0,1844.4,-2193.0,239.32083333333333,-1075.5,-693.8,-473.15,6.54,8.0125,8.315000000000001,8.23,120.0,125.75,125.75,141.25,8.025,5.45,1019.0,1.274225,0.0,0.0,0.0,0.0,76.5,3.4,0.5,2.3,93.0,1019.585,13.5,41.0,11.5,95.0,5.0,0.0,0.0,3088.5,715347.75,425327.75,29.46,23.62,-1.0,-1.8369701987210297e-16,-0.7818314824680299,0.6234898018587334,0.49999999999999994,0.8660254037844387,141.515,138.5875,91.235,108.3915625,10.820577362753438,115.92
2026-01-18 19:00:00+00:00,115.92,20.0,6.0,1.0,True,False,False,True,False,15444.2845,12502.8935,5.321166666666667,-80.57333333333332,0.0,1171.04116,1842.01175,0.0,0.0,205.58999999999997,1074.835,0.0,633.115,0.0,1171.025,-1842.0,205.575,-1074.825,-633.1,-791.8000000000001,7.1025,8.43,8.765,8.7925,121.5,127.5,127.5,140.25,8.65,5.375,1018.85,1.2744,0.0,0.0,0.0,0.0,45.0,3.2,0.5,2.4,93.5,1019.5,12.0,44.0,11.5,105.0,5.0,0.0,0.0,2573.75,967278.625,501632.625,29.46,23.62,-0.9659258262890684,0.2588190451025203,-0.7818314824680299,0.6234898018587334,0.49999999999999994,0.8660254037844387,123.785,119.55000000000001,90.03,108.2403125,10.682309998730814,106.9875
2026-01-18 20:00:00+00:00,106.9875,21.0,6.0,1.0,True,False,False,True,False,14921.42,12455.019875,5.310833333333333,-77.00666666666666,0.0,669.38917,1482.264,0.0,0.0,430.0,1074.7875,0.0,645.2674999999999,0.0,669.4,-1482.3,430.025,-1074.775,-645.25,-991.225,6.635,7.82,8.145,9.032499999999999,132.5,136.25,136.25,150.0,8.825,5.2,1018.75,1.275075,0.0,0.0,0.0,0.0,48.5,3.0999999999999996,0.0,2.3499999999999996,94.0,1019.4000000000001,12.5,47.5,11.5,105.0,5.0,0.0,0.0,2059.0,1219209.5,577937.5,29.46,23.62,-0.8660254037844386,0.5000000000000001,-0.7818314824680299,0.6234898018587334,0.49999999999999994,0.8660254037844387,115.92,107.625,88.4,108.21374999999999,10.684698882860864,106.6875
2026-01-18 21:00:00+00:00,106.6875,22.0,6.0,1.0,True,False,False,True,False,14289.1135,12407.14625,5.312833333333333,-45.044999999999995,130.1875,575.2616625,1682.54375,0.0,0.0,410.86,1069.2125,0.0,634.6175,0.0,445.07500000000005,-1682.5,410.875,-1069.225,-634.625,-1268.525,5.9675,6.970000000000001,7.2299999999999995,8.04,135.5,139.25,139.25,154.75,8.025,5.0,1018.825,1.276125,0.0,0.0,0.0,0.0,44.25,2.65,-0.5,2.2,96.0,1019.365,9.5,50.0,12.0,117.5,5.0,0.0,0.0,1544.25,1471140.375,654242.375,29.46,23.62,-0.7071067811865477,0.7071067811865474,-0.7818314824680299,0.6234898018587334,0.49999999999999994,0.8660254037844387,106.9875,108.9925,91.18,108.11770833333333,10.687753630773791,103.76
